,patch,gameid,result,date,side,firstPick,top,jng,mid,bot,sup,ban1,ban2,ban3,ban4,ban5,opp_top,opp_jng,opp_mid,opp_bot,opp_sup
0,16.4,NA1_5501444774,1,,Blue,1,Kayle,Rengar,Katarina,Jhin,Bard,Bel'Veth,Yasuo,Jax,Graves,Neeko,Varus,Kayn,Zed,Kai'Sa,Janna
1,16.4,NA1_5501444774,0,,Red,0,Varus,Kayn,Zed,Kai'Sa,Janna,Pyke,,Kha'Zix,Yasuo,LeBlanc,Kayle,Rengar,Katarina,Jhin,Bard
2,16.4,NA1_5502133984,0,,Blue,1,Nasus,Brand,Corki,Yunara,Nautilus,Sivir,Ambessa,,Swain,Zilean,Akali,Jarvan IV,Tristana,Xayah,Bard
3,16.4,NA1_5502133984,1,,Red,0,Akali,Jarvan IV,Tristana,Xayah,Bard,Rengar,Lucian,Kennen,Akshan,Ryze,Nasus,Brand,Corki,Yunara,Nautilus
4,16.4,NA1_5501381664,1,,Blue,1,Ambessa,Pantheon,Anivia,Jhin,Zilean,Draven,Kha'Zix,Nautilus,Tryndamere,Syndra,Renekton,Vi,Vladimir,Caitlyn,Neeko
5,16.4,NA1_5501381664,0,,Red,0,Renekton,Vi,Vladimir,Caitlyn,Neeko,Riven,Zed,Shaco,Draven,Akali,Ambessa,Pantheon,Anivia,Jhin,Zilean
6,16.4,NA1_5497044704,1,,Blue,1,Varus,Graves,Zoe,Seraphine,Sona,Lux,Rengar,Blitzcrank,Riven,Bel'Veth,LeBlanc,Naafiri,Zed,Aurelion Sol,Senna
7,16.4,NA1_5497044704,0,,Red,0,LeBlanc,Naafiri,Zed,Aurelion Sol,Senna,Ambessa,Sion,Karthus,Kennen,Draven,Varus,Graves,Zoe,Seraphine,Sona
8,16.4,NA1_5495751395,0,,Blue,1,Ornn,Kha'Zix,Orianna,Yunara,Nautilus,Zed,Udyr,Gwen,Irelia,Rengar,Renekton,Jayce,Ahri,Varus,Bard
9,16.4,NA1_5495751395,1,,Red,0,Renekton,Jayce,Ahri,Varus,Bard,Neeko,Ambessa,Zac,,Riven,Ornn,Kha'Zix,Orianna,Yunara,Nautilus
10,16.4,NA1_5501868147,1,,Blue,1,Anivia,Hecarim,Zoe,Viktor,Seraphine,Yasuo,Aatrox,Talon,Qiyana,Thresh,Udyr,Naafiri,Camille,Smolder,Bard
11,16.4,NA1_5501868147,0,,Red,0,Udyr,Naafiri,Camille,Smolder,Bard,Mel,Lee Sin,Kassadin,Master Yi,Ambessa,Anivia,Hecarim,Zoe,Viktor,Seraphine
12,16.4,NA1_5498762941,1,,Blue,1,Gwen,Master Yi,Viktor,Lux,Janna,Twitch,Pyke,Rengar,Akali,Kha'Zix,Singed,Ambessa,Ahri,Corki,Nautilus
13,16.4,NA1_5498762941,0,,Red,0,Singed,Ambessa,Ahri,Corki,Nautilus,Kayle,Yasuo,Kha'Zix,Rengar,Ryze,Gwen,Master Yi,Viktor,Lux,Janna
14,16.4,NA1_5501337740,1,,Blue,1,Akali,Aatrox,Taliyah,Kog'Maw,Nami,Karma,Yasuo,Bard,Darius,Rengar,Kennen,Nunu & Willump,Irelia,Heimerdinger,Alistar
15,16.4,NA1_5501337740,0,,Red,0,Kennen,Nunu & Willump,Irelia,Heimerdinger,Alistar,Cassiopeia,Ambessa,Kayn,Nasus,Karma,Akali,Aatrox,Taliyah,Kog'Maw,Nami
16,16.4,NA1_5500263615,1,,Blue,1,Jayce,Graves,Aurora,Teemo,Nami,Sona,Nunu & Willump,Yasuo,Draven,Ivern,Yorick,Ekko,Qiyana,Lux,Janna
17,16.4,NA1_5500263615,0,,Red,0,Yorick,Ekko,Qiyana,Lux,Janna,Ambessa,,Ahri,,Jax,Jayce,Graves,Aurora,Teemo,Nami
18,16.4,NA1_5501162637,0,,Blue,1,Riven,Kha'Zix,Anivia,Taliyah,Nami,Jax,Ambessa,Draven,Ahri,,Kennen,Camille,Azir,Lucian,Bard
19,16.4,NA1_5501162637,1,,Red,0,Kennen,Camille,Azir,Lucian,Bard,Draven,Shaco,Akali,Pyke,Syndra,Riven,Kha'Zix,Anivia,Taliyah,Nami
20,16.4,NA1_5502032063,0,,Blue,1,Kayle,Dr. Mundo,Akshan,Sivir,Karma,Yasuo,Zaahen,Ambessa,Tryndamere,Master Yi,Darius,Lee Sin,Ryze,Karthus,Senna
21,16.4,NA1_5502032063,1,,Red,0,Darius,Lee Sin,Ryze,Karthus,Senna,Nautilus,,Zed,Yasuo,Graves,Kayle,Dr. Mundo,Akshan,Sivir,Karma
22,16.4,NA1_5498391540,1,,Blue,1,Volibear,Zaahen,Azir,Vladimir,Nautilus,Fiddlesticks,Jax,Rengar,,Braum,Gangplank,Ambessa,Annie,Mel,Neeko
23,16.4,NA1_5498391540,0,,Red,0,Gangplank,Ambessa,Annie,Mel,Neeko,Syndra,Karma,Riven,Leona,Poppy,Volibear,Zaahen,Azir,Vladimir,Nautilus
24,16.4,NA1_5501292470,0,,Blue,1,Jayce,Ambessa,Kog'Maw,Cassiopeia,Rell,Sivir,,Ekko,Pyke,Rumble,Briar,Talon,Lux,Kai'Sa,Leona
25,16.4,NA1_5501292470,1,,Red,0,Briar,Talon,Lux,Kai'Sa,Leona,Graves,Vayne,Katarina,Mel,Jax,Jayce,Ambessa,Kog'Maw,Cassiopeia,Rell
26,16.3,NA1_5495342938,1,,Blue,1,Jayce,Talon,Anivia,Mel,Pyke,Sivir,Malzahar,Rengar,Riven,Kha'Zix,Lucian,Nocturne,Zoe,Yunara,Nami
27,16.3,NA1_5495342938,0,,Red,0,Lucian,Nocturne,Zoe,Yunara,Nami,Draven,Akshan,Rumble,Poppy,Ambessa,Jayce,Talon,Anivia,Mel,Pyke
28,16.4,NA1_5499752649,0,,Blue,1,Sion,Zaahen,Ambessa,Viktor,Annie,Pyke,Kassadin,Urgot,Fiora,Graves,Nocturne,Gwen,Yone,Mel,Fiddlesticks
29,16.4,NA1_5499752649,1,,Red,0,Nocturne,Gwen,Yone,Mel,Fiddlesticks,Ezreal,Pyke,Akali,Fiora,Kha'Zix,Sion,Zaahen,Ambessa,Viktor,Annie
30,16.4,NA1_5501307516,0,,Blue,1,Aatrox,Ekko,Ahri,Ezreal,Sona,Mel,Pyke,Rengar,Malphite,Gwen,Jayce,Zac,Orianna,Kai'Sa,Nami
31,16.4,NA1_5501307516,1,,Red,0,Jayce,Zac,Orianna,Kai'Sa,Nami,Zoe,Riven,Nautilus,Nunu & Willump,Poppy,Aatrox,Ekko,Ahri,Ezreal,Sona
32,16.4,NA1_5497655785,1,,Blue,1,Rengar,Kha'Zix,Taliyah,Kog'Maw,Alistar,Darius,Karma,Shaco,Akali,Lux,Kayle,Zaahen,Galio,Tristana,Nami
33,16.4,NA1_5497655785,0,,Red,0,Kayle,Zaahen,Galio,Tristana,Nami,Graves,Sona,Ambessa,Jax,Zoe,Rengar,Kha'Zix,Taliyah,Kog'Maw,Alistar
34,16.3,NA1_5493903590,0,,Blue,1,Aurora,Ambessa,Kassadin,Aphelios,Thresh,Lux,Caitlyn,Rengar,,Akali,Jayce,Graves,Zac,Yunara,Sona
35,16.3,NA1_5493903590,1,,Red,0,Jayce,Graves,Zac,Yunara,Sona,Poppy,Ezreal,Shaco,Rengar,Qiyana,Aurora,Ambessa,Kassadin,Aphelios,Thresh
36,16.4,NA1_5499206619,0,,Blue,1,Zaahen,Graves,Ryze,Vladimir,Karma,Kha'Zix,Qiyana,Jinx,Braum,Vayne,Yone,Darius,Anivia,Veigar,Nami
37,16.4,NA1_5499206619,1,,Red,0,Yone,Darius,Anivia,Veigar,Nami,Gwen,Renekton,Pyke,,Rengar,Zaahen,Graves,Ryze,Vladimir,Karma
38,16.4,NA1_5500459468,1,,Blue,1,Heimerdinger,Camille,Dr. Mundo,Yasuo,Alistar,Azir,Kha'Zix,Akali,Shaco,Cassiopeia,Jax,Naafiri,Zed,Ezreal,Pantheon
39,16.4,NA1_5500459468,0,,Red,0,Jax,Naafiri,Zed,Ezreal,Pantheon,Nasus,Gwen,Jhin,Lulu,Ambessa,Heimerdinger,Camille,Dr. Mundo,Yasuo,Alistar
40,16.4,NA1_5499580485,1,,Blue,1,Aurora,Jayce,Riven,Mel,Leona,Ambessa,,Bel'Veth,Azir,Rengar,Shen,Nidalee,Sylas,Aphelios,Anivia
41,16.4,NA1_5499580485,0,,Red,0,Shen,Nidalee,Sylas,Aphelios,Anivia,Tryndamere,Zaahen,Taliyah,Gwen,Ezreal,Aurora,Jayce,Riven,Mel,Leona
42,16.4,NA1_5495989263,1,,Blue,1,Urgot,Nocturne,Brand,Varus,Karma,Ambessa,Draven,Fiora,Zed,Fizz,Aatrox,Jayce,Ryze,Taliyah,Senna
43,16.4,NA1_5495989263,0,,Red,0,Aatrox,Jayce,Ryze,Taliyah,Senna,Sion,Neeko,Teemo,Gwen,Akali,Urgot,Nocturne,Brand,Varus,Karma
44,16.4,NA1_5502261117,1,,Blue,1,Yone,Graves,Syndra,Ezreal,Karma,Azir,Ryze,Ambessa,Kha'Zix,Sylas,Qiyana,Fizz,Yasuo,Jinx,Nami
45,16.4,NA1_5502261117,0,,Red,0,Qiyana,Fizz,Yasuo,Jinx,Nami,,,Akali,Ambessa,Katarina,Yone,Graves,Syndra,Ezreal,Karma
46,16.3,NA1_5495085344,1,,Blue,1,Naafiri,Cho'Gath,Twisted Fate,Miss Fortune,Rakan,Senna,Shaco,Gangplank,Talon,Riven,Akali,Kha'Zix,Yone,Caitlyn,Karma
47,16.3,NA1_5495085344,0,,Red,0,Akali,Kha'Zix,Yone,Caitlyn,Karma,Vi,Rengar,Akshan,Gangplank,Ambessa,Naafiri,Cho'Gath,Twisted Fate,Miss Fortune,Rakan
48,16.4,NA1_5502477489,1,,Blue,1,Vel'Koz,Jayce,Irelia,Jhin,Karma,Camille,Pyke,Ambessa,Draven,Bel'Veth,Jax,Talon,Urgot,Kalista,Renata Glasc
49,16.4,NA1_5502477489,0,,Red,0,Jax,Talon,Urgot,Kalista,Renata Glasc,Zed,Riven,Yasuo,Rumble,Leona,Vel'Koz,Jayce,Irelia,Jhin,Karma
50,16.4,NA1_5498236625,1,,Blue,1,Camille,Lee Sin,Orianna,Kalista,Nautilus,Yunara,,Zaahen,Kassadin,Braum,Kennen,Vi,Viktor,Kog'Maw,Bard
51,16.4,NA1_5498236625,0,,Red,0,Kennen,Vi,Viktor,Kog'Maw,Bard,Varus,Riven,Teemo,Neeko,Gwen,Camille,Lee Sin,Orianna,Kalista,Nautilus
52,16.3,NA1_5493577393,0,,Blue,1,Galio,Qiyana,Taliyah,Pyke,Nautilus,Rengar,Akali,K'Sante,Braum,Sylas,Olaf,Kindred,Ziggs,Ezreal,Alistar
53,16.3,NA1_5493577393,1,,Red,0,Olaf,Kindred,Ziggs,Ezreal,Alistar,Rengar,Yasuo,Katarina,Kha'Zix,Zoe,Galio,Qiyana,Taliyah,Pyke,Nautilus
54,16.4,NA1_5499471982,0,,Blue,1,Zoe,Graves,Poppy,Caitlyn,Nami,Riven,Jayce,Gwen,Viktor,Rengar,Aurora,Ambessa,Akali,Jinx,Lulu
55,16.4,NA1_5499471982,1,,Red,0,Aurora,Ambessa,Akali,Jinx,Lulu,Kennen,Rengar,Yasuo,Bel'Veth,Sona,Zoe,Graves,Poppy,Caitlyn,Nami
56,16.4,NA1_5499057682,1,,Blue,1,Akali,Jax,Syndra,Vayne,Sona,Blitzcrank,Aurora,Talon,Ambessa,Yasuo,Gwen,Rengar,Twisted Fate,Veigar,Annie
57,16.4,NA1_5499057682,0,,Red,0,Gwen,Rengar,Twisted Fate,Veigar,Annie,Riven,Shaco,Talon,Kassadin,,Akali,Jax,Syndra,Vayne,Sona
58,16.4,NA1_5500273792,0,,Blue,1,Gwen,Jayce,Orianna,Zeri,Lulu,Zilean,Sona,Riven,Ryze,Rengar,Heimerdinger,Ambessa,Twisted Fate,Aphelios,Thresh
59,16.4,NA1_5500273792,1,,Red,0,Heimerdinger,Ambessa,Twisted Fate,Aphelios,Thresh,Yasuo,Zoe,Poppy,Caitlyn,Azir,Gwen,Jayce,Orianna,Zeri,Lulu
60,16.4,NA1_5499785632,0,,Blue,1,Mordekaiser,Wukong,Nasus,Varus,Rakan,Jax,Graves,,Syndra,Ambessa,Darius,Zac,Sett,Karthus,Anivia
61,16.4,NA1_5499785632,1,,Red,0,Darius,Zac,Sett,Karthus,Anivia,Janna,Mel,Zed,Braum,Jax,Mordekaiser,Wukong,Nasus,Varus,Rakan
62,16.3,NA1_5491889136,0,,Blue,1,Ambessa,Graves,Twisted Fate,Kog'Maw,Lulu,Akali,Gwen,Zed,Volibear,Lux,Nasus,Zac,Qiyana,Lucian,Milio
63,16.3,NA1_5491889136,1,,Red,0,Nasus,Zac,Qiyana,Lucian,Milio,LeBlanc,Pyke,Rumble,Rengar,Sona,Ambessa,Graves,Twisted Fate,Kog'Maw,Lulu
64,16.3,NA1_5493157084,1,,Blue,1,Jayce,Master Yi,Corki,Viktor,Alistar,Irelia,Yasuo,Jax,Talon,Kha'Zix,LeBlanc,Graves,Akshan,Jinx,Braum
65,16.3,NA1_5493157084,0,,Red,0,LeBlanc,Graves,Akshan,Jinx,Braum,Akali,Tristana,Zaahen,,Twitch,Jayce,Master Yi,Corki,Viktor,Alistar
66,16.4,NA1_5497945199,1,,Blue,1,Morgana,Lee Sin,Jayce,Caitlyn,Bard,Yasuo,Ambessa,,Naafiri,Syndra,Graves,Master Yi,Sylas,Jhin,Poppy
67,16.4,NA1_5497945199,0,,Red,0,Graves,Master Yi,Sylas,Jhin,Poppy,Akali,Kha'Zix,Sivir,Jax,Jarvan IV,Morgana,Lee Sin,Jayce,Caitlyn,Bard
68,16.4,NA1_5501575423,1,,Blue,1,Malphite,Graves,Orianna,Yunara,Senna,,Kha'Zix,Yasuo,Draven,Pyke,Sylas,Viego,Camille,Hwei,Neeko
69,16.4,NA1_5501575423,0,,Red,0,Sylas,Viego,Camille,Hwei,Neeko,Riven,Sivir,Kha'Zix,Poppy,Ambessa,Malphite,Graves,Orianna,Yunara,Senna
70,16.4,NA1_5497024144,0,,Blue,1,Sion,Vi,Ahri,Ezreal,Karma,Irelia,,Ambessa,Talon,Yone,Zaahen,Sylas,Azir,Jhin,Yuumi
71,16.4,NA1_5497024144,1,,Red,0,Zaahen,Sylas,Azir,Jhin,Yuumi,Lux,Draven,,Nautilus,,Sion,Vi,Ahri,Ezreal,Karma
72,16.3,NA1_5492631053,1,,Blue,1,Jax,Nunu & Willump,Gragas,Jhin,Bard,Diana,Orianna,Rengar,Jayce,Ekko,Yasuo,Kha'Zix,Kassadin,Lucian,Braum
73,16.3,NA1_5492631053,0,,Red,0,Yasuo,Kha'Zix,Kassadin,Lucian,Braum,,Draven,Gwen,,Amumu,Jax,Nunu & Willump,Gragas,Jhin,Bard
74,16.3,NA1_5493454375,1,,Blue,1,Cassiopeia,Shaco,Orianna,Yunara,Lulu,Akshan,Qiyana,Kindred,Yasuo,Sona,Vayne,Rengar,Ryze,Kai'Sa,Nautilus
75,16.3,NA1_5493454375,0,,Red,0,Vayne,Rengar,Ryze,Kai'Sa,Nautilus,Tristana,Riven,Zilean,Braum,Nunu & Willump,Cassiopeia,Shaco,Orianna,Yunara,Lulu
76,16.4,NA1_5500087377,1,,Blue,1,Renekton,Wukong,Aurora,Yasuo,Jarvan IV,Gwen,Sona,,Riven,Ambessa,Nasus,Kha'Zix,Viktor,Jinx,Rammus
77,16.4,NA1_5500087377,0,,Red,0,Nasus,Kha'Zix,Viktor,Jinx,Rammus,Akshan,Draven,Gwen,Ambessa,Lux,Renekton,Wukong,Aurora,Yasuo,Jarvan IV
78,16.4,NA1_5496775434,0,,Blue,1,Gwen,Lee Sin,Rumble,Tristana,Blitzcrank,Naafiri,Riven,Ambessa,Zoe,Sona,Ornn,Graves,Vex,Aphelios,Thresh
79,16.4,NA1_5496775434,1,,Red,0,Ornn,Graves,Vex,Aphelios,Thresh,Riven,Draven,LeBlanc,Kha'Zix,Lux,Gwen,Lee Sin,Rumble,Tristana,Blitzcrank
80,16.4,NA1_5498693982,0,,Blue,1,Swain,Olaf,Yone,Yunara,Lulu,Blitzcrank,Draven,Bel'Veth,Fiora,Nunu & Willump,Zaahen,Skarner,Zac,Senna,Alistar
81,16.4,NA1_5498693982,1,,Red,0,Zaahen,Skarner,Zac,Senna,Alistar,Sona,Riven,Graves,Syndra,Lux,Swain,Olaf,Yone,Yunara,Lulu
82,16.3,NA1_5493020230,1,,Blue,1,Kayle,Kha'Zix,Ahri,Corki,Sona,Rengar,Blitzcrank,Nunu & Willump,Syndra,Azir,Cho'Gath,Talon,Kassadin,Ezreal,Yuumi
83,16.3,NA1_5493020230,0,,Red,0,Cho'Gath,Talon,Kassadin,Ezreal,Yuumi,Zilean,Nunu & Willump,Vayne,Riven,Gwen,Kayle,Kha'Zix,Ahri,Corki,Sona
84,16.4,NA1_5498173784,0,,Blue,1,Riven,Maokai,Aurora,Lucian,Milio,Zed,Pyke,Bel'Veth,Ambessa,Alistar,Jayce,Brand,Yone,Ezreal,Senna
85,16.4,NA1_5498173784,1,,Red,0,Jayce,Brand,Yone,Ezreal,Senna,Katarina,Akali,Shaco,Yunara,,Riven,Maokai,Aurora,Lucian,Milio
86,16.3,NA1_5492697484,1,,Blue,1,Aatrox,Kindred,Kayle,Jinx,Lulu,Fiddlesticks,Akshan,Zilean,Draven,Lux,Sett,Dr. Mundo,Jayce,Yunara,Nami
87,16.3,NA1_5492697484,0,,Red,0,Sett,Dr. Mundo,Jayce,Yunara,Nami,,Bel'Veth,,Riven,Nunu & Willump,Aatrox,Kindred,Kayle,Jinx,Lulu
88,16.4,NA1_5502077828,1,,Blue,1,Dr. Mundo,Ambessa,Aurora,Lucian,Nami,Azir,Poppy,Rengar,Draven,Nunu & Willump,Renekton,Graves,Ahri,Caitlyn,Sona
89,16.4,NA1_5502077828,0,,Red,0,Renekton,Graves,Ahri,Caitlyn,Sona,Draven,Yasuo,Bel'Veth,Pyke,Riven,Dr. Mundo,Ambessa,Aurora,Lucian,Nami
90,16.4,NA1_5498145456,0,,Blue,1,Illaoi,Zed,Syndra,Kai'Sa,Alistar,Sylas,Ambessa,Senna,Akali,Yasuo,Urgot,Udyr,Akshan,Veigar,Maokai
91,16.4,NA1_5498145456,1,,Red,0,Urgot,Udyr,Akshan,Veigar,Maokai,Yasuo,Fiora,Braum,Master Yi,Anivia,Illaoi,Zed,Syndra,Kai'Sa,Alistar
92,16.3,NA1_5494505221,0,,Blue,1,Malphite,Viego,Syndra,Ezreal,Pyke,Mel,Rengar,Ambessa,Zed,Caitlyn,Sylas,Jayce,Ryze,Miss Fortune,Nautilus
93,16.3,NA1_5494505221,1,,Red,0,Sylas,Jayce,Ryze,Miss Fortune,Nautilus,Ambessa,Akshan,Rengar,Gwen,Kha'Zix,Malphite,Viego,Syndra,Ezreal,Pyke
94,16.4,NA1_5498744200,0,,Blue,1,Sion,Shaco,Lux,Ziggs,Nidalee,Twisted Fate,Graves,Sona,Rengar,Nautilus,Dr. Mundo,Fiddlesticks,Irelia,Ezreal,Sylas
95,16.4,NA1_5498744200,1,,Red,0,Dr. Mundo,Fiddlesticks,Irelia,Ezreal,Sylas,Akali,Galio,Draven,Zac,Renekton,Sion,Shaco,Lux,Ziggs,Nidalee
96,16.3,NA1_5493429606,0,,Blue,1,Rengar,Jarvan IV,Ryze,Ziggs,Alistar,Zed,Bel'Veth,Kindred,Zac,Darius,Zaahen,Gwen,Akali,Yunara,Lulu
97,16.3,NA1_5493429606,1,,Red,0,Zaahen,Gwen,Akali,Yunara,Lulu,Zed,Nunu & Willump,Yasuo,Zilean,Sona,Rengar,Jarvan IV,Ryze,Ziggs,Alistar
98,16.3,NA1_5492326593,0,,Blue,1,Aurora,Shaco,Yone,Ezreal,Nami,Nidalee,Rengar,Zoe,Varus,Ambessa,Yasuo,Aatrox,Ahri,Aphelios,Lulu
99,16.3,NA1_5492326593,1,,Red,0,Yasuo,Aatrox,Ahri,Aphelios,Lulu,Riven,Draven,Akali,Zilean,Jax,Aurora,Shaco,Yone,Ezreal,Nami
100,16.4,NA1_5498073030,1,,Blue,1,Kled,Graves,Akali,Miss Fortune,Sona,Akshan,Bel'Veth,Blitzcrank,Fiora,Pyke,Camille,Rengar,Azir,Lux,Neeko
101,16.4,NA1_5498073030,0,,Red,0,Camille,Rengar,Azir,Lux,Neeko,Mel,Ambessa,Gwen,Jax,Pyke,Kled,Graves,Akali,Miss Fortune,Sona
102,16.4,NA1_5501321189,1,,Blue,1,Yone,Ambessa,Ahri,Jhin,Karma,Swain,Mel,Sona,Zaahen,Jayce,Jax,Kindred,Xerath,Tristana,Neeko
103,16.4,NA1_5501321189,0,,Red,0,Jax,Kindred,Xerath,Tristana,Neeko,Akali,Pyke,Rumble,,,Yone,Ambessa,Ahri,Jhin,Karma
104,16.4,NA1_5496538791,1,,Blue,1,Kayle,Kha'Zix,Orianna,Samira,Nami,Akali,Blitzcrank,Poppy,Braum,Jax,Irelia,Zaahen,Tristana,Xerath,Sona
105,16.4,NA1_5496538791,0,,Red,0,Irelia,Zaahen,Tristana,Xerath,Sona,Ambessa,Jarvan IV,Akali,Karma,Pyke,Kayle,Kha'Zix,Orianna,Samira,Nami
106,16.4,NA1_5501897736,1,,Blue,1,Fiora,Kayn,Vex,Seraphine,Alistar,Sivir,Kha'Zix,Zed,Malphite,Zilean,Kennen,Talon,Ahri,Ezreal,Nautilus
107,16.4,NA1_5501897736,0,,Red,0,Kennen,Talon,Ahri,Ezreal,Nautilus,Bel'Veth,Zac,Jayce,Rek'Sai,Braum,Fiora,Kayn,Vex,Seraphine,Alistar
108,16.4,NA1_5498161403,1,,Blue,1,Tryndamere,Rengar,Ahri,Lucian,Senna,Riven,Sylas,Pyke,Alistar,Jayce,Illaoi,Kha'Zix,Kennen,Tristana,Lulu
109,16.4,NA1_5498161403,0,,Red,0,Illaoi,Kha'Zix,Kennen,Tristana,Lulu,Nunu & Willump,Jarvan IV,Draven,Yasuo,Zed,Tryndamere,Rengar,Ahri,Lucian,Senna
110,16.4,NA1_5502332207,0,,Blue,1,Nautilus,Taliyah,Galio,Corki,Seraphine,Darius,LeBlanc,Syndra,,Mel,Sion,Graves,Vex,Aurelion Sol,Lux
111,16.4,NA1_5502332207,1,,Red,0,Sion,Graves,Vex,Aurelion Sol,Lux,Yasuo,Ambessa,Caitlyn,Rengar,Varus,Nautilus,Taliyah,Galio,Corki,Seraphine
112,16.3,NA1_5495670762,0,,Blue,1,Sett,Pantheon,Cassiopeia,Kog'Maw,Alistar,Pyke,Sona,Shaco,Yasuo,Riven,Volibear,Kha'Zix,Ahri,Aurora,Senna
113,16.3,NA1_5495670762,1,,Red,0,Volibear,Kha'Zix,Ahri,Aurora,Senna,Rengar,Pyke,,Kayle,LeBlanc,Sett,Pantheon,Cassiopeia,Kog'Maw,Alistar
114,16.4,NA1_5500511720,0,,Blue,1,Malphite,Kha'Zix,Anivia,Ashe,Janna,Qiyana,Draven,Kindred,Ambessa,Syndra,Vladimir,Zaahen,Aurelion Sol,Lucian,Senna
115,16.4,NA1_5500511720,1,,Red,0,Vladimir,Zaahen,Aurelion Sol,Lucian,Senna,Nasus,Poppy,Naafiri,Tristana,Karma,Malphite,Kha'Zix,Anivia,Ashe,Janna
116,16.4,NA1_5496785090,1,,Blue,1,Sion,Lee Sin,Morgana,Xayah,Rakan,Akali,Naafiri,Caitlyn,Pyke,Rengar,Zoe,Nunu & Willump,Aurora,Yunara,Lulu
117,16.4,NA1_5496785090,0,,Red,0,Zoe,Nunu & Willump,Aurora,Yunara,Lulu,LeBlanc,Dr. Mundo,Lux,Pyke,Bel'Veth,Sion,Lee Sin,Morgana,Xayah,Rakan
118,16.3,NA1_5495079081,1,,Blue,1,Ornn,Master Yi,Yone,Aurora,Pyke,Shaco,Ambessa,Cassiopeia,Orianna,Syndra,Zaahen,Kha'Zix,Galio,Mel,Nautilus
119,16.3,NA1_5495079081,0,,Red,0,Zaahen,Kha'Zix,Galio,Mel,Nautilus,Akali,Jayce,Gwen,Zyra,,Ornn,Master Yi,Yone,Aurora,Pyke
120,16.4,NA1_5497487993,1,,Blue,1,Renekton,Zed,Lux,Lucian,Nami,Draven,Pyke,Kindred,Riven,Kha'Zix,Gwen,Naafiri,Zac,Twitch,Lulu
121,16.4,NA1_5497487993,0,,Red,0,Gwen,Naafiri,Zac,Twitch,Lulu,Syndra,Yasuo,Rengar,Riven,Zoe,Renekton,Zed,Lux,Lucian,Nami
122,16.4,NA1_5500194090,1,,Blue,1,Rumble,Naafiri,Anivia,Jhin,Bard,Jax,Pyke,Riven,Draven,Bel'Veth,Fiora,Jarvan IV,Azir,Yunara,Lulu
123,16.4,NA1_5500194090,0,,Red,0,Fiora,Jarvan IV,Azir,Yunara,Lulu,Varus,Viktor,Graves,Ambessa,Jayce,Rumble,Naafiri,Anivia,Jhin,Bard
124,16.4,NA1_5496973262,0,,Blue,1,Akali,Ambessa,Anivia,Corki,Nami,Renekton,Shaco,Talon,Yasuo,Zaahen,Kennen,Graves,Zed,Lucian,Sona
125,16.4,NA1_5496973262,1,,Red,0,Kennen,Graves,Zed,Lucian,Sona,Rengar,Kindred,Yasuo,Pyke,Akshan,Akali,Ambessa,Anivia,Corki,Nami
126,16.4,NA1_5497723342,1,,Blue,1,Kled,Nocturne,Ahri,Jhin,Rakan,Rengar,Fiora,Bard,Sivir,Nunu & Willump,Irelia,Rek'Sai,Neeko,Kai'Sa,Rell
127,16.4,NA1_5497723342,0,,Red,0,Irelia,Rek'Sai,Neeko,Kai'Sa,Rell,Jax,Taliyah,Draven,Kha'Zix,Mel,Kled,Nocturne,Ahri,Jhin,Rakan
128,16.4,NA1_5502558115,1,,Blue,1,Vayne,Malphite,Yasuo,Brand,Braum,Sylas,Sona,Ambessa,Akali,Varus,Fiora,Gwen,Taliyah,Ezreal,Leona
129,16.4,NA1_5502558115,0,,Red,0,Fiora,Gwen,Taliyah,Ezreal,Leona,Qiyana,Akshan,Riven,Zaahen,Ambessa,Vayne,Malphite,Yasuo,Brand,Braum
130,16.4,NA1_5501923539,0,,Blue,1,Fiora,Gwen,Galio,Seraphine,Karma,Mel,Zed,Nautilus,Kha'Zix,,Volibear,Udyr,Anivia,Miss Fortune,Blitzcrank
131,16.4,NA1_5501923539,1,,Red,0,Volibear,Udyr,Anivia,Miss Fortune,Blitzcrank,Ambessa,Riven,Ezreal,Azir,Sona,Fiora,Gwen,Galio,Seraphine,Karma
132,16.3,NA1_5493444764,0,,Blue,1,Garen,Sylas,Corki,Hwei,Leona,Kindred,Braum,Riven,Vayne,Rengar,Zaahen,Fiddlesticks,Qiyana,Tristana,Lulu
133,16.3,NA1_5493444764,1,,Red,0,Zaahen,Fiddlesticks,Qiyana,Tristana,Lulu,Nunu & Willump,Sona,Swain,Yasuo,Zilean,Garen,Sylas,Corki,Hwei,Leona
134,16.4,NA1_5498793958,1,,Blue,1,Zaahen,Nidalee,Kassadin,Yunara,Leona,Bard,Zed,Mel,Caitlyn,Riven,Kennen,Graves,Lee Sin,Swain,Master Yi
135,16.4,NA1_5498793958,0,,Red,0,Kennen,Graves,Lee Sin,Swain,Master Yi,Ivern,Zed,Jax,Nautilus,Syndra,Zaahen,Nidalee,Kassadin,Yunara,Leona
136,16.3,NA1_5492190681,0,,Blue,1,Garen,Talon,Diana,Ziggs,Sona,Pyke,Braum,Ambessa,Kayle,Sylas,Volibear,Dr. Mundo,Aurora,Varus,Anivia
137,16.3,NA1_5492190681,1,,Red,0,Volibear,Dr. Mundo,Aurora,Varus,Anivia,Bel'Veth,Nunu & Willump,Ambessa,Bard,Shaco,Garen,Talon,Diana,Ziggs,Sona
138,16.4,NA1_5498399921,1,,Blue,1,Vladimir,Naafiri,Zed,Jhin,Bard,,Tryndamere,Akali,,Yasuo,Riven,Kindred,Ahri,Kai'Sa,Lulu
139,16.4,NA1_5498399921,0,,Red,0,Riven,Kindred,Ahri,Kai'Sa,Lulu,Nunu & Willump,Ambessa,Blitzcrank,Jayce,Draven,Vladimir,Naafiri,Zed,Jhin,Bard
140,16.4,NA1_5498131404,1,,Blue,1,Vladimir,Fiddlesticks,Talon,Aphelios,Alistar,Galio,Ambessa,Katarina,Jayce,Yorick,Kled,Taliyah,Qiyana,Yunara,Lulu
141,16.4,NA1_5498131404,0,,Red,0,Kled,Taliyah,Qiyana,Yunara,Lulu,Pyke,Fiora,Rengar,LeBlanc,Ambessa,Vladimir,Fiddlesticks,Talon,Aphelios,Alistar
142,16.4,NA1_5501636071,0,,Blue,1,Jayce,Talon,Ryze,Senna,Brand,Riven,Azir,,Ezreal,Bel'Veth,Irelia,Morgana,Nasus,Corki,Nami
143,16.4,NA1_5501636071,1,,Red,0,Irelia,Morgana,Nasus,Corki,Nami,Gwen,Anivia,Nautilus,Akali,Ambessa,Jayce,Talon,Ryze,Senna,Brand
144,16.3,NA1_5491812858,0,,Blue,1,Sion,Hecarim,Zoe,Vladimir,Nautilus,Ezreal,Riven,Zed,Kha'Zix,,Gnar,Rumble,Jayce,Yunara,Lulu
145,16.3,NA1_5491812858,1,,Red,0,Gnar,Rumble,Jayce,Yunara,Lulu,Blitzcrank,,Gwen,Aurelion Sol,Kha'Zix,Sion,Hecarim,Zoe,Vladimir,Nautilus
146,16.4,NA1_5502215615,1,,Blue,1,Ornn,Wukong,Jayce,Aphelios,Zoe,Nunu & Willump,Rengar,Ambessa,Hecarim,,Urgot,Talon,Akali,Draven,Neeko
147,16.4,NA1_5502215615,0,,Red,0,Urgot,Talon,Akali,Draven,Neeko,Pyke,,Bel'Veth,Varus,Braum,Ornn,Wukong,Jayce,Aphelios,Zoe
148,16.3,NA1_5492869291,1,,Blue,1,Rumble,Jarvan IV,Syndra,Corki,Nami,Jayce,Qiyana,Riven,Darius,Ambessa,Kennen,Nidalee,Viego,Tristana,Lulu
149,16.3,NA1_5492869291,0,,Red,0,Kennen,Nidalee,Viego,Tristana,Lulu,Gwen,Sona,Jax,Yasuo,Rengar,Rumble,Jarvan IV,Syndra,Corki,Nami
150,16.4,NA1_5498467215,1,,Blue,1,Darius,Talon,Ekko,Caitlyn,Morgana,Sivir,Akali,Katarina,Rengar,Jayce,Riven,Briar,Anivia,Karthus,Leona
151,16.4,NA1_5498467215,0,,Red,0,Riven,Briar,Anivia,Karthus,Leona,Bard,Neeko,Ahri,Renekton,Jarvan IV,Darius,Talon,Ekko,Caitlyn,Morgana
152,16.4,NA1_5500259106,1,,Blue,1,Aatrox,Graves,Twisted Fate,Aphelios,Karma,Akshan,Bard,,Blitzcrank,Malphite,Renekton,Qiyana,Taliyah,Senna,Nami
153,16.4,NA1_5500259106,0,,Red,0,Renekton,Qiyana,Taliyah,Senna,Nami,Anivia,Zoe,Rengar,Naafiri,Rek'Sai,Aatrox,Graves,Twisted Fate,Aphelios,Karma
154,16.4,NA1_5500018247,1,,Blue,1,Singed,Vi,Akali,Caitlyn,Bard,LeBlanc,Karma,Sivir,Fiora,Kha'Zix,Rengar,Elise,Yasuo,Ezreal,Senna
155,16.4,NA1_5500018247,0,,Red,0,Rengar,Elise,Yasuo,Ezreal,Senna,Shaco,Pyke,Darius,Ambessa,Jayce,Singed,Vi,Akali,Caitlyn,Bard
156,16.4,NA1_5500349608,1,,Blue,1,Renekton,Jayce,Anivia,Syndra,Rell,Graves,Yasuo,Riven,Jhin,Bel'Veth,Zoe,Morgana,Tristana,Aphelios,Alistar
157,16.4,NA1_5500349608,0,,Red,0,Zoe,Morgana,Tristana,Aphelios,Alistar,Ambessa,Rengar,Draven,Pyke,Yasuo,Renekton,Jayce,Anivia,Syndra,Rell
158,16.4,NA1_5497781377,1,,Blue,1,Irelia,Karthus,Kassadin,Caitlyn,Lux,Nautilus,Pyke,Fiddlesticks,Orianna,Riven,Fiora,Xin Zhao,Ryze,Aphelios,Lulu
159,16.4,NA1_5497781377,0,,Red,0,Fiora,Xin Zhao,Ryze,Aphelios,Lulu,Sona,Nunu & Willump,Jayce,Rengar,Yasuo,Irelia,Karthus,Kassadin,Caitlyn,Lux
160,16.3,NA1_5492765125,1,,Blue,1,Riven,Kha'Zix,Orianna,Jinx,Thresh,Rengar,Nunu & Willump,Pyke,Swain,Draven,Jayce,Ivern,Viktor,Kai'Sa,Blitzcrank
161,16.3,NA1_5492765125,0,,Red,0,Jayce,Ivern,Viktor,Kai'Sa,Blitzcrank,Fiddlesticks,Draven,Neeko,Braum,Ambessa,Riven,Kha'Zix,Orianna,Jinx,Thresh
162,16.4,NA1_5500156664,1,,Blue,1,Fiora,Rek'Sai,Aurora,Caitlyn,Senna,Zed,Mel,Ambessa,Pyke,Vayne,Urgot,Hecarim,Akali,Yunara,Milio
163,16.4,NA1_5500156664,0,,Red,0,Urgot,Hecarim,Akali,Yunara,Milio,Nunu & Willump,,Rumble,Varus,Rengar,Fiora,Rek'Sai,Aurora,Caitlyn,Senna
164,16.4,NA1_5502284901,1,,Blue,1,Swain,Nocturne,Orianna,Kai'Sa,Bard,Gwen,Graves,Alistar,Ambessa,Qiyana,Vladimir,Udyr,Lissandra,Smolder,Leona
165,16.4,NA1_5502284901,0,,Red,0,Vladimir,Udyr,Lissandra,Smolder,Leona,Irelia,Ambessa,Tryndamere,Sylas,Draven,Swain,Nocturne,Orianna,Kai'Sa,Bard
166,16.4,NA1_5496917111,0,,Blue,1,Yone,Graves,Sylas,Yunara,Braum,Draven,LeBlanc,Vladimir,Riven,Akali,Gnar,Gwen,Zed,Swain,Nami
167,16.4,NA1_5496917111,1,,Red,0,Gnar,Gwen,Zed,Swain,Nami,Pyke,Caitlyn,Kennen,Nunu & Willump,Draven,Yone,Graves,Sylas,Yunara,Braum
168,16.3,NA1_5495586231,1,,Blue,1,Shen,Talon,Ahri,Zeri,Yuumi,Rengar,Jayce,Yunara,Irelia,Ambessa,Aurora,Shaco,Akali,Riven,Senna
169,16.3,NA1_5495586231,0,,Red,0,Aurora,Shaco,Akali,Riven,Senna,,Draven,Janna,Poppy,Yunara,Shen,Talon,Ahri,Zeri,Yuumi
170,16.3,NA1_5491680961,1,,Blue,1,Zac,Sion,Orianna,Ezreal,Blitzcrank,Draven,Zaahen,Mordekaiser,Zed,Aphelios,Camille,Shaco,Twisted Fate,Sivir,Zilean
171,16.3,NA1_5491680961,0,,Red,0,Camille,Shaco,Twisted Fate,Sivir,Zilean,Rengar,Pyke,Malphite,Zed,Kassadin,Zac,Sion,Orianna,Ezreal,Blitzcrank
172,16.4,NA1_5501841493,0,,Blue,1,Irelia,Qiyana,Ahri,Lucian,Nami,Ambessa,,Katarina,Draven,Zaahen,Camille,Jarvan IV,Sylas,Vladimir,Sona
173,16.4,NA1_5501841493,1,,Red,0,Camille,Jarvan IV,Sylas,Vladimir,Sona,Pyke,Fiddlesticks,Jax,LeBlanc,Talon,Irelia,Qiyana,Ahri,Lucian,Nami
174,16.4,NA1_5502520529,0,,Blue,1,Sejuani,Vayne,Sylas,Caitlyn,Maokai,Vel'Koz,Sona,Yasuo,Rumble,Zoe,Lissandra,Graves,Zed,Mel,Karma
175,16.4,NA1_5502520529,1,,Red,0,Lissandra,Graves,Zed,Mel,Karma,Jayce,Akali,Sona,Sivir,Anivia,Sejuani,Vayne,Sylas,Caitlyn,Maokai
176,16.4,NA1_5498834734,1,,Blue,1,Aatrox,Qiyana,Galio,Ezreal,Karma,Lucian,Rengar,Irelia,Akali,Sona,Renekton,Ivern,Anivia,Samira,Nautilus
177,16.4,NA1_5498834734,0,,Red,0,Renekton,Ivern,Anivia,Samira,Nautilus,Syndra,Karthus,Jayce,,,Aatrox,Qiyana,Galio,Ezreal,Karma
178,16.4,NA1_5498431318,0,,Blue,1,Nasus,Udyr,Galio,Lucian,Nami,Draven,Blitzcrank,Shaco,Ambessa,Smolder,Illaoi,Zaahen,Annie,Caitlyn,Lee Sin
179,16.4,NA1_5498431318,1,,Red,0,Illaoi,Zaahen,Annie,Caitlyn,Lee Sin,Poppy,Malphite,Syndra,Tryndamere,Rengar,Nasus,Udyr,Galio,Lucian,Nami
180,16.4,NA1_5501899820,1,,Blue,1,Anivia,Talon,Galio,Jhin,Neeko,Lee Sin,Twitch,Riven,Tryndamere,Ahri,Akali,Vi,Nasus,Syndra,Bard
181,16.4,NA1_5501899820,0,,Red,0,Akali,Vi,Nasus,Syndra,Bard,Fiddlesticks,Yasuo,Ambessa,Pyke,Qiyana,Anivia,Talon,Galio,Jhin,Neeko
182,16.4,NA1_5502401858,1,,Blue,1,Vayne,Ambessa,Ivern,Senna,Rengar,,Yasuo,Alistar,Samira,Jayce,Rek'Sai,Viego,Ahri,Xayah,Kled
183,16.4,NA1_5502401858,0,,Red,0,Rek'Sai,Viego,Ahri,Xayah,Kled,Poppy,Kha'Zix,Draven,Riven,Qiyana,Vayne,Ambessa,Ivern,Senna,Rengar
184,16.4,NA1_5502163743,1,,Blue,1,Ambessa,Graves,Akali,Zyra,Neeko,,Jayce,,Riven,Nautilus,Rumble,Rengar,Tristana,Kai'Sa,Alistar
185,16.4,NA1_5502163743,0,,Red,0,Rumble,Rengar,Tristana,Kai'Sa,Alistar,Lucian,Draven,Poppy,Pyke,Kha'Zix,Ambessa,Graves,Akali,Zyra,Neeko
186,16.4,NA1_5500739037,1,,Blue,1,Mordekaiser,Zed,Corki,Varus,Karma,Gwen,Lux,Rengar,Cassiopeia,Bel'Veth,Irelia,Xin Zhao,Sylas,Lucian,Nami
187,16.4,NA1_5500739037,0,,Red,0,Irelia,Xin Zhao,Sylas,Lucian,Nami,Aurora,Yasuo,Zoe,Viego,Jayce,Mordekaiser,Zed,Corki,Varus,Karma
188,16.4,NA1_5500123188,0,,Blue,1,Zaahen,Qiyana,Sion,Ornn,Senna,Riven,Rengar,Mel,Zed,Sona,Rek'Sai,Ambessa,Akali,Aphelios,Thresh
189,16.4,NA1_5500123188,1,,Red,0,Rek'Sai,Ambessa,Akali,Aphelios,Thresh,Nunu & Willump,Caitlyn,Yasuo,Riven,,Zaahen,Qiyana,Sion,Ornn,Senna
190,16.3,NA1_5495521224,1,,Blue,1,Lee Sin,Qiyana,Akali,Yasuo,Sona,,Riven,Aurora,Yuumi,Rengar,Renekton,Hecarim,Ryze,Lucian,Nami
191,16.3,NA1_5495521224,0,,Red,0,Renekton,Hecarim,Ryze,Lucian,Nami,Nautilus,Kled,Akshan,Orianna,Ambessa,Lee Sin,Qiyana,Akali,Yasuo,Sona
192,16.3,NA1_5494253692,1,,Blue,1,Jayce,Kindred,Xerath,Jhin,Alistar,Tristana,Jax,Akali,,Rengar,Mordekaiser,Gwen,Varus,Miss Fortune,Nami
193,16.3,NA1_5494253692,0,,Red,0,Mordekaiser,Gwen,Varus,Miss Fortune,Nami,Sona,Kha'Zix,Darius,Zac,Kai'Sa,Jayce,Kindred,Xerath,Jhin,Alistar
194,16.3,NA1_5493864479,1,,Blue,1,Aurora,Ambessa,Qiyana,Yunara,Braum,Riven,Draven,Pyke,Rengar,Akali,Vayne,Taliyah,Yasuo,Akshan,Alistar
195,16.3,NA1_5493864479,0,,Red,0,Vayne,Taliyah,Yasuo,Akshan,Alistar,Mel,Rengar,Urgot,Riven,Akali,Aurora,Ambessa,Qiyana,Yunara,Braum
196,16.3,NA1_5491831832,1,,Blue,1,Rammus,Lee Sin,Riven,Sivir,Thresh,Miss Fortune,Draven,Fiora,Azir,Nidalee,Malphite,Master Yi,Viego,Ezreal,Lux
197,16.3,NA1_5491831832,0,,Red,0,Malphite,Master Yi,Viego,Ezreal,Lux,Ahri,Karma,Ambessa,Yasuo,Gwen,Rammus,Lee Sin,Riven,Sivir,Thresh
198,16.4,NA1_5500311726,1,,Blue,1,Varus,Fiddlesticks,Talon,Ziggs,Morgana,Yasuo,,Sivir,Galio,Rengar,Graves,Xin Zhao,Ahri,Samira,Rell
199,16.4,NA1_5500311726,0,,Red,0,Graves,Xin Zhao,Ahri,Samira,Rell,Irelia,Lux,Riven,Neeko,Bel'Veth,Varus,Fiddlesticks,Talon,Ziggs,Morgana
200,16.4,NA1_5500796730,0,,Blue,1,Sion,Volibear,Viktor,Ezreal,Braum,Vladimir,Viego,Zoe,Mel,Riven,Kayn,Ambessa,Xerath,Kai'Sa,Nautilus
201,16.4,NA1_5500796730,1,,Red,0,Kayn,Ambessa,Xerath,Kai'Sa,Nautilus,Gwen,Rengar,Bel'Veth,Akali,Rumble,Sion,Volibear,Viktor,Ezreal,Braum
202,16.4,NA1_5501281239,1,,Blue,1,Gangplank,Darius,Twisted Fate,Sivir,Lulu,Vladimir,Sion,Leona,Rengar,Mel,Vayne,Nunu & Willump,Aurelion Sol,Jhin,Alistar
203,16.4,NA1_5501281239,0,,Red,0,Vayne,Nunu & Willump,Aurelion Sol,Jhin,Alistar,Yone,Ezreal,Pyke,Malphite,Lee Sin,Gangplank,Darius,Twisted Fate,Sivir,Lulu
204,16.4,NA1_5502442999,1,,Blue,1,Akali,Ambessa,Orianna,Jinx,Zilean,Kha'Zix,Zoe,Akshan,Rengar,Gwen,Sion,Jayce,Galio,Kog'Maw,Nami
205,16.4,NA1_5502442999,0,,Red,0,Sion,Jayce,Galio,Kog'Maw,Nami,Rengar,Blitzcrank,Shaco,,Darius,Akali,Ambessa,Orianna,Jinx,Zilean
206,16.4,NA1_5499212130,1,,Blue,1,Renekton,Dr. Mundo,Aurora,Aphelios,Janna,Zoe,Alistar,Ekko,Kled,Caitlyn,Aatrox,Naafiri,Qiyana,Samira,Neeko
207,16.4,NA1_5499212130,0,,Red,0,Aatrox,Naafiri,Qiyana,Samira,Neeko,Pyke,Yasuo,Ambessa,Taliyah,Ezreal,Renekton,Dr. Mundo,Aurora,Aphelios,Janna
208,16.4,NA1_5497051431,1,,Blue,1,Renekton,Kindred,Ryze,Lucian,Braum,Yasuo,Rengar,Jayce,Riven,Ambessa,Corki,Kha'Zix,Ahri,Yunara,Nautilus
209,16.4,NA1_5497051431,0,,Red,0,Corki,Kha'Zix,Ahri,Yunara,Nautilus,Mel,Ambessa,Zed,Rengar,Talon,Renekton,Kindred,Ryze,Lucian,Braum
210,16.3,NA1_5495601120,1,,Blue,1,Zaahen,Vi,Kassadin,Senna,Taric,Braum,Soraka,Talon,Zed,Varus,Aatrox,Shaco,Orianna,Xayah,Swain
211,16.3,NA1_5495601120,0,,Red,0,Aatrox,Shaco,Orianna,Xayah,Swain,Yasuo,Sivir,Ambessa,Gwen,Malphite,Zaahen,Vi,Kassadin,Senna,Taric
212,16.4,NA1_5496599733,1,,Blue,1,Yone,Bel'Veth,LeBlanc,Caitlyn,Leona,Gangplank,Jayce,Riven,Rengar,Jax,Garen,Ambessa,Akali,Kai'Sa,Sona
213,16.4,NA1_5496599733,0,,Red,0,Garen,Ambessa,Akali,Kai'Sa,Sona,Kayle,Yasuo,Nautilus,Kha'Zix,Camille,Yone,Bel'Veth,LeBlanc,Caitlyn,Leona
214,16.4,NA1_5501445219,1,,Blue,1,Renekton,Jayce,Vladimir,Xayah,Rakan,Seraphine,Kha'Zix,Sona,Riven,Fiddlesticks,Ambessa,Lee Sin,Ryze,Yunara,Alistar
215,16.4,NA1_5501445219,0,,Red,0,Ambessa,Lee Sin,Ryze,Yunara,Alistar,Draven,Riven,Pyke,Gangplank,Talon,Renekton,Jayce,Vladimir,Xayah,Rakan
216,16.4,NA1_5499645234,1,,Blue,1,Aatrox,Nidalee,Ryze,Ashe,Alistar,,,Twitch,,Lulu,Ambessa,Ivern,Lee Sin,Yunara,Milio
217,16.4,NA1_5499645234,0,,Red,0,Ambessa,Ivern,Lee Sin,Yunara,Milio,Irelia,Gwen,Nautilus,Naafiri,Varus,Aatrox,Nidalee,Ryze,Ashe,Alistar
218,16.3,NA1_5492174220,1,,Blue,1,Briar,Shaco,Katarina,Sivir,Nidalee,Graves,Draven,Lux,Tryndamere,Poppy,Corki,Jayce,Ahri,Ezreal,Anivia
219,16.3,NA1_5492174220,0,,Red,0,Corki,Jayce,Ahri,Ezreal,Anivia,Ambessa,Rengar,Braum,Qiyana,Akali,Briar,Shaco,Katarina,Sivir,Nidalee
220,16.4,NA1_5501661098,1,,Blue,1,Zaahen,Jayce,LeBlanc,Yunara,Camille,Rengar,Riven,Lux,Varus,Fizz,Rumble,Jarvan IV,Aurora,Ezreal,Bard
221,16.4,NA1_5501661098,0,,Red,0,Rumble,Jarvan IV,Aurora,Ezreal,Bard,Akali,Ambessa,,Pyke,Kha'Zix,Zaahen,Jayce,LeBlanc,Yunara,Camille
222,16.3,NA1_5491737277,0,,Blue,1,Galio,Fiddlesticks,Zed,Yunara,Poppy,Akali,Gwen,Draven,K'Sante,Shaco,Dr. Mundo,Talon,Brand,Lucian,Alistar
223,16.3,NA1_5491737277,1,,Red,0,Dr. Mundo,Talon,Brand,Lucian,Alistar,Kha'Zix,Aphelios,LeBlanc,Gwen,Fiora,Galio,Fiddlesticks,Zed,Yunara,Poppy
224,16.4,NA1_5502419114,1,,Blue,1,Renekton,Hecarim,Zoe,Aphelios,Camille,Riven,Kindred,Caitlyn,Yasuo,Janna,Rumble,Shaco,Talon,Yunara,Lux
225,16.4,NA1_5502419114,0,,Red,0,Rumble,Shaco,Talon,Yunara,Lux,Ambessa,Shen,Ezreal,Nautilus,Riven,Renekton,Hecarim,Zoe,Aphelios,Camille
226,16.4,NA1_5502063075,1,,Blue,1,Zac,Volibear,Vladimir,Miss Fortune,Braum,Orianna,Draven,Nunu & Willump,Poppy,Ambessa,Sion,Udyr,Syndra,Aphelios,Galio
227,16.4,NA1_5502063075,0,,Red,0,Sion,Udyr,Syndra,Aphelios,Galio,Kha'Zix,Ambessa,Qiyana,Rengar,Jax,Zac,Volibear,Vladimir,Miss Fortune,Braum
228,16.3,NA1_5491796891,0,,Blue,1,Fiora,Kha'Zix,Malzahar,Jinx,Bard,Qiyana,Naafiri,Anivia,Ambessa,,Riven,Lee Sin,Zoe,Ezreal,Alistar
229,16.3,NA1_5491796891,1,,Red,0,Riven,Lee Sin,Zoe,Ezreal,Alistar,Nami,Aurelion Sol,Zaahen,Zed,Nidalee,Fiora,Kha'Zix,Malzahar,Jinx,Bard
230,16.4,NA1_5497147560,1,,Blue,1,Ambessa,Poppy,Anivia,Xayah,Rakan,Twisted Fate,Jayce,Rengar,Karthus,Aurora,Renekton,Naafiri,Orianna,Kai'Sa,Master Yi
231,16.4,NA1_5497147560,0,,Red,0,Renekton,Naafiri,Orianna,Kai'Sa,Master Yi,Riven,,Shaco,Miss Fortune,Nautilus,Ambessa,Poppy,Anivia,Xayah,Rakan
232,16.3,NA1_5493437267,0,,Blue,1,Aphelios,Diana,Galio,Lucian,Karma,Draven,Ekko,Syndra,Jax,Pyke,Varus,Kha'Zix,Lissandra,Nilah,Neeko
233,16.3,NA1_5493437267,1,,Red,0,Varus,Kha'Zix,Lissandra,Nilah,Neeko,Qiyana,Kayn,Braum,Zoe,Jax,Aphelios,Diana,Galio,Lucian,Karma
234,16.3,NA1_5491936773,0,,Blue,1,Udyr,Kha'Zix,Qiyana,Kai'Sa,Neeko,Riven,Gwen,LeBlanc,Rengar,,Gnar,Kindred,Akali,Swain,Lulu
235,16.3,NA1_5491936773,1,,Red,0,Gnar,Kindred,Akali,Swain,Lulu,Riven,Zed,Rengar,Jayce,,Udyr,Kha'Zix,Qiyana,Kai'Sa,Neeko
236,16.3,NA1_5494702416,0,,Blue,1,Sett,Lee Sin,Hwei,Aurelion Sol,Alistar,Naafiri,,LeBlanc,Neeko,Fiora,Shen,Zac,Ahri,Sivir,Poppy
237,16.3,NA1_5494702416,1,,Red,0,Shen,Zac,Ahri,Sivir,Poppy,Janna,,,Jax,Tryndamere,Sett,Lee Sin,Hwei,Aurelion Sol,Alistar
238,16.3,NA1_5492728042,0,,Blue,1,Singed,Skarner,Corki,Aurelion Sol,Leona,Jayce,Sylas,Syndra,Bel'Veth,Ambessa,Poppy,Rengar,Brand,Sivir,Braum
239,16.3,NA1_5492728042,1,,Red,0,Poppy,Rengar,Brand,Sivir,Braum,Twitch,Alistar,Rumble,Zac,Bel'Veth,Singed,Skarner,Corki,Aurelion Sol,Leona
240,16.4,NA1_5501121734,1,,Blue,1,Jayce,Sylas,Corki,Ezreal,Nami,Irelia,Sona,Kha'Zix,,Pyke,Rumble,Graves,Nasus,Nilah,Senna
241,16.4,NA1_5501121734,0,,Red,0,Rumble,Graves,Nasus,Nilah,Senna,Kindred,Ambessa,Anivia,Rengar,Blitzcrank,Jayce,Sylas,Corki,Ezreal,Nami
242,16.4,NA1_5501798817,1,,Blue,1,Akali,Aatrox,Kassadin,Varus,Janna,Sona,Akshan,Draven,Graves,Zed,K'Sante,Viego,Camille,Viktor,Nami
243,16.4,NA1_5501798817,0,,Red,0,K'Sante,Viego,Camille,Viktor,Nami,Riven,Poppy,Ambessa,Karthus,Kha'Zix,Akali,Aatrox,Kassadin,Varus,Janna
244,16.4,NA1_5501315363,1,,Blue,1,Volibear,Vayne,Neeko,Corki,Nautilus,Jax,Milio,Lux,Taliyah,Viktor,Renekton,Zaahen,Jayce,Kai'Sa,Sona
245,16.4,NA1_5501315363,0,,Red,0,Renekton,Zaahen,Jayce,Kai'Sa,Sona,Nunu & Willump,Varus,Rengar,Ambessa,Rek'Sai,Volibear,Vayne,Neeko,Corki,Nautilus
246,16.3,NA1_5491803654,1,,Blue,1,Zaahen,Sylas,Azir,Kai'Sa,Poppy,Lucian,Bel'Veth,Zoe,Karthus,Riven,Aurora,Jarvan IV,Irelia,Viktor,Thresh
247,16.3,NA1_5491803654,0,,Red,0,Aurora,Jarvan IV,Irelia,Viktor,Thresh,Rengar,Draven,Ryze,Caitlyn,Jayce,Zaahen,Sylas,Azir,Kai'Sa,Poppy
248,16.4,NA1_5500530111,1,,Blue,1,Zilean,Kindred,Akali,Twitch,Nautilus,Dr. Mundo,Kha'Zix,Lee Sin,Braum,Pyke,Brand,Wukong,Twisted Fate,Smolder,Bard
249,16.4,NA1_5500530111,0,,Red,0,Brand,Wukong,Twisted Fate,Smolder,Bard,Swain,Caitlyn,Naafiri,Jax,Ambessa,Zilean,Kindred,Akali,Twitch,Nautilus
250,16.4,NA1_5501731108,1,,Blue,1,Yone,Dr. Mundo,Zoe,Yunara,Alistar,Yasuo,Lux,Akali,Riven,,Renekton,Pantheon,Ryze,Ziggs,Senna
251,16.4,NA1_5501731108,0,,Red,0,Renekton,Pantheon,Ryze,Ziggs,Senna,Qiyana,Draven,Yasuo,Pyke,Rumble,Yone,Dr. Mundo,Zoe,Yunara,Alistar
252,16.4,NA1_5500866759,0,,Blue,1,Dr. Mundo,Vi,Akali,Aphelios,Thresh,Yasuo,Riven,Pyke,LeBlanc,Gwen,Garen,Gragas,Graves,Caitlyn,Bard
253,16.4,NA1_5500866759,1,,Red,0,Garen,Gragas,Graves,Caitlyn,Bard,Kha'Zix,Pyke,Azir,Rengar,Poppy,Dr. Mundo,Vi,Akali,Aphelios,Thresh
254,16.4,NA1_5501876938,0,,Blue,1,Azir,Lucian,Vex,Yunara,Rell,Hecarim,Draven,Zoe,Mel,Jayce,Nasus,Skarner,Anivia,Aphelios,Senna
255,16.4,NA1_5501876938,1,,Red,0,Nasus,Skarner,Anivia,Aphelios,Senna,Pyke,Ambessa,Kassadin,Mel,Riven,Azir,Lucian,Vex,Yunara,Rell
256,16.4,NA1_5501221515,0,,Blue,1,Riven,Morgana,Nasus,Azir,Bard,Jayce,Akshan,Shaco,Pyke,Renekton,Garen,Fiddlesticks,Kog'Maw,Seraphine,Rell
257,16.4,NA1_5501221515,1,,Red,0,Garen,Fiddlesticks,Kog'Maw,Seraphine,Rell,Ambessa,Twitch,Yunara,Yasuo,Akali,Riven,Morgana,Nasus,Azir,Bard
258,16.4,NA1_5502332661,1,,Blue,1,Anivia,Udyr,Viktor,Corki,Nautilus,Aatrox,Gwen,Mel,Ambessa,Zoe,Tryndamere,Jayce,Vex,Sivir,Thresh
259,16.4,NA1_5502332661,0,,Red,0,Tryndamere,Jayce,Vex,Sivir,Thresh,Kha'Zix,Graves,Gwen,Urgot,Mel,Anivia,Udyr,Viktor,Corki,Nautilus
260,16.3,NA1_5493074594,1,,Blue,1,Jayce,Sylas,Malphite,Yunara,Yuumi,Nautilus,Bel'Veth,Irelia,Draven,Hwei,Rumble,Ambessa,Xerath,Sivir,Senna
261,16.3,NA1_5493074594,0,,Red,0,Rumble,Ambessa,Xerath,Sivir,Senna,Riven,Rengar,Pyke,Nautilus,Akali,Jayce,Sylas,Malphite,Yunara,Yuumi
262,16.4,NA1_5496599891,0,,Blue,1,Udyr,Graves,Lux,Caitlyn,Nautilus,Mel,Riven,Blitzcrank,Bard,,Fiora,Zyra,Katarina,Jhin,Pyke
263,16.4,NA1_5496599891,1,,Red,0,Fiora,Zyra,Katarina,Jhin,Pyke,Syndra,Jarvan IV,Ezreal,Yasuo,Ambessa,Udyr,Graves,Lux,Caitlyn,Nautilus
264,16.3,NA1_5492142317,1,,Blue,1,Dr. Mundo,Graves,Zed,Draven,Lee Sin,Anivia,Braum,Elise,Ambessa,Poppy,Gangplank,Kha'Zix,Morgana,Caitlyn,Karma
265,16.3,NA1_5492142317,0,,Red,0,Gangplank,Kha'Zix,Morgana,Caitlyn,Karma,Jarvan IV,Tryndamere,Yasuo,Akali,Pyke,Dr. Mundo,Graves,Zed,Draven,Lee Sin
266,16.3,NA1_5494118393,0,,Blue,1,Xin Zhao,Lee Sin,Twisted Fate,Jhin,Soraka,Draven,Zoe,Nunu & Willump,Pyke,Zaahen,Irelia,Kindred,Ryze,Jinx,Karma
267,16.3,NA1_5494118393,1,,Red,0,Irelia,Kindred,Ryze,Jinx,Karma,Gwen,Kha'Zix,Draven,Anivia,Jax,Xin Zhao,Lee Sin,Twisted Fate,Jhin,Soraka
268,16.4,NA1_5498991445,1,,Blue,1,Jayce,Hecarim,Zoe,Smolder,Rakan,Xin Zhao,Zaahen,Riven,Mel,Graves,Aatrox,Jarvan IV,Tristana,Seraphine,Alistar
269,16.4,NA1_5498991445,0,,Red,0,Aatrox,Jarvan IV,Tristana,Seraphine,Alistar,Sona,Mel,Elise,,Zaahen,Jayce,Hecarim,Zoe,Smolder,Rakan
270,16.3,NA1_5491820932,0,,Blue,1,Camille,Kayn,Ziggs,Lux,Nami,Pyke,Mel,Jayce,Ambessa,,Jax,Viego,Neeko,Sivir,Bard
271,16.3,NA1_5491820932,1,,Red,0,Jax,Viego,Neeko,Sivir,Bard,Orianna,Nautilus,Poppy,Azir,Talon,Camille,Kayn,Ziggs,Lux,Nami
272,16.4,NA1_5499090559,0,,Blue,1,Jax,Master Yi,Zed,Mel,Nami,Lucian,,Gwen,Garen,Ambessa,Pantheon,Bel'Veth,Ahri,Kai'Sa,Sona
273,16.4,NA1_5499090559,1,,Red,0,Pantheon,Bel'Veth,Ahri,Kai'Sa,Sona,Pyke,,Fiddlesticks,Riven,Graves,Jax,Master Yi,Zed,Mel,Nami
274,16.4,NA1_5498860847,0,,Blue,1,Malphite,Xin Zhao,Lucian,Lux,Sona,Twitch,Pyke,Yasuo,Qiyana,Jayce,Sylas,Aatrox,Vladimir,Kalista,Senna
275,16.4,NA1_5498860847,1,,Red,0,Sylas,Aatrox,Vladimir,Kalista,Senna,Graves,Fiddlesticks,Riven,Jayce,Mel,Malphite,Xin Zhao,Lucian,Lux,Sona
276,16.4,NA1_5499805608,0,,Blue,1,Jayce,Viego,Ryze,Zeri,Galio,,Kha'Zix,Draven,Ezreal,Ambessa,Dr. Mundo,Ekko,Ahri,Tristana,Nautilus
277,16.4,NA1_5499805608,1,,Red,0,Dr. Mundo,Ekko,Ahri,Tristana,Nautilus,Varus,Anivia,Yasuo,Karma,Sylas,Jayce,Viego,Ryze,Zeri,Galio
278,16.4,NA1_5499346418,0,,Blue,1,Jayce,Volibear,Azir,Lux,Rell,Kennen,Pyke,Zoe,Zed,Mel,Olaf,Jarvan IV,Akali,Yunara,Blitzcrank
279,16.4,NA1_5499346418,1,,Red,0,Olaf,Jarvan IV,Akali,Yunara,Blitzcrank,Rengar,Vayne,Seraphine,Riven,Jax,Jayce,Volibear,Azir,Lux,Rell
280,16.4,NA1_5495913341,0,,Blue,1,Rek'Sai,Teemo,Syndra,Corki,Nami,Fizz,Kha'Zix,Jax,Nautilus,Caitlyn,Mordekaiser,Zed,Gangplank,Aphelios,Thresh
281,16.4,NA1_5495913341,1,,Red,0,Mordekaiser,Zed,Gangplank,Aphelios,Thresh,Yasuo,Bel'Veth,Aurora,Jayce,Kha'Zix,Rek'Sai,Teemo,Syndra,Corki,Nami
282,16.4,NA1_5502331057,0,,Blue,1,Shen,Hecarim,Sylas,Ezreal,Rakan,Sivir,Bard,Aphelios,Tryndamere,Anivia,Mordekaiser,Kha'Zix,Aurora,Ashe,Seraphine
283,16.4,NA1_5502331057,1,,Red,0,Mordekaiser,Kha'Zix,Aurora,Ashe,Seraphine,Rengar,Ambessa,Lux,Darius,LeBlanc,Shen,Hecarim,Sylas,Ezreal,Rakan
284,16.3,NA1_5493749271,0,,Blue,1,Aatrox,Dr. Mundo,Cassiopeia,Varus,Thresh,Vayne,Akali,Yasuo,Diana,Lux,Singed,Ekko,Ezreal,Zeri,Alistar
285,16.3,NA1_5493749271,1,,Red,0,Singed,Ekko,Ezreal,Zeri,Alistar,Rengar,Draven,Gwen,Kha'Zix,Urgot,Aatrox,Dr. Mundo,Cassiopeia,Varus,Thresh
286,16.4,NA1_5501519090,0,,Blue,1,Varus,Ambessa,Yasuo,Xerath,Elise,,Katarina,Jayce,Rengar,Vayne,Riven,Diana,Akali,Twitch,Bard
287,16.4,NA1_5501519090,1,,Red,0,Riven,Diana,Akali,Twitch,Bard,Kennen,Lux,,LeBlanc,Irelia,Varus,Ambessa,Yasuo,Xerath,Elise
288,16.4,NA1_5502030858,1,,Blue,1,Zaahen,Rengar,Sylas,Jayce,Milio,,Braum,Wukong,,Kha'Zix,Yasuo,Ivern,Anivia,Varus,Alistar
289,16.4,NA1_5502030858,0,,Red,0,Yasuo,Ivern,Anivia,Varus,Alistar,Zilean,,Talon,Draven,Sion,Zaahen,Rengar,Sylas,Jayce,Milio
290,16.4,NA1_5499675686,1,,Blue,1,Malphite,Qiyana,LeBlanc,Mel,Briar,Rengar,Naafiri,Gwen,Nilah,Ezreal,Riven,Kindred,Dr. Mundo,Jhin,Leona
291,16.4,NA1_5499675686,0,,Red,0,Riven,Kindred,Dr. Mundo,Jhin,Leona,Ambessa,,Rengar,Anivia,Jayce,Malphite,Qiyana,LeBlanc,Mel,Briar
292,16.4,NA1_5497647274,1,,Blue,1,Ryze,Kha'Zix,Lee Sin,Miss Fortune,Neeko,,Graves,Ambessa,Draven,Renekton,Zaahen,Jarvan IV,Veigar,Aphelios,Lulu
293,16.4,NA1_5497647274,0,,Red,0,Zaahen,Jarvan IV,Veigar,Aphelios,Lulu,Bard,,Riven,Akshan,Draven,Ryze,Kha'Zix,Lee Sin,Miss Fortune,Neeko
294,16.3,NA1_5492240650,1,,Blue,1,Yorick,Rumble,Tristana,Varus,LeBlanc,Akshan,Yasuo,,Qiyana,Orianna,Jayce,Lee Sin,Twisted Fate,Hwei,Bard
295,16.3,NA1_5492240650,0,,Red,0,Jayce,Lee Sin,Twisted Fate,Hwei,Bard,Malphite,Riven,Pyke,Fiddlesticks,Zoe,Yorick,Rumble,Tristana,Varus,LeBlanc
296,16.4,NA1_5501915704,0,,Blue,1,Tryndamere,Naafiri,Mel,Ezreal,Karma,Lee Sin,Pantheon,Twitch,Fiddlesticks,Malphite,Camille,Zac,Ahri,Corki,Alistar
297,16.4,NA1_5501915704,1,,Red,0,Camille,Zac,Ahri,Corki,Alistar,Ambessa,Yasuo,Gwen,Riven,Zoe,Tryndamere,Naafiri,Mel,Ezreal,Karma
298,16.3,NA1_5493956529,0,,Blue,1,K'Sante,Nidalee,Pyke,Yunara,Lulu,Akali,Rengar,Zaahen,Xin Zhao,Yasuo,Gwen,Jarvan IV,Aurora,Lucian,Nami
299,16.3,NA1_5493956529,1,,Red,0,Gwen,Jarvan IV,Aurora,Lucian,Nami,Akshan,Rengar,Syndra,Qiyana,Riven,K'Sante,Nidalee,Pyke,Yunara,Lulu
300,16.4,NA1_5499872435,0,,Blue,1,Mordekaiser,Naafiri,Syndra,Twitch,Bard,Rengar,Yasuo,,Braum,,Azir,Ambessa,Yone,Ahri,Blitzcrank
301,16.4,NA1_5499872435,1,,Red,0,Azir,Ambessa,Yone,Ahri,Blitzcrank,Akali,Dr. Mundo,Poppy,Mel,Jayce,Mordekaiser,Naafiri,Syndra,Twitch,Bard
302,16.4,NA1_5499905627,0,,Blue,1,Volibear,Graves,Ahri,Vladimir,Camille,Irelia,Ambessa,Fiddlesticks,Jax,Shaco,Jayce,Sion,Zac,Yunara,Karma
303,16.4,NA1_5499905627,1,,Red,0,Jayce,Sion,Zac,Yunara,Karma,Poppy,Gwen,Pyke,Lux,Rengar,Volibear,Graves,Ahri,Vladimir,Camille
304,16.3,NA1_5494586126,1,,Blue,1,Rumble,Kindred,Yasuo,Irelia,Soraka,Jax,Rengar,Gwen,Blitzcrank,Akali,K'Sante,Jarvan IV,Taliyah,Sivir,Bard
305,16.3,NA1_5494586126,0,,Red,0,K'Sante,Jarvan IV,Taliyah,Sivir,Bard,Zaahen,Pyke,Zed,Ambessa,Rengar,Rumble,Kindred,Yasuo,Irelia,Soraka
306,16.4,NA1_5499775385,1,,Blue,1,Riven,Talon,Yone,Mel,Leona,Renekton,Rengar,Kassadin,Ambessa,Yasuo,Fiora,Ekko,Jayce,Ashe,K'Sante
307,16.4,NA1_5499775385,0,,Red,0,Fiora,Ekko,Jayce,Ashe,K'Sante,Zac,Caitlyn,Zed,Master Yi,Qiyana,Riven,Talon,Yone,Mel,Leona
308,16.4,NA1_5496889370,1,,Blue,1,K'Sante,Ekko,Zed,Senna,Rell,Shaco,Akali,Vladimir,Kha'Zix,Alistar,Gnar,Nunu & Willump,Morgana,Pyke,Leona
309,16.4,NA1_5496889370,0,,Red,0,Gnar,Nunu & Willump,Morgana,Pyke,Leona,Braum,,Sylas,Bel'Veth,Galio,K'Sante,Ekko,Zed,Senna,Rell
310,16.4,NA1_5496560065,0,,Blue,1,Olaf,Darius,Akali,Ezreal,Karma,Jax,Ambessa,Zed,Pyke,,Aurora,Maokai,Yone,Yunara,Soraka
311,16.4,NA1_5496560065,1,,Red,0,Aurora,Maokai,Yone,Yunara,Soraka,Master Yi,Sona,Nunu & Willump,Zoe,Corki,Olaf,Darius,Akali,Ezreal,Karma
312,16.4,NA1_5498593505,1,,Blue,1,Ambessa,Rengar,Lux,Yunara,Neeko,Mel,Poppy,,Pyke,Rumble,Gragas,Rek'Sai,Katarina,Sivir,Nami
313,16.4,NA1_5498593505,0,,Red,0,Gragas,Rek'Sai,Katarina,Sivir,Nami,Zaahen,Lee Sin,Draven,Master Yi,Bel'Veth,Ambessa,Rengar,Lux,Yunara,Neeko
314,16.4,NA1_5500686060,0,,Blue,1,Zed,Gwen,Vladimir,Jinx,Braum,Sona,Ambessa,Nasus,Syndra,Pyke,Irelia,Talon,Galio,Zeri,Soraka
315,16.4,NA1_5500686060,1,,Red,0,Irelia,Talon,Galio,Zeri,Soraka,Rengar,Ambessa,Zoe,Jax,Kha'Zix,Zed,Gwen,Vladimir,Jinx,Braum
316,16.4,NA1_5502229619,0,,Blue,1,Illaoi,Neeko,Veigar,Xayah,Milio,,Kennen,Nilah,Ambessa,Akali,Azir,Lee Sin,Katarina,Ashe,Seraphine
317,16.4,NA1_5502229619,1,,Red,0,Azir,Lee Sin,Katarina,Ashe,Seraphine,Akali,Sona,Zac,Graves,Jayce,Illaoi,Neeko,Veigar,Xayah,Milio
318,16.4,NA1_5500902690,1,,Blue,1,Akshan,Graves,Galio,Seraphine,Pyke,Riven,Qiyana,Zoe,Jayce,Mel,Cassiopeia,Olaf,Smolder,Swain,Senna
319,16.4,NA1_5500902690,0,,Red,0,Cassiopeia,Olaf,Smolder,Swain,Senna,Mel,Kayn,Karma,Zed,Zoe,Akshan,Graves,Galio,Seraphine,Pyke
320,16.3,NA1_5491880100,1,,Blue,1,Urgot,Nidalee,Azir,Yunara,Lulu,Twitch,Gwen,Riven,Zac,Fiora,Aurelion Sol,Vi,Yone,Tristana,Braum
321,16.3,NA1_5491880100,0,,Red,0,Aurelion Sol,Vi,Yone,Tristana,Braum,Irelia,Varus,Kha'Zix,Zoe,Riven,Urgot,Nidalee,Azir,Yunara,Lulu
322,16.4,NA1_5495852505,0,,Blue,1,Aurora,Fizz,Shen,Xayah,Nami,Graves,Zed,Talon,Syndra,Blitzcrank,Kayle,Skarner,Akali,Corki,Sona
323,16.4,NA1_5495852505,1,,Red,0,Kayle,Skarner,Akali,Corki,Sona,Sylas,Katarina,Ambessa,Zed,Jax,Aurora,Fizz,Shen,Xayah,Nami
324,16.4,NA1_5500712317,1,,Blue,1,Cassiopeia,Jayce,Ryze,Xayah,Rakan,Poppy,Rengar,Akali,Yasuo,,Graves,Ambessa,Aurora,Corki,Nami
325,16.4,NA1_5500712317,0,,Red,0,Graves,Ambessa,Aurora,Corki,Nami,Zed,Rengar,Jax,Yasuo,Caitlyn,Cassiopeia,Jayce,Ryze,Xayah,Rakan
326,16.4,NA1_5498914061,1,,Blue,1,Gragas,Graves,Yasuo,Varus,Karma,,Riven,Orianna,Rengar,Gwen,Vladimir,Jarvan IV,Lucian,Lux,Sona
327,16.4,NA1_5498914061,0,,Red,0,Vladimir,Jarvan IV,Lucian,Lux,Sona,Ivern,Riven,Pyke,Kennen,Mel,Gragas,Graves,Yasuo,Varus,Karma
328,16.4,NA1_5497302183,1,,Blue,1,Irelia,Talon,Ezreal,Lux,Zoe,Sivir,Ambessa,Malphite,Shaco,Zed,Yasuo,Qiyana,Ahri,Vladimir,Pyke
329,16.4,NA1_5497302183,0,,Red,0,Yasuo,Qiyana,Ahri,Vladimir,Pyke,Senna,Akali,Riven,Zaahen,Sylas,Irelia,Talon,Ezreal,Lux,Zoe
330,16.3,NA1_5491803163,0,,Blue,1,Akali,Zac,Sion,Draven,Nautilus,Varus,Caitlyn,Riven,Janna,Gwen,Pantheon,Jarvan IV,Twisted Fate,Corki,Nami
331,16.3,NA1_5491803163,1,,Red,0,Pantheon,Jarvan IV,Twisted Fate,Corki,Nami,Aphelios,Smolder,Ambessa,Zaahen,Zoe,Akali,Zac,Sion,Draven,Nautilus
332,16.4,NA1_5499205678,0,,Blue,1,Jayce,Xin Zhao,Veigar,Ezreal,Karma,Draven,Qiyana,Rumble,Seraphine,LeBlanc,Sion,Zac,Ziggs,Kai'Sa,Nautilus
333,16.4,NA1_5499205678,1,,Red,0,Sion,Zac,Ziggs,Kai'Sa,Nautilus,Zoe,Zaahen,Kha'Zix,Gwen,,Jayce,Xin Zhao,Veigar,Ezreal,Karma
334,16.4,NA1_5496230780,1,,Blue,1,Jax,Graves,Galio,Aphelios,Lulu,Caitlyn,Akali,Kindred,Mel,Yasuo,Kennen,Fizz,Jayce,Lucian,Neeko
335,16.4,NA1_5496230780,0,,Red,0,Kennen,Fizz,Jayce,Lucian,Neeko,Gwen,Sona,,Pyke,Riven,Jax,Graves,Galio,Aphelios,Lulu
336,16.4,NA1_5500038248,1,,Blue,1,Cassiopeia,Graves,Varus,Yasuo,Swain,Karma,Akali,Ambessa,Jayce,Mel,Rengar,Zyra,Yone,Seraphine,Alistar
337,16.4,NA1_5500038248,0,,Red,0,Rengar,Zyra,Yone,Seraphine,Alistar,Darius,Bel'Veth,Lux,Gwen,Bard,Cassiopeia,Graves,Varus,Yasuo,Swain
338,16.4,NA1_5495980095,1,,Blue,1,Sion,Graves,Aurelion Sol,Jhin,Nautilus,Jax,Singed,Orianna,,Yasuo,Rumble,Gwen,Akshan,Caitlyn,Seraphine
339,16.4,NA1_5495980095,0,,Red,0,Rumble,Gwen,Akshan,Caitlyn,Seraphine,Yasuo,Pyke,Akali,Jayce,Blitzcrank,Sion,Graves,Aurelion Sol,Jhin,Nautilus
340,16.4,NA1_5495809899,0,,Blue,1,Jayce,Wukong,Malzahar,Yunara,Lulu,Riven,Kha'Zix,Yasuo,Lucian,,Aurora,Vi,Smolder,Samira,Alistar
341,16.4,NA1_5495809899,1,,Red,0,Aurora,Vi,Smolder,Samira,Alistar,Amumu,Sona,Graves,,Akali,Jayce,Wukong,Malzahar,Yunara,Lulu
342,16.4,NA1_5497624342,0,,Blue,1,Aurora,Jarvan IV,Ryze,Aphelios,Nautilus,Sona,Rengar,Draven,Kindred,Yasuo,Karma,Lee Sin,Irelia,Kog'Maw,Braum
343,16.4,NA1_5497624342,1,,Red,0,Karma,Lee Sin,Irelia,Kog'Maw,Braum,Ambessa,Lux,Neeko,Qiyana,Gwen,Aurora,Jarvan IV,Ryze,Aphelios,Nautilus
344,16.4,NA1_5500406668,0,,Blue,1,Rumble,Ambessa,Anivia,Irelia,Karma,Alistar,Mel,Riven,Bel'Veth,Ahri,Varus,Vi,Yone,Lux,Zoe
345,16.4,NA1_5500406668,1,,Red,0,Varus,Vi,Yone,Lux,Zoe,Sivir,,,Rengar,Riven,Rumble,Ambessa,Anivia,Irelia,Karma
346,16.3,NA1_5495568069,1,,Blue,1,Aurora,Trundle,Ahri,Yunara,Lulu,,Varus,Rengar,Riven,,Jayce,Draven,Ryze,Sion,Senna
347,16.3,NA1_5495568069,0,,Red,0,Jayce,Draven,Ryze,Sion,Senna,Poppy,Ambessa,Nunu & Willump,Qiyana,Nautilus,Aurora,Trundle,Ahri,Yunara,Lulu
348,16.3,NA1_5492644119,0,,Blue,1,Kayle,Ornn,Sett,Viktor,Soraka,,Fiora,Gwen,Pyke,Jax,Singed,Master Yi,Zed,Kai'Sa,Senna
349,16.3,NA1_5492644119,1,,Red,0,Singed,Master Yi,Zed,Kai'Sa,Senna,Nunu & Willump,Akali,Aphelios,Sona,Jayce,Kayle,Ornn,Sett,Viktor,Soraka
350,16.3,NA1_5492094078,1,,Blue,1,Akali,Kindred,Ryze,Tristana,Yuumi,Pyke,Riven,Draven,Poppy,Zilean,Jayce,Ambessa,Sejuani,Aphelios,Bard
351,16.3,NA1_5492094078,0,,Red,0,Jayce,Ambessa,Sejuani,Aphelios,Bard,Kha'Zix,Twitch,Lee Sin,Rumble,Neeko,Akali,Kindred,Ryze,Tristana,Yuumi
352,16.3,NA1_5491879305,1,,Blue,1,Yasuo,Bel'Veth,Karma,Lucian,Alistar,Jax,Zaahen,Fiora,Malphite,Braum,Volibear,Talon,Zac,Kai'Sa,Nautilus
353,16.3,NA1_5491879305,0,,Red,0,Volibear,Talon,Zac,Kai'Sa,Nautilus,Diana,Poppy,Riven,Fiora,Draven,Yasuo,Bel'Veth,Karma,Lucian,Alistar
354,16.3,NA1_5491912557,0,,Blue,1,Tryndamere,Wukong,Taliyah,Ezreal,Nautilus,Malphite,Zaahen,Neeko,Rengar,Janna,Gwen,Vi,Yone,Viktor,Blitzcrank
355,16.3,NA1_5491912557,1,,Red,0,Gwen,Vi,Yone,Viktor,Blitzcrank,Braum,Lucian,Darius,Akali,Qiyana,Tryndamere,Wukong,Taliyah,Ezreal,Nautilus
356,16.4,NA1_5501223668,0,,Blue,1,Zaahen,Zac,Zoe,Aphelios,Leona,Bard,Riven,Zed,Zilean,Janna,Singed,Volibear,Mel,Kai'Sa,Alistar
357,16.4,NA1_5501223668,1,,Red,0,Singed,Volibear,Mel,Kai'Sa,Alistar,Kayle,Varus,Ambessa,Kha'Zix,Kassadin,Zaahen,Zac,Zoe,Aphelios,Leona
358,16.4,NA1_5501691164,1,,Blue,1,Yone,Master Yi,Ahri,Karthus,Taric,Jinx,Aatrox,Kindred,Kha'Zix,Zed,Heimerdinger,Ekko,Sion,Ezreal,Karma
359,16.4,NA1_5501691164,0,,Red,0,Heimerdinger,Ekko,Sion,Ezreal,Karma,Draven,Syndra,Kha'Zix,Irelia,Sona,Yone,Master Yi,Ahri,Karthus,Taric
360,16.4,NA1_5499624529,1,,Blue,1,Vladimir,Zaahen,Karma,Aphelios,Bard,,Graves,Fiddlesticks,Riven,Ambessa,Gnar,Jayce,Zoe,Jhin,Janna
361,16.4,NA1_5499624529,0,,Red,0,Gnar,Jayce,Zoe,Jhin,Janna,Kennen,,Zac,Bel'Veth,Cassiopeia,Vladimir,Zaahen,Karma,Aphelios,Bard
362,16.4,NA1_5501628457,0,,Blue,1,Kennen,Kha'Zix,Zoe,Ezreal,Bard,Mel,Yasuo,Akali,Jayce,Ambessa,Irelia,Talon,Ahri,Kai'Sa,Pyke
363,16.4,NA1_5501628457,1,,Red,0,Irelia,Talon,Ahri,Kai'Sa,Pyke,Graves,Sona,Jayce,Nautilus,,Kennen,Kha'Zix,Zoe,Ezreal,Bard
364,16.4,NA1_5498878703,1,,Blue,1,Rumble,Graves,Qiyana,Lucian,Milio,Rengar,Vladimir,Gwen,Aurora,Sona,Ornn,Xin Zhao,Taliyah,Ashe,Seraphine
365,16.4,NA1_5498878703,0,,Red,0,Ornn,Xin Zhao,Taliyah,Ashe,Seraphine,Gwen,Ambessa,Draven,Kha'Zix,,Rumble,Graves,Qiyana,Lucian,Milio
366,16.4,NA1_5497152110,0,,Blue,1,Yone,Graves,Ahri,Mel,Nami,Sona,Kha'Zix,Skarner,Rengar,Blitzcrank,Rumble,Jarvan IV,Sion,Ezreal,Karma
367,16.4,NA1_5497152110,1,,Red,0,Rumble,Jarvan IV,Sion,Ezreal,Karma,Varus,Vex,Riven,Nunu & Willump,Lucian,Yone,Graves,Ahri,Mel,Nami
368,16.3,NA1_5494524249,0,,Blue,1,Irelia,Kha'Zix,Galio,Kai'Sa,Pyke,Fiddlesticks,Mel,Caitlyn,Akshan,Gwen,Corki,Rengar,Syndra,Yunara,Thresh
369,16.3,NA1_5494524249,1,,Red,0,Corki,Rengar,Syndra,Yunara,Thresh,Yasuo,Jayce,Ambessa,Riven,Caitlyn,Irelia,Kha'Zix,Galio,Kai'Sa,Pyke
370,16.3,NA1_5493054140,0,,Blue,1,Rumble,Jayce,Anivia,Ezreal,Karma,Gangplank,Lux,,Nunu & Willump,Riven,Gnar,Lee Sin,Ryze,Varus,Sona
371,16.3,NA1_5493054140,1,,Red,0,Gnar,Lee Sin,Ryze,Varus,Sona,Azir,,Ambessa,Rengar,Lux,Rumble,Jayce,Anivia,Ezreal,Karma
372,16.3,NA1_5494206523,0,,Blue,1,Sett,Volibear,Vladimir,Ezreal,Brand,Kai'Sa,Riven,Rengar,Braum,Fiddlesticks,Jayce,Zac,Ryze,Jinx,Lee Sin
373,16.3,NA1_5494206523,1,,Red,0,Jayce,Zac,Ryze,Jinx,Lee Sin,Poppy,Varus,Anivia,Braum,Ambessa,Sett,Volibear,Vladimir,Ezreal,Brand
374,16.3,NA1_5492913408,1,,Blue,1,Aurora,Dr. Mundo,Yasuo,Ezreal,Thresh,Ambessa,Riven,Draven,Fiora,Mel,Aatrox,Xin Zhao,Anivia,Jhin,Shaco
375,16.3,NA1_5492913408,0,,Red,0,Aatrox,Xin Zhao,Anivia,Jhin,Shaco,Yone,Draven,Karma,Riven,Irelia,Aurora,Dr. Mundo,Yasuo,Ezreal,Thresh
376,16.4,NA1_5500502228,1,,Blue,1,Kled,Jax,Zac,Ziggs,Karma,Qiyana,Jayce,Fiora,Mel,Pyke,Vladimir,Udyr,Zed,Draven,Janna
377,16.4,NA1_5500502228,0,,Red,0,Vladimir,Udyr,Zed,Draven,Janna,Bard,Ambessa,Mel,Twisted Fate,Kha'Zix,Kled,Jax,Zac,Ziggs,Karma
378,16.4,NA1_5499332498,0,,Blue,1,Jax,Dr. Mundo,Pyke,Yunara,Sona,Caitlyn,Zac,Gangplank,,Akali,Vayne,Ambessa,Aurora,Jhin,Nautilus
379,16.4,NA1_5499332498,1,,Red,0,Vayne,Ambessa,Aurora,Jhin,Nautilus,Riven,Karma,Mel,Jayce,Poppy,Jax,Dr. Mundo,Pyke,Yunara,Sona
380,16.4,NA1_5497818990,0,,Blue,1,Fiora,Zaahen,Orianna,Jhin,Rumble,Miss Fortune,Swain,Sona,,Jayce,Kayle,Graves,Riven,Kai'Sa,Nautilus
381,16.4,NA1_5497818990,1,,Red,0,Kayle,Graves,Riven,Kai'Sa,Nautilus,Mel,Jayce,Bel'Veth,Gwen,Renekton,Fiora,Zaahen,Orianna,Jhin,Rumble
382,16.4,NA1_5500632283,0,,Blue,1,Rengar,Lee Sin,Fiddlesticks,Jinx,Karma,Yasuo,Bel'Veth,Braum,Darius,Sylas,Tryndamere,Xin Zhao,Viktor,Xayah,Rakan
383,16.4,NA1_5500632283,1,,Red,0,Tryndamere,Xin Zhao,Viktor,Xayah,Rakan,Graves,Kassadin,Qiyana,Pyke,,Rengar,Lee Sin,Fiddlesticks,Jinx,Karma
384,16.4,NA1_5498479293,1,,Blue,1,Riven,Vayne,Twisted Fate,Varus,Poppy,Akshan,Bard,Rumble,,Jayce,Akali,Naafiri,Malzahar,Yunara,Lulu
385,16.4,NA1_5498479293,0,,Red,0,Akali,Naafiri,Malzahar,Yunara,Lulu,Mel,Yasuo,Ambessa,Bel'Veth,Gwen,Riven,Vayne,Twisted Fate,Varus,Poppy
386,16.4,NA1_5498465298,1,,Blue,1,Rengar,Zyra,Dr. Mundo,Ezreal,Thresh,Darius,Pyke,Anivia,Bel'Veth,Fiora,Gangplank,Lee Sin,Azir,Miss Fortune,Neeko
387,16.4,NA1_5498465298,0,,Red,0,Gangplank,Lee Sin,Azir,Miss Fortune,Neeko,Kha'Zix,Viktor,Kai'Sa,,Bel'Veth,Rengar,Zyra,Dr. Mundo,Ezreal,Thresh
388,16.4,NA1_5498577714,0,,Blue,1,Gragas,Jayce,Ekko,Aphelios,Soraka,Rengar,Graves,Draven,Fiora,Twitch,Garen,Lee Sin,Lux,Yunara,Anivia
389,16.4,NA1_5498577714,1,,Red,0,Garen,Lee Sin,Lux,Yunara,Anivia,LeBlanc,Varus,Braum,Nasus,Malphite,Gragas,Jayce,Ekko,Aphelios,Soraka
390,16.4,NA1_5499678196,0,,Blue,1,Rek'Sai,Ambessa,Galio,Kai'Sa,Nautilus,Renata Glasc,,Nunu & Willump,,Irelia,Renekton,Lee Sin,Ryze,Twitch,Sona
391,16.4,NA1_5499678196,1,,Red,0,Renekton,Lee Sin,Ryze,Twitch,Sona,Syndra,Riven,Yasuo,,Jayce,Rek'Sai,Ambessa,Galio,Kai'Sa,Nautilus
392,16.4,NA1_5499915954,1,,Blue,1,Aurora,Taric,Akshan,Xayah,Blitzcrank,Naafiri,Lucian,,Viktor,Ambessa,Gnar,Zac,Kassadin,Ezreal,Sona
393,16.4,NA1_5499915954,0,,Red,0,Gnar,Zac,Kassadin,Ezreal,Sona,Jayce,Kha'Zix,Pyke,Zed,Mel,Aurora,Taric,Akshan,Xayah,Blitzcrank
394,16.4,NA1_5498925191,1,,Blue,1,Camille,Ekko,Twisted Fate,Jhin,Rammus,Karma,Leona,Sylas,Zoe,Jax,Poppy,Lillia,Orianna,Senna,Soraka
395,16.4,NA1_5498925191,0,,Red,0,Poppy,Lillia,Orianna,Senna,Soraka,Jarvan IV,Ambessa,Kha'Zix,Rengar,Akali,Camille,Ekko,Twisted Fate,Jhin,Rammus
396,16.4,NA1_5500235751,0,,Blue,1,Ambessa,Graves,Syndra,Veigar,Nami,Pyke,Akali,Taric,Vayne,Bel'Veth,Aatrox,Viego,LeBlanc,Ezreal,Karma
397,16.4,NA1_5500235751,1,,Red,0,Aatrox,Viego,LeBlanc,Ezreal,Karma,Pyke,Rek'Sai,Mel,Zoe,Heimerdinger,Ambessa,Graves,Syndra,Veigar,Nami
398,16.4,NA1_5502116727,0,,Blue,1,Sion,Dr. Mundo,Viktor,Draven,Neeko,Pyke,Braum,Gwen,Blitzcrank,Akali,Varus,Zed,Aurora,Caitlyn,Lux
399,16.4,NA1_5502116727,1,,Red,0,Varus,Zed,Aurora,Caitlyn,Lux,Nautilus,Cho'Gath,Bel'Veth,Jax,Yasuo,Sion,Dr. Mundo,Viktor,Draven,Neeko
400,16.4,NA1_5502232489,0,,Blue,1,Ornn,Xin Zhao,Hwei,Ezreal,Nami,Akali,Fiora,Rengar,Morgana,Akshan,Ambessa,Sylas,Twitch,Viktor,Blitzcrank
401,16.4,NA1_5502232489,1,,Red,0,Ambessa,Sylas,Twitch,Viktor,Blitzcrank,Karma,Caitlyn,Darius,Yasuo,Riven,Ornn,Xin Zhao,Hwei,Ezreal,Nami
402,16.4,NA1_5501882459,1,,Blue,1,Fiora,Taliyah,Nasus,Swain,Soraka,Anivia,Sivir,Ambessa,Malphite,Azir,Mordekaiser,Lee Sin,Katarina,Lucian,Leona
403,16.4,NA1_5501882459,0,,Red,0,Mordekaiser,Lee Sin,Katarina,Lucian,Leona,Draven,Irelia,Yasuo,Braum,Jayce,Fiora,Taliyah,Nasus,Swain,Soraka
404,16.4,NA1_5501384579,1,,Blue,1,Jayce,Kindred,Sylas,Seraphine,Nautilus,Rengar,Sivir,Nunu & Willump,Yasuo,Ambessa,Varus,Udyr,Tristana,Jhin,Elise
405,16.4,NA1_5501384579,0,,Red,0,Varus,Udyr,Tristana,Jhin,Elise,Nunu & Willump,Ambessa,Riven,Akshan,Zed,Jayce,Kindred,Sylas,Seraphine,Nautilus
406,16.4,NA1_5500151172,0,,Blue,1,Vayne,Teemo,Ekko,Ezreal,Swain,Shaco,Jax,Malphite,Akali,Karma,Ambessa,Qiyana,Aurora,Yasuo,Lee Sin
407,16.4,NA1_5500151172,1,,Red,0,Ambessa,Qiyana,Aurora,Yasuo,Lee Sin,Caitlyn,Rengar,Syndra,Poppy,Riven,Vayne,Teemo,Ekko,Ezreal,Swain
408,16.4,NA1_5502117740,0,,Blue,1,Gangplank,Evelynn,Zed,Yunara,Renata Glasc,Zoe,,Mel,Braum,Cassiopeia,Varus,Wukong,Sylas,Aphelios,Blitzcrank
409,16.4,NA1_5502117740,1,,Red,0,Varus,Wukong,Sylas,Aphelios,Blitzcrank,Ezreal,Zoe,Kha'Zix,Draven,Fiora,Gangplank,Evelynn,Zed,Yunara,Renata Glasc
410,16.4,NA1_5501557059,1,,Blue,1,Riven,Jarvan IV,Ahri,Draven,Neeko,Braum,Zoe,Kennen,Pyke,Ambessa,Anivia,Vi,Ryze,Ashe,Zilean
411,16.4,NA1_5501557059,0,,Red,0,Anivia,Vi,Ryze,Ashe,Zilean,Mel,Aatrox,Ambessa,Sona,Yasuo,Riven,Jarvan IV,Ahri,Draven,Neeko
412,16.3,NA1_5491898808,1,,Blue,1,Gnar,Dr. Mundo,Ryze,Corki,Sona,Irelia,Pyke,Naafiri,Nautilus,Gwen,Gangplank,Ekko,Tristana,Aurelion Sol,Leona
413,16.3,NA1_5491898808,0,,Red,0,Gangplank,Ekko,Tristana,Aurelion Sol,Leona,Ezreal,Rengar,Lux,Braum,Rumble,Gnar,Dr. Mundo,Ryze,Corki,Sona
414,16.4,NA1_5498179609,1,,Blue,1,Varus,Rek'Sai,Twisted Fate,Lucian,Senna,Yasuo,Kassadin,Lulu,Jax,Pyke,Kennen,Lee Sin,Mel,Yunara,Milio
415,16.4,NA1_5498179609,0,,Red,0,Kennen,Lee Sin,Mel,Yunara,Milio,Malphite,Akali,Bel'Veth,Sivir,Fiora,Varus,Rek'Sai,Twisted Fate,Lucian,Senna
416,16.4,NA1_5498329752,0,,Blue,1,Malphite,Briar,Malzahar,Seraphine,Nautilus,Kha'Zix,Samira,Braum,Yasuo,Rumble,Morgana,Vayne,Mel,Lucian,Lulu
417,16.4,NA1_5498329752,1,,Red,0,Morgana,Vayne,Mel,Lucian,Lulu,Rumble,Ahri,Braum,Alistar,Tryndamere,Malphite,Briar,Malzahar,Seraphine,Nautilus
418,16.4,NA1_5499921988,1,,Blue,1,Renekton,Fiddlesticks,Kassadin,Ashe,Rakan,Ambessa,Zed,Kled,,Caitlyn,Illaoi,Taric,Tristana,Yunara,Lee Sin
419,16.4,NA1_5499921988,0,,Red,0,Illaoi,Taric,Tristana,Yunara,Lee Sin,Yasuo,Naafiri,Zoe,Riven,Poppy,Renekton,Fiddlesticks,Kassadin,Ashe,Rakan
420,16.4,NA1_5501071116,1,,Blue,1,Ambessa,Zaahen,Ezreal,Mel,Karma,Rengar,Sona,Sivir,Riven,Shaco,Sion,Pantheon,Zilean,Yunara,Soraka
421,16.4,NA1_5501071116,0,,Red,0,Sion,Pantheon,Zilean,Yunara,Soraka,Yasuo,Kha'Zix,Qiyana,Riven,Zoe,Ambessa,Zaahen,Ezreal,Mel,Karma
422,16.4,NA1_5501063520,1,,Blue,1,Shen,Ambessa,Ahri,Varus,Janna,Dr. Mundo,Sylas,Tryndamere,Zoe,Rengar,Riven,Lee Sin,Anivia,Seraphine,Alistar
423,16.4,NA1_5501063520,0,,Red,0,Riven,Lee Sin,Anivia,Seraphine,Alistar,Nunu & Willump,Gwen,Jayce,Syndra,Mel,Shen,Ambessa,Ahri,Varus,Janna
424,16.4,NA1_5499908477,1,,Blue,1,Azir,Ambessa,Heimerdinger,Swain,Bard,Pyke,Sylas,Jayce,Mel,Vladimir,Varus,Rek'Sai,Lux,Lucian,Blitzcrank
425,16.4,NA1_5499908477,0,,Red,0,Varus,Rek'Sai,Lux,Lucian,Blitzcrank,Twitch,Taliyah,Yasuo,Jax,Kassadin,Azir,Ambessa,Heimerdinger,Swain,Bard
426,16.4,NA1_5498471084,0,,Blue,1,Gnar,Graves,LeBlanc,Yasuo,Nautilus,Vex,Pyke,Jax,Nilah,Shaco,Singed,Rek'Sai,Galio,Lucian,Elise
427,16.4,NA1_5498471084,1,,Red,0,Singed,Rek'Sai,Galio,Lucian,Elise,Lux,Poppy,Master Yi,Draven,Jayce,Gnar,Graves,LeBlanc,Yasuo,Nautilus
428,16.3,NA1_5492321094,1,,Blue,1,Yorick,Bel'Veth,Ahri,Seraphine,Nautilus,Poppy,Draven,Pyke,Zed,Riven,K'Sante,Graves,Jayce,Lux,Karma
429,16.3,NA1_5492321094,0,,Red,0,K'Sante,Graves,Jayce,Lux,Karma,Aphelios,Sivir,Vayne,Zoe,Rengar,Yorick,Bel'Veth,Ahri,Seraphine,Nautilus
430,16.4,NA1_5502129263,0,,Blue,1,Gnar,Talon,Akshan,Mel,Sona,Ambessa,Yasuo,Zac,Braum,Blitzcrank,Illaoi,Shaco,Annie,Ezreal,Karma
431,16.4,NA1_5502129263,1,,Red,0,Illaoi,Shaco,Annie,Ezreal,Karma,Lillia,Rengar,Draven,Yorick,Zoe,Gnar,Talon,Akshan,Mel,Sona
432,16.3,NA1_5493173075,0,,Blue,1,Orianna,Jarvan IV,Poppy,Lux,Morgana,Sivir,Yasuo,Jayce,,Twitch,Varus,Ambessa,Akali,Ezreal,Blitzcrank
433,16.3,NA1_5493173075,1,,Red,0,Varus,Ambessa,Akali,Ezreal,Blitzcrank,Nunu & Willump,Jayce,Rengar,Kha'Zix,Pyke,Orianna,Jarvan IV,Poppy,Lux,Morgana
434,16.3,NA1_5491920263,0,,Blue,1,Riven,Nidalee,Naafiri,Yunara,Pyke,Yasuo,Janna,Sivir,Ambessa,Rengar,Anivia,Jarvan IV,Yone,Aurelion Sol,Nami
435,16.3,NA1_5491920263,1,,Red,0,Anivia,Jarvan IV,Yone,Aurelion Sol,Nami,Ezreal,Karma,Zoe,Varus,Jax,Riven,Nidalee,Naafiri,Yunara,Pyke
436,16.4,NA1_5501256552,1,,Blue,1,Jayce,Lee Sin,Ahri,Varus,Anivia,Thresh,Kindred,Mel,Riven,Zed,Camille,Briar,Azir,Zyra,Bard
437,16.4,NA1_5501256552,0,,Red,0,Camille,Briar,Azir,Zyra,Bard,Gwen,Syndra,Pyke,Renekton,Ambessa,Jayce,Lee Sin,Ahri,Varus,Anivia
438,16.4,NA1_5500354460,1,,Blue,1,Shen,Rengar,Sylas,Ziggs,Karma,Tryndamere,Fiddlesticks,Sivir,Zoe,Poppy,Zaahen,Talon,Ryze,Aphelios,Pantheon
439,16.4,NA1_5500354460,0,,Red,0,Zaahen,Talon,Ryze,Aphelios,Pantheon,Malphite,Lux,Anivia,Ambessa,Bel'Veth,Shen,Rengar,Sylas,Ziggs,Karma
440,16.4,NA1_5501745874,0,,Blue,1,Shen,Nidalee,Brand,Twitch,Nami,Draven,Tryndamere,Bel'Veth,Swain,Kassadin,Jayce,Shaco,Ziggs,Tristana,Blitzcrank
441,16.4,NA1_5501745874,1,,Red,0,Jayce,Shaco,Ziggs,Tristana,Blitzcrank,Ambessa,Zaahen,Yasuo,Riven,Pyke,Shen,Nidalee,Brand,Twitch,Nami
442,16.4,NA1_5501365771,0,,Blue,1,Riven,Rek'Sai,LeBlanc,Swain,Taric,Yasuo,Naafiri,Zyra,Azir,Draven,Anivia,Nunu & Willump,Poppy,Vayne,Amumu
443,16.4,NA1_5501365771,1,,Red,0,Anivia,Nunu & Willump,Poppy,Vayne,Amumu,,Karma,Draven,Mel,Kha'Zix,Riven,Rek'Sai,LeBlanc,Swain,Taric
444,16.4,NA1_5501688273,1,,Blue,1,Zaahen,Xin Zhao,Anivia,Ashe,Bard,Sona,Riven,Yasuo,Rengar,Syndra,Malphite,Lee Sin,Kog'Maw,Caitlyn,Thresh
445,16.4,NA1_5501688273,0,,Red,0,Malphite,Lee Sin,Kog'Maw,Caitlyn,Thresh,Sion,Bel'Veth,Rengar,Ambessa,Mel,Zaahen,Xin Zhao,Anivia,Ashe,Bard
446,16.4,NA1_5500828254,0,,Blue,1,Nasus,Rengar,Orianna,Sivir,Skarner,Akali,Ambessa,Lee Sin,Gwen,Poppy,Rumble,Zaahen,Taliyah,Jinx,Lulu
447,16.4,NA1_5500828254,1,,Red,0,Rumble,Zaahen,Taliyah,Jinx,Lulu,Riven,Nunu & Willump,,Sona,Darius,Nasus,Rengar,Orianna,Sivir,Skarner
448,16.3,NA1_5495128218,1,,Blue,1,Aurora,Hecarim,Gragas,Ezreal,Senna,,Viktor,Bel'Veth,Riven,,Rumble,Ambessa,Akshan,Lucian,Nami
449,16.3,NA1_5495128218,0,,Red,0,Rumble,Ambessa,Akshan,Lucian,Nami,Draven,Poppy,Nunu & Willump,Riven,,Aurora,Hecarim,Gragas,Ezreal,Senna
450,16.4,NA1_5497650773,1,,Blue,1,Vladimir,Nidalee,Pantheon,Poppy,Alistar,Sivir,Draven,Gwen,Lux,Varus,Aurora,Zac,Zed,Smolder,Bard
451,16.4,NA1_5497650773,0,,Red,0,Aurora,Zac,Zed,Smolder,Bard,Rengar,Sona,Kindred,Riven,Akali,Vladimir,Nidalee,Pantheon,Poppy,Alistar
452,16.4,NA1_5501426199,1,,Blue,1,Dr. Mundo,Talon,Viktor,Swain,Lee Sin,Gwen,Rek'Sai,Akali,Poppy,Braum,Udyr,Zaahen,Karma,Vladimir,Pyke
453,16.4,NA1_5501426199,0,,Red,0,Udyr,Zaahen,Karma,Vladimir,Pyke,Zed,Caitlyn,Ambessa,Shaco,Elise,Dr. Mundo,Talon,Viktor,Swain,Lee Sin
454,16.4,NA1_5495885162,0,,Blue,1,Anivia,Naafiri,Ahri,Xayah,Leona,Riven,Gwen,Gangplank,Yasuo,Galio,Irelia,Fizz,Katarina,Jinx,Neeko
455,16.4,NA1_5495885162,1,,Red,0,Irelia,Fizz,Katarina,Jinx,Neeko,,Akali,Darius,Pyke,,Anivia,Naafiri,Ahri,Xayah,Leona
456,16.4,NA1_5495851331,0,,Blue,1,Vayne,Wukong,Hwei,Jhin,Neeko,Zed,Gwen,Zaahen,Bel'Veth,,Malphite,Graves,Katarina,Senna,Nami
457,16.4,NA1_5495851331,1,,Red,0,Malphite,Graves,Katarina,Senna,Nami,Jayce,Blitzcrank,Kindred,Gwen,Ryze,Vayne,Wukong,Hwei,Jhin,Neeko
458,16.3,NA1_5495592697,0,,Blue,1,Sion,Vi,Taliyah,Caitlyn,Braum,Diana,Yasuo,Ambessa,Talon,Riven,Aatrox,Sylas,Aurora,Ezreal,Nidalee
459,16.3,NA1_5495592697,1,,Red,0,Aatrox,Sylas,Aurora,Ezreal,Nidalee,Akali,Pantheon,Rengar,,Riven,Sion,Vi,Taliyah,Caitlyn,Braum
460,16.4,NA1_5499436652,1,,Blue,1,Irelia,Jayce,Taliyah,Ezreal,Bard,Varus,Bel'Veth,Kennen,Viktor,Lee Sin,Camille,Ambessa,Xerath,Seraphine,Neeko
461,16.4,NA1_5499436652,0,,Red,0,Camille,Ambessa,Xerath,Seraphine,Neeko,,Riven,Jax,Mel,,Irelia,Jayce,Taliyah,Ezreal,Bard
462,16.4,NA1_5501671077,1,,Blue,1,Cassiopeia,Fiddlesticks,Riven,Caitlyn,Pantheon,Galio,Nautilus,Lux,Rengar,Azir,Varus,Xin Zhao,Anivia,Ezreal,Yuumi
463,16.4,NA1_5501671077,0,,Red,0,Varus,Xin Zhao,Anivia,Ezreal,Yuumi,Aurora,Graves,Yasuo,Lucian,Rengar,Cassiopeia,Fiddlesticks,Riven,Caitlyn,Pantheon
464,16.4,NA1_5496062123,1,,Blue,1,Akali,Brand,Akshan,Jhin,Nautilus,Ambessa,Yasuo,Draven,Rengar,Kindred,Sion,Naafiri,Taliyah,Hwei,Senna
465,16.4,NA1_5496062123,0,,Red,0,Sion,Naafiri,Taliyah,Hwei,Senna,Katarina,Kha'Zix,Bard,Karma,Sona,Akali,Brand,Akshan,Jhin,Nautilus
466,16.4,NA1_5502170801,1,,Blue,1,Ahri,Jayce,Yone,Draven,Thresh,,Sona,Ambessa,Twitch,Rengar,Zac,Lee Sin,Viktor,Seraphine,Tahm Kench
467,16.4,NA1_5502170801,0,,Red,0,Zac,Lee Sin,Viktor,Seraphine,Tahm Kench,Akali,Sivir,Poppy,Bel'Veth,Ambessa,Ahri,Jayce,Yone,Draven,Thresh
468,16.4,NA1_5497012552,0,,Blue,1,Cho'Gath,Ambessa,Graves,Ezreal,Seraphine,Karma,Shaco,Rengar,Neeko,Aatrox,Irelia,Lillia,Sion,Jhin,Nidalee
469,16.4,NA1_5497012552,1,,Red,0,Irelia,Lillia,Sion,Jhin,Nidalee,Yone,Zed,Kindred,Gwen,Riven,Cho'Gath,Ambessa,Graves,Ezreal,Seraphine
470,16.4,NA1_5496588043,0,,Blue,1,Jayce,Hecarim,Viktor,Aphelios,Braum,Ambessa,Akshan,Riven,Senna,Akali,Irelia,Lee Sin,Zac,Ezreal,Rumble
471,16.4,NA1_5496588043,1,,Red,0,Irelia,Lee Sin,Zac,Ezreal,Rumble,Poppy,Sona,Nautilus,,Kha'Zix,Jayce,Hecarim,Viktor,Aphelios,Braum
472,16.3,NA1_5492926317,1,,Blue,1,Rumble,Rengar,Ahri,Senna,Rakan,Akali,Lux,Poppy,Gangplank,Pyke,Jayce,Rammus,Twisted Fate,Caitlyn,Anivia
473,16.3,NA1_5492926317,0,,Red,0,Jayce,Rammus,Twisted Fate,Caitlyn,Anivia,Ambessa,Varus,Nunu & Willump,,Katarina,Rumble,Rengar,Ahri,Senna,Rakan
474,16.4,NA1_5499107834,1,,Blue,1,Yasuo,Hecarim,Orianna,Twitch,Yuumi,Graves,Jax,Pyke,Varus,Ekko,K'Sante,Talon,Veigar,Ashe,Senna
475,16.4,NA1_5499107834,0,,Red,0,K'Sante,Talon,Veigar,Ashe,Senna,Shen,Bel'Veth,Bard,Malphite,Sivir,Yasuo,Hecarim,Orianna,Twitch,Yuumi
476,16.3,NA1_5493660145,1,,Blue,1,Fiora,Kha'Zix,Taliyah,Lux,Neeko,Aurora,Nautilus,Zed,Jayce,Pyke,Ambessa,Ekko,Yone,Lucian,Yuumi
477,16.3,NA1_5493660145,0,,Red,0,Ambessa,Ekko,Yone,Lucian,Yuumi,Gwen,Mel,Akali,Ziggs,Rengar,Fiora,Kha'Zix,Taliyah,Lux,Neeko
478,16.3,NA1_5491923076,1,,Blue,1,Malphite,Bel'Veth,Ahri,Corki,Alistar,Dr. Mundo,Poppy,Hecarim,Draven,Sylas,Nasus,Zac,Pantheon,Kai'Sa,Nautilus
479,16.3,NA1_5491923076,0,,Red,0,Nasus,Zac,Pantheon,Kai'Sa,Nautilus,Jayce,Orianna,Pyke,Braum,Jax,Malphite,Bel'Veth,Ahri,Corki,Alistar
480,16.3,NA1_5493583602,0,,Blue,1,Jax,Ambessa,Xerath,Mel,Senna,Kha'Zix,Akali,Zac,Darius,Lux,Gnar,Lee Sin,Aurora,Yunara,Lulu
481,16.3,NA1_5493583602,1,,Red,0,Gnar,Lee Sin,Aurora,Yunara,Lulu,Nautilus,Sona,Naafiri,Rengar,Gangplank,Jax,Ambessa,Xerath,Mel,Senna
482,16.3,NA1_5492839993,1,,Blue,1,Riven,Nidalee,Syndra,Tristana,Lulu,Shaco,Fiddlesticks,Ambessa,Yasuo,Sona,Fiora,Xin Zhao,Aurora,Jinx,Thresh
483,16.3,NA1_5492839993,0,,Red,0,Fiora,Xin Zhao,Aurora,Jinx,Thresh,Talon,Yasuo,Twitch,Ambessa,Lux,Riven,Nidalee,Syndra,Tristana,Lulu
484,16.4,NA1_5502384587,1,,Blue,1,Vayne,Lee Sin,LeBlanc,Vladimir,Pantheon,Poppy,Naafiri,Fiddlesticks,,Singed,Talon,Hecarim,Kennen,Ezreal,Karma
485,16.4,NA1_5502384587,0,,Red,0,Talon,Hecarim,Kennen,Ezreal,Karma,Ambessa,Draven,Lux,Galio,Jax,Vayne,Lee Sin,LeBlanc,Vladimir,Pantheon
486,16.4,NA1_5497753007,0,,Blue,1,Fiora,Sylas,Orianna,Miss Fortune,Leona,,Rengar,Karma,Zoe,Aatrox,Nasus,Viego,Syndra,Caitlyn,Elise
487,16.4,NA1_5497753007,1,,Red,0,Nasus,Viego,Syndra,Caitlyn,Elise,Akali,Yasuo,Ahri,Bel'Veth,Ambessa,Fiora,Sylas,Orianna,Miss Fortune,Leona
488,16.4,NA1_5502255049,0,,Blue,1,Ambessa,Brand,Sion,Ashe,Braum,Tryndamere,Draven,,Zeri,Kha'Zix,Wukong,Fizz,Cassiopeia,Senna,Seraphine
489,16.4,NA1_5502255049,1,,Red,0,Wukong,Fizz,Cassiopeia,Senna,Seraphine,Lux,Pyke,Yasuo,Kha'Zix,Jax,Ambessa,Brand,Sion,Ashe,Braum
490,16.3,NA1_5492825971,0,,Blue,1,Sion,Jayce,Viktor,Ezreal,Maokai,Nunu & Willump,Ambessa,Kha'Zix,Riven,Fiora,Sett,Rengar,Syndra,Xerath,Nami
491,16.3,NA1_5492825971,1,,Red,0,Sett,Rengar,Syndra,Xerath,Nami,Kai'Sa,Akali,Zilean,Kha'Zix,Riven,Sion,Jayce,Viktor,Ezreal,Maokai
492,16.3,NA1_5495194998,0,,Blue,1,Gangplank,Sylas,Zed,Jinx,Sona,Draven,Pyke,Ambessa,Riven,Kindred,Aatrox,Malphite,Zoe,Senna,Lux
493,16.3,NA1_5495194998,1,,Red,0,Aatrox,Malphite,Zoe,Senna,Lux,Fiora,Ambessa,Draven,Akshan,Nautilus,Gangplank,Sylas,Zed,Jinx,Sona
494,16.3,NA1_5493127826,0,,Blue,1,Jax,Graves,Xerath,Jhin,Anivia,Bard,Fiddlesticks,Akali,Fiora,Kindred,Rumble,Jarvan IV,Fizz,Lucian,Sona
495,16.3,NA1_5493127826,1,,Red,0,Rumble,Jarvan IV,Fizz,Lucian,Sona,Sylas,Pyke,,Yasuo,Lee Sin,Jax,Graves,Xerath,Jhin,Anivia
496,16.4,NA1_5502248914,0,,Blue,1,K'Sante,Jarvan IV,Hwei,Ziggs,Senna,,Shaco,Taliyah,Talon,,Olaf,Kha'Zix,Corki,Veigar,Alistar
497,16.4,NA1_5502248914,1,,Red,0,Olaf,Kha'Zix,Corki,Veigar,Alistar,Sylas,Mel,Ambessa,Rengar,Gwen,K'Sante,Jarvan IV,Hwei,Ziggs,Senna
498,16.4,NA1_5500186444,1,,Blue,1,Heimerdinger,Gwen,Neeko,Nilah,Pyke,Talon,Zoe,Elise,Kha'Zix,Irelia,Jayce,Volibear,Twisted Fate,Xayah,Janna
499,16.4,NA1_5500186444,0,,Red,0,Jayce,Volibear,Twisted Fate,Xayah,Janna,Draven,Mel,Ambessa,Lillia,Malphite,Heimerdinger,Gwen,Neeko,Nilah,Pyke
500,16.4,NA1_5499229966,0,,Blue,1,Tryndamere,Pantheon,Zoe,Twitch,Thresh,Akshan,Kindred,Malphite,Yasuo,Rengar,Sion,Viego,LeBlanc,Ezreal,Nami
501,16.4,NA1_5499229966,1,,Red,0,Sion,Viego,LeBlanc,Ezreal,Nami,,Ambessa,Viktor,Kha'Zix,Gwen,Tryndamere,Pantheon,Zoe,Twitch,Thresh
502,16.3,NA1_5492276227,0,,Blue,1,Sion,Jayce,Galio,Ziggs,Nautilus,Sivir,Yasuo,Tryndamere,Braum,Zac,Veigar,Viego,Azir,Ezreal,Karma
503,16.3,NA1_5492276227,1,,Red,0,Veigar,Viego,Azir,Ezreal,Karma,Gwen,Aphelios,Yasuo,Kha'Zix,Rengar,Sion,Jayce,Galio,Ziggs,Nautilus
504,16.4,NA1_5496966977,0,,Blue,1,K'Sante,Ambessa,Azir,Kai'Sa,Bard,Pyke,Rengar,Corki,Bel'Veth,Malphite,Gwen,Lee Sin,Akali,Ezreal,Annie
505,16.4,NA1_5496966977,1,,Red,0,Gwen,Lee Sin,Akali,Ezreal,Annie,Neeko,Yasuo,Riven,Rengar,Fizz,K'Sante,Ambessa,Azir,Kai'Sa,Bard
506,16.4,NA1_5499653044,1,,Blue,1,Vladimir,Wukong,Ahri,Sivir,Nautilus,Lucian,Cassiopeia,Yorick,Ambessa,Viego,Dr. Mundo,Skarner,Twisted Fate,Senna,Braum
507,16.4,NA1_5499653044,0,,Red,0,Dr. Mundo,Skarner,Twisted Fate,Senna,Braum,Malphite,Azir,Ivern,Yasuo,Jayce,Vladimir,Wukong,Ahri,Sivir,Nautilus
508,16.4,NA1_5502374113,0,,Blue,1,Sett,Kindred,Ahri,Varus,Mel,Syndra,Akshan,Sivir,Tryndamere,Nautilus,Riven,Teemo,Zoe,Ezreal,Karma
509,16.4,NA1_5502374113,1,,Red,0,Riven,Teemo,Zoe,Ezreal,Karma,Azir,,Yasuo,Zed,Shen,Sett,Kindred,Ahri,Varus,Mel
510,16.4,NA1_5500965475,1,,Blue,1,Aurora,Jayce,Anivia,Ziggs,Alistar,Ambessa,Pyke,Draven,Rengar,Yasuo,Yorick,Graves,Ryze,Lucian,Nami
511,16.4,NA1_5500965475,0,,Red,0,Yorick,Graves,Ryze,Lucian,Nami,Qiyana,Draven,Riven,Talon,Kha'Zix,Aurora,Jayce,Anivia,Ziggs,Alistar
512,16.3,NA1_5493484658,1,,Blue,1,Poppy,Qiyana,Fizz,Yunara,Lulu,Sylas,Rengar,Twitch,Gwen,Renekton,Zed,Bel'Veth,Azir,Lucian,Braum
513,16.3,NA1_5493484658,0,,Red,0,Zed,Bel'Veth,Azir,Lucian,Braum,Akali,Taliyah,Pyke,Jax,Kassadin,Poppy,Qiyana,Fizz,Yunara,Lulu
514,16.4,NA1_5499939291,1,,Blue,1,Ambessa,Evelynn,Galio,Kai'Sa,Pyke,Braum,Zoe,Renekton,Volibear,Twitch,Sion,Bel'Veth,LeBlanc,Ezreal,Taric
515,16.4,NA1_5499939291,0,,Red,0,Sion,Bel'Veth,LeBlanc,Ezreal,Taric,Yasuo,Vex,Graves,Rakan,Jax,Ambessa,Evelynn,Galio,Kai'Sa,Pyke
516,16.4,NA1_5501696410,0,,Blue,1,Renekton,Brand,Sylas,Senna,Rakan,Master Yi,Rengar,Jax,Caitlyn,LeBlanc,Rumble,Zaahen,Taliyah,Yunara,Pyke
517,16.4,NA1_5501696410,1,,Red,0,Rumble,Zaahen,Taliyah,Yunara,Pyke,Draven,Fiora,Ezreal,Ryze,Camille,Renekton,Brand,Sylas,Senna,Rakan
518,16.4,NA1_5501943863,1,,Blue,1,Darius,Poppy,Taliyah,Fiora,Nautilus,Draven,Braum,Shaco,,Akshan,Sett,Bel'Veth,Galio,Jinx,Lulu
519,16.4,NA1_5501943863,0,,Red,0,Sett,Bel'Veth,Galio,Jinx,Lulu,Ahri,Graves,Kassadin,Riven,Kha'Zix,Darius,Poppy,Taliyah,Fiora,Nautilus
520,16.3,NA1_5491883115,0,,Blue,1,Aatrox,Fiddlesticks,Jayce,Kai'Sa,Thresh,Alistar,Gwen,Draven,Urgot,Rengar,Riven,Shyvana,Diana,Jhin,Morgana
521,16.3,NA1_5491883115,1,,Red,0,Riven,Shyvana,Diana,Jhin,Morgana,Draven,Nautilus,Gwen,Ambessa,Yone,Aatrox,Fiddlesticks,Jayce,Kai'Sa,Thresh
522,16.4,NA1_5499034447,1,,Blue,1,Shen,Diana,Yasuo,Tristana,Janna,Malphite,Dr. Mundo,Caitlyn,Akali,Rengar,Ornn,Lee Sin,Azir,Ezreal,Senna
523,16.4,NA1_5499034447,0,,Red,0,Ornn,Lee Sin,Azir,Ezreal,Senna,,Bel'Veth,Fiora,Pyke,Zoe,Shen,Diana,Yasuo,Tristana,Janna
524,16.4,NA1_5502026087,0,,Blue,1,Irelia,Graves,Galio,Smolder,Bard,Ahri,Rengar,Kha'Zix,Aphelios,Jax,Akali,Ambessa,Orianna,Corki,Neeko
525,16.4,NA1_5502026087,1,,Red,0,Akali,Ambessa,Orianna,Corki,Neeko,Azir,Yasuo,,Malphite,Pyke,Irelia,Graves,Galio,Smolder,Bard
526,16.4,NA1_5500169675,1,,Blue,1,Varus,Zac,Akali,Yunara,Lulu,Mel,,Kindred,,Draven,Yasuo,Ambessa,Azir,Aphelios,Thresh
527,16.4,NA1_5500169675,0,,Red,0,Yasuo,Ambessa,Azir,Aphelios,Thresh,,Aurora,,Caitlyn,Graves,Varus,Zac,Akali,Yunara,Lulu
528,16.3,NA1_5491787555,1,,Blue,1,Lissandra,Bel'Veth,Galio,Yunara,Rakan,Caitlyn,Varus,Ambessa,Riven,Graves,Zaahen,Lee Sin,Taliyah,Ezreal,Alistar
529,16.3,NA1_5491787555,0,,Red,0,Zaahen,Lee Sin,Taliyah,Ezreal,Alistar,Zac,Riven,Talon,Akali,Sylas,Lissandra,Bel'Veth,Galio,Yunara,Rakan
530,16.4,NA1_5499794288,1,,Blue,1,Azir,Talon,Anivia,Jhin,Nautilus,Rek'Sai,Taric,Akali,Yasuo,Mel,Sejuani,Zac,Veigar,Nilah,Pyke
531,16.4,NA1_5499794288,0,,Red,0,Sejuani,Zac,Veigar,Nilah,Pyke,Janna,Sylas,Varus,Ekko,Aurora,Azir,Talon,Anivia,Jhin,Nautilus
532,16.4,NA1_5496160198,0,,Blue,1,Aurora,Kindred,Ryze,Kai'Sa,Nautilus,Jax,Draven,Pyke,Jayce,Riven,Yorick,Kha'Zix,Taliyah,Senna,Lulu
533,16.4,NA1_5496160198,1,,Red,0,Yorick,Kha'Zix,Taliyah,Senna,Lulu,Bel'Veth,Master Yi,Gwen,Rengar,,Aurora,Kindred,Ryze,Kai'Sa,Nautilus
534,16.4,NA1_5498927239,1,,Blue,1,Jax,Camille,Ambessa,Vladimir,Senna,Nami,Fiddlesticks,Kennen,Veigar,,Volibear,Graves,Taliyah,Jinx,Lulu
535,16.4,NA1_5498927239,0,,Red,0,Volibear,Graves,Taliyah,Jinx,Lulu,Jayce,Anivia,,Pyke,,Jax,Camille,Ambessa,Vladimir,Senna
536,16.4,NA1_5495834643,1,,Blue,1,Renekton,Graves,Taliyah,Varus,Fiddlesticks,Draven,Milio,Malphite,,Akshan,Yone,Aatrox,Viktor,Fizz,Nautilus
537,16.4,NA1_5495834643,0,,Red,0,Yone,Aatrox,Viktor,Fizz,Nautilus,Katarina,Jax,Master Yi,Caitlyn,Akali,Renekton,Graves,Taliyah,Varus,Fiddlesticks
538,16.4,NA1_5495868965,0,,Blue,1,Yasuo,Lee Sin,Morgana,Ahri,Neeko,Riven,Akali,Rengar,Bel'Veth,Pyke,Aatrox,Nocturne,Orianna,Aphelios,Maokai
539,16.4,NA1_5495868965,1,,Red,0,Aatrox,Nocturne,Orianna,Aphelios,Maokai,Riven,Varus,Kha'Zix,Gwen,Gangplank,Yasuo,Lee Sin,Morgana,Ahri,Neeko
540,16.4,NA1_5502564336,1,,Blue,1,Sejuani,Aatrox,Anivia,Jinx,Alistar,Neeko,Azir,Draven,Kassadin,Ahri,Shen,Sylas,Lux,Tristana,Varus
541,16.4,NA1_5502564336,0,,Red,0,Shen,Sylas,Lux,Tristana,Varus,Zed,Tryndamere,Azir,Nasus,Ambessa,Sejuani,Aatrox,Anivia,Jinx,Alistar
542,16.4,NA1_5501117538,1,,Blue,1,Fiora,Sylas,Naafiri,Kai'Sa,Nautilus,Sona,Rengar,Irelia,Neeko,Malphite,Vayne,Maokai,Lissandra,Yunara,Nami
543,16.4,NA1_5501117538,0,,Red,0,Vayne,Maokai,Lissandra,Yunara,Nami,Neeko,Draven,Malphite,Jayce,Zoe,Fiora,Sylas,Naafiri,Kai'Sa,Nautilus
544,16.4,NA1_5497480628,1,,Blue,1,Volibear,Maokai,Zilean,Ezreal,Senna,Naafiri,Shaco,Akshan,Bard,Jax,Sejuani,Jayce,Vladimir,Sivir,Taric
545,16.4,NA1_5497480628,0,,Red,0,Sejuani,Jayce,Vladimir,Sivir,Taric,Bard,Gwen,Naafiri,Ambessa,Twitch,Volibear,Maokai,Zilean,Ezreal,Senna
546,16.4,NA1_5502509182,1,,Blue,1,Rengar,Kindred,Hwei,Ashe,Galio,Sylas,Kha'Zix,Zed,Darius,Syndra,Vel'Koz,Naafiri,Orianna,Kalista,Nautilus
547,16.4,NA1_5502509182,0,,Red,0,Vel'Koz,Naafiri,Orianna,Kalista,Nautilus,Malphite,Bard,Master Yi,Ambessa,Ekko,Rengar,Kindred,Hwei,Ashe,Galio
548,16.4,NA1_5502296250,0,,Blue,1,Nautilus,Jarvan IV,Lissandra,Corki,Nami,Rengar,Riven,LeBlanc,Darius,Varus,Anivia,Graves,Neeko,Lucian,Pyke
549,16.4,NA1_5502296250,1,,Red,0,Anivia,Graves,Neeko,Lucian,Pyke,Draven,Rengar,Ambessa,Aatrox,Mel,Nautilus,Jarvan IV,Lissandra,Corki,Nami
550,16.4,NA1_5502321012,0,,Blue,1,Shen,Hecarim,Orianna,Ashe,Karthus,Mel,Sona,Fiddlesticks,Rengar,Gnar,Kled,Talon,Cassiopeia,Varus,Rell
551,16.4,NA1_5502321012,1,,Red,0,Kled,Talon,Cassiopeia,Varus,Rell,Ambessa,Zed,Fiora,Yasuo,Zaahen,Shen,Hecarim,Orianna,Ashe,Karthus
552,16.4,NA1_5499399271,0,,Blue,1,K'Sante,Vi,Ryze,Miss Fortune,Neeko,,Riven,Shaco,Jayce,,Poppy,Lee Sin,Ahri,Aphelios,Sona
553,16.4,NA1_5499399271,1,,Red,0,Poppy,Lee Sin,Ahri,Aphelios,Sona,Irelia,Vladimir,Ambessa,Jayce,,K'Sante,Vi,Ryze,Miss Fortune,Neeko
554,16.4,NA1_5499984980,1,,Blue,1,Riven,Talon,Aurora,Swain,Senna,Sivir,Zoe,Ambessa,Jayce,Nunu & Willump,Varus,Maokai,Viego,Jinx,Lee Sin
555,16.4,NA1_5499984980,0,,Red,0,Varus,Maokai,Viego,Jinx,Lee Sin,Kha'Zix,Twitch,,Poppy,,Riven,Talon,Aurora,Swain,Senna
556,16.3,NA1_5495011123,1,,Blue,1,Fiora,Jarvan IV,Kassadin,Miss Fortune,Braum,Bel'Veth,Rengar,Vayne,Kindred,Anivia,Jax,Kha'Zix,Aurelion Sol,Yunara,Tahm Kench
557,16.3,NA1_5495011123,0,,Red,0,Jax,Kha'Zix,Aurelion Sol,Yunara,Tahm Kench,Anivia,Zyra,Yone,Swain,Rengar,Fiora,Jarvan IV,Kassadin,Miss Fortune,Braum
558,16.3,NA1_5494800673,0,,Blue,1,Renekton,Ambessa,Zac,Kai'Sa,Sona,Rengar,Nunu & Willump,Riven,Azir,Gwen,Aurora,Zaahen,Ahri,Yunara,Rakan
559,16.3,NA1_5494800673,1,,Red,0,Aurora,Zaahen,Ahri,Yunara,Rakan,Shaco,Gwen,Rengar,,Riven,Renekton,Ambessa,Zac,Kai'Sa,Sona
560,16.3,NA1_5495109427,0,,Blue,1,Jayce,Kayn,Smolder,Xerath,Soraka,Blitzcrank,Kindred,Kai'Sa,Poppy,Fiddlesticks,Malphite,Graves,Ahri,Aphelios,Nautilus
561,16.3,NA1_5495109427,1,,Red,0,Malphite,Graves,Ahri,Aphelios,Nautilus,,Bel'Veth,,Akshan,Nasus,Jayce,Kayn,Smolder,Xerath,Soraka
562,16.4,NA1_5500477758,0,,Blue,1,Briar,Camille,Anivia,Yasuo,Neeko,,Akali,Shaco,Jax,Bard,Kled,Zaahen,Twisted Fate,Tahm Kench,Senna
563,16.4,NA1_5500477758,1,,Red,0,Kled,Zaahen,Twisted Fate,Tahm Kench,Senna,Ekko,Veigar,Bel'Veth,Akali,Fiora,Briar,Camille,Anivia,Yasuo,Neeko
564,16.4,NA1_5496144792,0,,Blue,1,Sion,Graves,Orianna,Swain,Anivia,Kha'Zix,,,Sylas,Irelia,Rek'Sai,Draven,Akali,Varus,Annie
565,16.4,NA1_5496144792,1,,Red,0,Rek'Sai,Draven,Akali,Varus,Annie,,Gwen,Rengar,Lux,Riven,Sion,Graves,Orianna,Swain,Anivia
566,16.4,NA1_5497772734,1,,Blue,1,Kennen,Trundle,Ryze,Aphelios,Lulu,Ekko,Yorick,Nautilus,Draven,Gwen,Vladimir,Xin Zhao,Aurora,Jinx,Pantheon
567,16.4,NA1_5497772734,0,,Red,0,Vladimir,Xin Zhao,Aurora,Jinx,Pantheon,Riven,,Twitch,Graves,Rengar,Kennen,Trundle,Ryze,Aphelios,Lulu
568,16.4,NA1_5502387016,0,,Blue,1,Irelia,Malphite,Swain,Yunara,Rakan,Riven,Graves,Jax,Sylas,Rengar,Yone,Ivern,Orianna,Aphelios,Thresh
569,16.4,NA1_5502387016,1,,Red,0,Yone,Ivern,Orianna,Aphelios,Thresh,Sylas,Jax,Caitlyn,Jayce,Ambessa,Irelia,Malphite,Swain,Yunara,Rakan
570,16.4,NA1_5500530640,1,,Blue,1,Illaoi,Kha'Zix,Yasuo,Kai'Sa,Fiddlesticks,Draven,Riven,Kennen,Varus,Qiyana,Kled,Talon,Ambessa,Swain,Alistar
571,16.4,NA1_5500530640,0,,Red,0,Kled,Talon,Ambessa,Swain,Alistar,Draven,Poppy,Fiora,Neeko,Galio,Illaoi,Kha'Zix,Yasuo,Kai'Sa,Fiddlesticks
572,16.3,NA1_5495137828,1,,Blue,1,Camille,Sylas,Zed,Ziggs,Lee Sin,Akali,Corki,Rengar,Poppy,Kha'Zix,Gangplank,Vi,Lux,Twitch,Yuumi
573,16.3,NA1_5495137828,0,,Red,0,Gangplank,Vi,Lux,Twitch,Yuumi,Jayce,Akshan,,Yasuo,Nautilus,Camille,Sylas,Zed,Ziggs,Lee Sin
574,16.4,NA1_5498277786,1,,Blue,1,Jax,Taliyah,Yone,Lux,Sona,Rengar,Vladimir,Sivir,Syndra,Dr. Mundo,Malphite,Graves,Azir,Miss Fortune,Alistar
575,16.4,NA1_5498277786,0,,Red,0,Malphite,Graves,Azir,Miss Fortune,Alistar,Zoe,Jayce,Fiora,Gwen,Kai'Sa,Jax,Taliyah,Yone,Lux,Sona
576,16.4,NA1_5498410548,0,,Blue,1,Zaahen,Jayce,Rumble,Heimerdinger,Ivern,Pyke,Ziggs,Varus,Zoe,Naafiri,Kayle,Talon,Syndra,Xayah,Senna
577,16.4,NA1_5498410548,1,,Red,0,Kayle,Talon,Syndra,Xayah,Senna,Bel'Veth,Hwei,Gwen,Zed,Ambessa,Zaahen,Jayce,Rumble,Heimerdinger,Ivern
578,16.4,NA1_5501723875,0,,Blue,1,Azir,Jarvan IV,Ryze,Ashe,Seraphine,,Rengar,Sona,Ambessa,Viktor,Riven,Graves,Yone,Vladimir,Blitzcrank
579,16.4,NA1_5501723875,1,,Red,0,Riven,Graves,Yone,Vladimir,Blitzcrank,Zoe,Sivir,Akali,Jayce,Fiddlesticks,Azir,Jarvan IV,Ryze,Ashe,Seraphine
580,16.4,NA1_5502308144,0,,Blue,1,Sion,Viego,Veigar,Aphelios,Janna,Bel'Veth,Kassadin,Riven,,Yasuo,Singed,Draven,Neeko,Samira,Blitzcrank
581,16.4,NA1_5502308144,1,,Red,0,Singed,Draven,Neeko,Samira,Blitzcrank,Jayce,Braum,Shaco,Caitlyn,Pyke,Sion,Viego,Veigar,Aphelios,Janna
582,16.4,NA1_5500836433,1,,Blue,1,Fiora,Udyr,Azir,Ezreal,Nami,Ambessa,LeBlanc,Akali,Yunara,Malphite,Darius,Jarvan IV,Yasuo,Ziggs,Trundle
583,16.4,NA1_5500836433,0,,Red,0,Darius,Jarvan IV,Yasuo,Ziggs,Trundle,Pyke,Caitlyn,Irelia,Riven,Akali,Fiora,Udyr,Azir,Ezreal,Nami
584,16.3,NA1_5494426367,0,,Blue,1,Zaahen,Talon,Aurora,Jhin,Sona,Riven,Varus,Ambessa,Qiyana,Pyke,Fiora,Master Yi,Gragas,Jinx,Senna
585,16.3,NA1_5494426367,1,,Red,0,Fiora,Master Yi,Gragas,Jinx,Senna,Vladimir,Mel,Nautilus,Ambessa,Viktor,Zaahen,Talon,Aurora,Jhin,Sona
586,16.3,NA1_5494402785,0,,Blue,1,Jax,Kha'Zix,Swain,Draven,Janna,Braum,Sylas,Nautilus,Fiddlesticks,Gwen,Garen,Ambessa,Orianna,Aphelios,Milio
587,16.3,NA1_5494402785,1,,Red,0,Garen,Ambessa,Orianna,Aphelios,Milio,Rengar,Qiyana,Sona,Blitzcrank,Aurora,Jax,Kha'Zix,Swain,Draven,Janna
588,16.4,NA1_5501908145,0,,Blue,1,Yasuo,Trundle,Syndra,Varus,Nami,Ahri,Mel,Yone,Nasus,Ivern,Riven,Udyr,Viktor,Veigar,Seraphine
589,16.4,NA1_5501908145,1,,Red,0,Riven,Udyr,Viktor,Veigar,Seraphine,Ambessa,Kha'Zix,Anivia,Ezreal,Rengar,Yasuo,Trundle,Syndra,Varus,Nami
590,16.4,NA1_5501630873,0,,Blue,1,Varus,Talon,Ryze,Aphelios,Nautilus,Hecarim,Aurora,Bard,Sona,Rengar,Ambessa,Gwen,Katarina,Smolder,Leona
591,16.4,NA1_5501630873,1,,Red,0,Ambessa,Gwen,Katarina,Smolder,Leona,Draven,Kha'Zix,Trundle,Tristana,Vladimir,Varus,Talon,Ryze,Aphelios,Nautilus
592,16.4,NA1_5498219638,1,,Blue,1,Renekton,Vayne,Yone,Ezreal,Renata Glasc,Rek'Sai,Teemo,,Gwen,Jayce,Kennen,Ekko,Ambessa,Kalista,Elise
593,16.4,NA1_5498219638,0,,Red,0,Kennen,Ekko,Ambessa,Kalista,Elise,,Syndra,,Braum,Riven,Renekton,Vayne,Yone,Ezreal,Renata Glasc
594,16.3,NA1_5492121377,0,,Blue,1,Jayce,Dr. Mundo,Orianna,Swain,Alistar,Sylas,Karma,Mel,Fiora,Akali,Ambessa,Shaco,Anivia,Varus,Seraphine
595,16.3,NA1_5492121377,1,,Red,0,Ambessa,Shaco,Anivia,Varus,Seraphine,Gwen,Aphelios,Braum,Rengar,,Jayce,Dr. Mundo,Orianna,Swain,Alistar
596,16.4,NA1_5499324523,0,,Blue,1,Singed,Lee Sin,Annie,Jinx,Maokai,Draven,Ekko,Kayle,Graves,Lulu,Zaahen,Shaco,Naafiri,Veigar,Blitzcrank
597,16.4,NA1_5499324523,1,,Red,0,Zaahen,Shaco,Naafiri,Veigar,Blitzcrank,Ezreal,Karthus,Malphite,Ambessa,Irelia,Singed,Lee Sin,Annie,Jinx,Maokai
598,16.4,NA1_5496610100,0,,Blue,1,Naafiri,Lee Sin,Taliyah,Varus,Poppy,Zed,Kha'Zix,Ambessa,Kindred,Mel,Garen,Pantheon,Orianna,Xayah,Rakan
599,16.4,NA1_5496610100,1,,Red,0,Garen,Pantheon,Orianna,Xayah,Rakan,Thresh,Jayce,Zoe,Kha'Zix,Ambessa,Naafiri,Lee Sin,Taliyah,Varus,Poppy
600,16.4,NA1_5500551803,1,,Blue,1,Zac,Ambessa,Akali,Mel,Master Yi,Poppy,Gwen,Rengar,Twitch,Graves,Varus,Kha'Zix,Ahri,Ezreal,Elise
601,16.4,NA1_5500551803,0,,Red,0,Varus,Kha'Zix,Ahri,Ezreal,Elise,Yasuo,Jax,Akshan,Bel'Veth,Seraphine,Zac,Ambessa,Akali,Mel,Master Yi
602,16.3,NA1_5493168487,0,,Blue,1,Renekton,Ambessa,Twisted Fate,Kai'Sa,Nautilus,Zoe,Akali,Riven,Master Yi,Zaahen,Gnar,Rengar,Hwei,Sivir,Alistar
603,16.3,NA1_5493168487,1,,Red,0,Gnar,Rengar,Hwei,Sivir,Alistar,Diana,Draven,Akshan,Rumble,,Renekton,Ambessa,Twisted Fate,Kai'Sa,Nautilus
604,16.4,NA1_5497665350,0,,Blue,1,Fiora,Taliyah,Riven,Ziggs,Lee Sin,Jayce,Zoe,Graves,Renekton,Poppy,Rek'Sai,Briar,Hwei,Sivir,Alistar
605,16.4,NA1_5497665350,1,,Red,0,Rek'Sai,Briar,Hwei,Sivir,Alistar,Mel,Shaco,Nidalee,Fiddlesticks,,Fiora,Taliyah,Riven,Ziggs,Lee Sin
606,16.3,NA1_5492219666,0,,Blue,1,Zaahen,Evelynn,Morgana,Ezreal,Rell,Shaco,Ambessa,Gwen,Akali,Bard,Singed,Bel'Veth,Sivir,Mel,Sona
607,16.3,NA1_5492219666,1,,Red,0,Singed,Bel'Veth,Sivir,Mel,Sona,Pyke,Jax,Ryze,Nautilus,,Zaahen,Evelynn,Morgana,Ezreal,Rell
608,16.4,NA1_5496407453,1,,Blue,1,Udyr,Viego,Ryze,Smolder,Bard,Ambessa,Riven,Gwen,Katarina,Yone,Yasuo,Ivern,Galio,Sivir,Janna
609,16.4,NA1_5496407453,0,,Red,0,Yasuo,Ivern,Galio,Sivir,Janna,Malphite,Draven,Akali,Graves,Jax,Udyr,Viego,Ryze,Smolder,Bard
610,16.4,NA1_5502478109,0,,Blue,1,Tryndamere,Hecarim,Zoe,Ezreal,Camille,Karthus,Yasuo,Kindred,Heimerdinger,Sivir,Darius,Ambessa,Vayne,Kai'Sa,Sona
611,16.4,NA1_5502478109,1,,Red,0,Darius,Ambessa,Vayne,Kai'Sa,Sona,,Zaahen,Akshan,Jayce,Anivia,Tryndamere,Hecarim,Zoe,Ezreal,Camille
612,16.4,NA1_5495825836,0,,Blue,1,Ambessa,Vi,Katarina,Vladimir,Thresh,Riven,Zed,Fiddlesticks,Sona,Rengar,Jax,Kindred,Jayce,Ezreal,Bard
613,16.4,NA1_5495825836,1,,Red,0,Jax,Kindred,Jayce,Ezreal,Bard,Yunara,Graves,Gwen,Zed,Rumble,Ambessa,Vi,Katarina,Vladimir,Thresh
614,16.4,NA1_5496247921,1,,Blue,1,Sion,Jarvan IV,Annie,Kai'Sa,Blitzcrank,,Rengar,Riven,Zaahen,Kha'Zix,Urgot,Graves,Kayle,Ziggs,Pyke
615,16.4,NA1_5496247921,0,,Red,0,Urgot,Graves,Kayle,Ziggs,Pyke,Ambessa,Kha'Zix,Jayce,Talon,,Sion,Jarvan IV,Annie,Kai'Sa,Blitzcrank
616,16.3,NA1_5492844112,0,,Blue,1,Naafiri,Zed,Ambessa,Syndra,Neeko,Akali,Kha'Zix,Caitlyn,Riven,Gwen,Jayce,Rengar,Orianna,Ezreal,Bard
617,16.3,NA1_5492844112,1,,Red,0,Jayce,Rengar,Orianna,Ezreal,Bard,Diana,Irelia,Gwen,Pyke,Viego,Naafiri,Zed,Ambessa,Syndra,Neeko
618,16.3,NA1_5491947322,0,,Blue,1,Yone,Jayce,Vel'Koz,Lucian,Nami,Akali,Pyke,Aatrox,Draven,Ambessa,Tryndamere,Bel'Veth,Twisted Fate,Kai'Sa,Neeko
619,16.3,NA1_5491947322,1,,Red,0,Tryndamere,Bel'Veth,Twisted Fate,Kai'Sa,Neeko,Zed,Kennen,Ambessa,Jax,Gwen,Yone,Jayce,Vel'Koz,Lucian,Nami
620,16.4,NA1_5497855707,1,,Blue,1,Riven,Graves,Aurelion Sol,Seraphine,Alistar,Rumble,Jayce,Ambessa,Gwen,,Kennen,Rengar,K'Sante,Kai'Sa,Leona
621,16.4,NA1_5497855707,0,,Red,0,Kennen,Rengar,K'Sante,Kai'Sa,Leona,Draven,Vayne,Nautilus,Jax,Lee Sin,Riven,Graves,Aurelion Sol,Seraphine,Alistar
622,16.4,NA1_5501312539,1,,Blue,1,Rumble,Rek'Sai,Kayle,Caitlyn,Braum,LeBlanc,Azir,Riven,Jax,Zaahen,Akali,Rengar,Qiyana,Draven,Sona
623,16.4,NA1_5501312539,0,,Red,0,Akali,Rengar,Qiyana,Draven,Sona,Mel,Pyke,LeBlanc,Poppy,Ambessa,Rumble,Rek'Sai,Kayle,Caitlyn,Braum
624,16.4,NA1_5495821351,1,,Blue,1,Irelia,Graves,Katarina,Ahri,Nami,Akali,Draven,Nunu & Willump,,Ekko,Zaahen,Teemo,Kassadin,Caitlyn,Pantheon
625,16.4,NA1_5495821351,0,,Red,0,Zaahen,Teemo,Kassadin,Caitlyn,Pantheon,Sona,Aphelios,Trundle,Tryndamere,Poppy,Irelia,Graves,Katarina,Ahri,Nami
626,16.4,NA1_5499668421,1,,Blue,1,Riven,Sylas,Yasuo,Jinx,Milio,Ambessa,Bel'Veth,Kennen,Draven,Rengar,Shen,Zac,Sejuani,Senna,Seraphine
627,16.4,NA1_5499668421,0,,Red,0,Shen,Zac,Sejuani,Senna,Seraphine,Ambessa,Zaahen,Kindred,Pyke,Aurora,Riven,Sylas,Yasuo,Jinx,Milio
628,16.3,NA1_5495300534,0,,Blue,1,Ambessa,Hecarim,Cassiopeia,Ezreal,Dr. Mundo,Viktor,Rengar,Bel'Veth,Akali,Riven,Kayle,Draven,Zed,Ashe,Swain
629,16.3,NA1_5495300534,1,,Red,0,Kayle,Draven,Zed,Ashe,Swain,LeBlanc,,Sylas,Poppy,Rumble,Ambessa,Hecarim,Cassiopeia,Ezreal,Dr. Mundo
630,16.4,NA1_5498821764,0,,Blue,1,Volibear,Kha'Zix,Twisted Fate,Yunara,Lulu,Draven,Gwen,Yasuo,Jax,Fizz,Gnar,Sejuani,Katarina,Lucian,Sona
631,16.4,NA1_5498821764,1,,Red,0,Gnar,Sejuani,Katarina,Lucian,Sona,Vladimir,Renekton,Zac,Nautilus,Rengar,Volibear,Kha'Zix,Twisted Fate,Yunara,Lulu
632,16.4,NA1_5497180843,0,,Blue,1,Urgot,Zaahen,Twisted Fate,Yasuo,Alistar,Pyke,Kindred,Fiora,Draven,Ambessa,Yone,Brand,Hwei,Lee Sin,Senna
633,16.4,NA1_5497180843,1,,Red,0,Yone,Brand,Hwei,Lee Sin,Senna,Pyke,Naafiri,Rengar,Vladimir,Riven,Urgot,Zaahen,Twisted Fate,Yasuo,Alistar
634,16.3,NA1_5492696408,1,,Blue,1,Rengar,Dr. Mundo,Aatrox,Viktor,Nami,Senna,Rumble,Ambessa,Akali,Darius,Singed,Illaoi,Urgot,Aurelion Sol,Karma
635,16.3,NA1_5492696408,0,,Red,0,Singed,Illaoi,Urgot,Aurelion Sol,Karma,Fiora,Draven,Pyke,Elise,Jayce,Rengar,Dr. Mundo,Aatrox,Viktor,Nami
636,16.3,NA1_5494828385,0,,Blue,1,Renekton,Kha'Zix,Ryze,Ziggs,Nautilus,Rengar,Lux,,Yasuo,Ambessa,Gnar,Qiyana,Kassadin,Seraphine,Rakan
637,16.3,NA1_5494828385,1,,Red,0,Gnar,Qiyana,Kassadin,Seraphine,Rakan,Yasuo,Gangplank,Mel,Sivir,Jayce,Renekton,Kha'Zix,Ryze,Ziggs,Nautilus
638,16.3,NA1_5492903112,0,,Blue,1,Sejuani,Ambessa,Orianna,Ezreal,Sona,Yunara,Kennen,Yasuo,Zaahen,Rengar,Tryndamere,Jax,Yone,Swain,Senna
639,16.3,NA1_5492903112,1,,Red,0,Tryndamere,Jax,Yone,Swain,Senna,Sylas,Riven,Ekko,Akali,Kha'Zix,Sejuani,Ambessa,Orianna,Ezreal,Sona
640,16.3,NA1_5493924074,1,,Blue,1,Sion,Lee Sin,Akali,Ashe,Seraphine,Draven,,Rumble,Naafiri,Yasuo,Vayne,Zaahen,Ryze,Ezreal,Braum
641,16.3,NA1_5493924074,0,,Red,0,Vayne,Zaahen,Ryze,Ezreal,Braum,Pyke,Sona,Zed,Graves,Illaoi,Sion,Lee Sin,Akali,Ashe,Seraphine
642,16.4,NA1_5498494483,0,,Blue,1,Dr. Mundo,Nidalee,Aurelion Sol,Ashe,Seraphine,,,,Pyke,Jayce,Gangplank,Rumble,Zed,Aphelios,Neeko
643,16.4,NA1_5498494483,1,,Red,0,Gangplank,Rumble,Zed,Aphelios,Neeko,Azir,Pyke,Aurora,Sion,Yasuo,Dr. Mundo,Nidalee,Aurelion Sol,Ashe,Seraphine
644,16.4,NA1_5501350769,1,,Blue,1,Volibear,Ambessa,Syndra,Ezreal,Karma,Draven,Rek'Sai,Jax,Zoe,Kha'Zix,Aatrox,Jayce,Swain,Kai'Sa,Milio
645,16.4,NA1_5501350769,0,,Red,0,Aatrox,Jayce,Swain,Kai'Sa,Milio,Senna,,Gwen,Sylas,Rengar,Volibear,Ambessa,Syndra,Ezreal,Karma
646,16.4,NA1_5501974704,0,,Blue,1,Lissandra,Rumble,Quinn,Kai'Sa,Rakan,Bel'Veth,Anivia,Warwick,Ahri,Bard,Zac,Udyr,Tristana,Ezreal,Karma
647,16.4,NA1_5501974704,1,,Red,0,Zac,Udyr,Tristana,Ezreal,Karma,Poppy,Nunu & Willump,Akali,Zilean,,Lissandra,Rumble,Quinn,Kai'Sa,Rakan
648,16.4,NA1_5498589568,0,,Blue,1,Vex,Hecarim,Yone,Yunara,Leona,Akali,Dr. Mundo,Yasuo,Pyke,Elise,Gangplank,Kha'Zix,Xerath,Xayah,Zilean
649,16.4,NA1_5498589568,1,,Red,0,Gangplank,Kha'Zix,Xerath,Xayah,Zilean,Nunu & Willump,Qiyana,Pyke,Draven,Rumble,Vex,Hecarim,Yone,Yunara,Leona
650,16.3,NA1_5492609040,1,,Blue,1,Riven,Taliyah,Yone,Aurelion Sol,Alistar,Akali,Sona,Lux,Ezreal,Vladimir,Kennen,Rengar,Ahri,Mel,Neeko
651,16.3,NA1_5492609040,0,,Red,0,Kennen,Rengar,Ahri,Mel,Neeko,Karma,Diana,Nunu & Willump,Ambessa,Darius,Riven,Taliyah,Yone,Aurelion Sol,Alistar
652,16.4,NA1_5499091656,0,,Blue,1,Riven,Wukong,Ryze,Sivir,Seraphine,Akshan,Zoe,Shaco,Vladimir,Kha'Zix,Renekton,Graves,Cassiopeia,Corki,Poppy
653,16.4,NA1_5499091656,1,,Red,0,Renekton,Graves,Cassiopeia,Corki,Poppy,,Kha'Zix,Sona,Fiddlesticks,Draven,Riven,Wukong,Ryze,Sivir,Seraphine
654,16.3,NA1_5492061748,0,,Blue,1,Azir,Graves,Taliyah,Varus,Karma,Braum,Akali,Gwen,Bel'Veth,Blitzcrank,Yasuo,Rengar,Syndra,Yunara,Yuumi
655,16.3,NA1_5492061748,1,,Red,0,Yasuo,Rengar,Syndra,Yunara,Yuumi,Nilah,Draven,,Pyke,Akshan,Azir,Graves,Taliyah,Varus,Karma
656,16.4,NA1_5495800170,1,,Blue,1,Ambessa,Ekko,Poppy,Varus,Nami,Mel,Kled,Master Yi,Lee Sin,Syndra,Wukong,Kindred,Sion,Corki,Lux
657,16.4,NA1_5495800170,0,,Red,0,Wukong,Kindred,Sion,Corki,Lux,Yasuo,Syndra,Nautilus,Jax,Bel'Veth,Ambessa,Ekko,Poppy,Varus,Nami
658,16.4,NA1_5495806516,0,,Blue,1,Tryndamere,Olaf,Galio,Jhin,Alistar,Yasuo,Bel'Veth,Sona,Vayne,Teemo,Sett,Jarvan IV,Fizz,Vladimir,Senna
659,16.4,NA1_5495806516,1,,Red,0,Sett,Jarvan IV,Fizz,Vladimir,Senna,Rengar,Sylas,Kennen,Caitlyn,Fiddlesticks,Tryndamere,Olaf,Galio,Jhin,Alistar
660,16.4,NA1_5498935088,1,,Blue,1,Azir,Ekko,Zed,Akshan,Shaco,Dr. Mundo,Yasuo,Bard,Bel'Veth,Akali,Jayce,Zaahen,Talon,Kai'Sa,Alistar
661,16.4,NA1_5498935088,0,,Red,0,Jayce,Zaahen,Talon,Kai'Sa,Alistar,Aatrox,Zoe,Skarner,Nunu & Willump,Katarina,Azir,Ekko,Zed,Akshan,Shaco
662,16.4,NA1_5501340979,0,,Blue,1,K'Sante,Trundle,Tristana,Lux,Pyke,Gwen,,Ezreal,Caitlyn,Rengar,Zac,Udyr,Anivia,Lucian,Yuumi
663,16.4,NA1_5501340979,1,,Red,0,Zac,Udyr,Anivia,Lucian,Yuumi,Draven,Nautilus,Syndra,Kha'Zix,Poppy,K'Sante,Trundle,Tristana,Lux,Pyke
664,16.4,NA1_5501753262,0,,Blue,1,Ambessa,Udyr,Taliyah,Kai'Sa,Nautilus,Jayce,Azir,Viktor,Zoe,,Riven,Wukong,Ryze,Ezreal,Karma
665,16.4,NA1_5501753262,1,,Red,0,Riven,Wukong,Ryze,Ezreal,Karma,Renekton,Graves,Rengar,Sona,Azir,Ambessa,Udyr,Taliyah,Kai'Sa,Nautilus
666,16.4,NA1_5498607164,0,,Blue,1,Zaahen,Ambessa,Aurora,Senna,Soraka,,Anivia,Nunu & Willump,Darius,Draven,Yone,Jarvan IV,Zoe,Ashe,Seraphine
667,16.4,NA1_5498607164,1,,Red,0,Yone,Jarvan IV,Zoe,Ashe,Seraphine,Sona,Bard,Rengar,Riven,Akali,Zaahen,Ambessa,Aurora,Senna,Soraka
668,16.4,NA1_5499945170,1,,Blue,1,Rumble,Viego,Twisted Fate,Smolder,Bard,Irelia,Pyke,Zed,Renekton,Kha'Zix,Yasuo,Graves,Taliyah,Ashe,Poppy
669,16.4,NA1_5499945170,0,,Red,0,Yasuo,Graves,Taliyah,Ashe,Poppy,Jayce,Teemo,Zed,Ahri,,Rumble,Viego,Twisted Fate,Smolder,Bard
670,16.4,NA1_5499361482,0,,Blue,1,Galio,Camille,Ahri,Kai'Sa,Nautilus,Irelia,Lux,Jayce,Dr. Mundo,,K'Sante,Vi,Taliyah,Ezreal,Rakan
671,16.4,NA1_5499361482,1,,Red,0,K'Sante,Vi,Taliyah,Ezreal,Rakan,Sona,Mel,Zoe,Jayce,Rengar,Galio,Camille,Ahri,Kai'Sa,Nautilus
672,16.4,NA1_5502094192,0,,Blue,1,Yasuo,Lee Sin,Lucian,Yunara,Janna,Bel'Veth,Nautilus,Viktor,Sion,Jax,Tryndamere,Kha'Zix,Syndra,Caitlyn,Thresh
673,16.4,NA1_5502094192,1,,Red,0,Tryndamere,Kha'Zix,Syndra,Caitlyn,Thresh,Jayce,Rengar,Gangplank,Ambessa,Akali,Yasuo,Lee Sin,Lucian,Yunara,Janna
674,16.3,NA1_5491781210,0,,Blue,1,Jax,Taliyah,Nasus,Aurelion Sol,Poppy,Ezreal,Kha'Zix,Ivern,Jayce,Ambessa,Riven,Nidalee,Zoe,Lucian,Nami
675,16.3,NA1_5491781210,1,,Red,0,Riven,Nidalee,Zoe,Lucian,Nami,Kha'Zix,Alistar,Zaahen,Katarina,Zed,Jax,Taliyah,Nasus,Aurelion Sol,Poppy
676,16.4,NA1_5501298931,0,,Blue,1,Riven,Ekko,Viktor,Kalista,Thresh,Poppy,Zaahen,Draven,Zilean,Fiddlesticks,Jayce,Xin Zhao,Aurora,Kai'Sa,Nautilus
677,16.4,NA1_5501298931,1,,Red,0,Jayce,Xin Zhao,Aurora,Kai'Sa,Nautilus,Ambessa,Braum,Anivia,Nunu & Willump,Rengar,Riven,Ekko,Viktor,Kalista,Thresh
678,16.4,NA1_5496379208,1,,Blue,1,Yone,Camille,Zoe,Mel,Bard,Kha'Zix,Pyke,Shaco,Ambessa,Jax,Zaahen,Zac,Ryze,Lucian,Nami
679,16.4,NA1_5496379208,0,,Red,0,Zaahen,Zac,Ryze,Lucian,Nami,Sona,Talon,Varus,Gwen,Rengar,Yone,Camille,Zoe,Mel,Bard
680,16.3,NA1_5492938391,1,,Blue,1,Singed,Viego,Quinn,Jhin,Karma,Zilean,,Jayce,Rengar,,Gnar,Ambessa,Aurora,Caitlyn,Neeko
681,16.3,NA1_5492938391,0,,Red,0,Gnar,Ambessa,Aurora,Caitlyn,Neeko,Riven,Jarvan IV,Qiyana,,Darius,Singed,Viego,Quinn,Jhin,Karma
682,16.4,NA1_5501855361,1,,Blue,1,Jayce,Xin Zhao,Lissandra,Mel,Anivia,Akali,Syndra,Elise,Thresh,Pyke,Urgot,Karthus,Camille,Yunara,Leona
683,16.4,NA1_5501855361,0,,Red,0,Urgot,Karthus,Camille,Yunara,Leona,Fiora,Braum,Rengar,Caitlyn,Kha'Zix,Jayce,Xin Zhao,Lissandra,Mel,Anivia
684,16.4,NA1_5497670402,1,,Blue,1,Teemo,Kha'Zix,Ziggs,Kai'Sa,Leona,Zoe,Ambessa,Nautilus,Yorick,Draven,Kayle,Lee Sin,Tristana,Mel,Alistar
685,16.4,NA1_5497670402,0,,Red,0,Kayle,Lee Sin,Tristana,Mel,Alistar,LeBlanc,Jayce,Pyke,Bel'Veth,Draven,Teemo,Kha'Zix,Ziggs,Kai'Sa,Leona
686,16.4,NA1_5502227963,1,,Blue,1,Varus,Zac,Kindred,Corki,Nami,Lux,Rengar,Poppy,,Yasuo,Jayce,Dr. Mundo,Sylas,Jhin,Leona
687,16.4,NA1_5502227963,0,,Red,0,Jayce,Dr. Mundo,Sylas,Jhin,Leona,Zoe,Ambessa,Draven,Morgana,Kha'Zix,Varus,Zac,Kindred,Corki,Nami
688,16.4,NA1_5502035898,0,,Blue,1,Camille,Aatrox,Ryze,Yunara,Karma,Shaco,Draven,Zoe,Jax,Ambessa,Volibear,Karthus,Akshan,Smolder,Thresh
689,16.4,NA1_5502035898,1,,Red,0,Volibear,Karthus,Akshan,Smolder,Thresh,Yasuo,Ambessa,Lissandra,Ezreal,,Camille,Aatrox,Ryze,Yunara,Karma
690,16.3,NA1_5492867428,1,,Blue,1,Yone,Xin Zhao,Taliyah,Syndra,Galio,Bard,Zilean,Katarina,Jax,Kha'Zix,Singed,Graves,Kassadin,Kai'Sa,Braum
691,16.3,NA1_5492867428,0,,Red,0,Singed,Graves,Kassadin,Kai'Sa,Braum,Senna,Kha'Zix,Ekko,Orianna,Jayce,Yone,Xin Zhao,Taliyah,Syndra,Galio
692,16.4,NA1_5501606951,0,,Blue,1,Jax,Graves,Diana,Swain,Zoe,LeBlanc,Akshan,Kha'Zix,Rengar,Ambessa,Azir,Nidalee,Yone,Draven,Neeko
693,16.4,NA1_5501606951,1,,Red,0,Azir,Nidalee,Yone,Draven,Neeko,Poppy,Riven,Karma,Jayce,Braum,Jax,Graves,Diana,Swain,Zoe
694,16.4,NA1_5497162541,0,,Blue,1,Aatrox,Graves,Ekko,Jinx,Lulu,Azir,,Ambessa,Irelia,Bel'Veth,Zaahen,Master Yi,Ahri,Xayah,Blitzcrank
695,16.4,NA1_5497162541,1,,Red,0,Zaahen,Master Yi,Ahri,Xayah,Blitzcrank,Lux,Riven,Jayce,Ambessa,Azir,Aatrox,Graves,Ekko,Jinx,Lulu
696,16.3,NA1_5492709712,1,,Blue,1,Irelia,Nocturne,Nasus,Akali,Blitzcrank,Jax,Gwen,Braum,Ambessa,Twisted Fate,Zaahen,Dr. Mundo,Ahri,Ezreal,Senna
697,16.3,NA1_5492709712,0,,Red,0,Zaahen,Dr. Mundo,Ahri,Ezreal,Senna,Renekton,Akshan,,Pyke,Zed,Irelia,Nocturne,Nasus,Akali,Blitzcrank
698,16.4,NA1_5496614631,0,,Blue,1,Azir,Kha'Zix,Sylas,Samira,Pantheon,Dr. Mundo,Varus,Katarina,Ivern,Zoe,Volibear,Xin Zhao,Orianna,Draven,Alistar
699,16.4,NA1_5496614631,1,,Red,0,Volibear,Xin Zhao,Orianna,Draven,Alistar,Ivern,Master Yi,Yasuo,Jax,Jinx,Azir,Kha'Zix,Sylas,Samira,Pantheon
700,16.3,NA1_5492199615,1,,Blue,1,Gnar,Kindred,Nasus,Jhin,Karma,Zilean,LeBlanc,Riven,Bard,Ambessa,Cho'Gath,Udyr,Viktor,Varus,Nautilus
701,16.3,NA1_5492199615,0,,Red,0,Cho'Gath,Udyr,Viktor,Varus,Nautilus,Aatrox,Riven,Yasuo,,Yunara,Gnar,Kindred,Nasus,Jhin,Karma
702,16.4,NA1_5501196048,1,,Blue,1,Anivia,Lee Sin,Syndra,Sivir,Nami,Draven,Nunu & Willump,,Aatrox,Aurelion Sol,Katarina,Graves,Yasuo,Seraphine,Blitzcrank
703,16.4,NA1_5501196048,0,,Red,0,Katarina,Graves,Yasuo,Seraphine,Blitzcrank,Pyke,Braum,Gwen,Shaco,Kayle,Anivia,Lee Sin,Syndra,Sivir,Nami
704,16.4,NA1_5501772469,1,,Blue,1,Jayce,Aatrox,Twisted Fate,Jhin,Bard,Qiyana,Rengar,Yasuo,Riven,,Olaf,Talon,Ryze,Xayah,Karma
705,16.4,NA1_5501772469,0,,Red,0,Olaf,Talon,Ryze,Xayah,Karma,Graves,Poppy,Sona,Riven,Jax,Jayce,Aatrox,Twisted Fate,Jhin,Bard
706,16.3,NA1_5492894235,1,,Blue,1,Jayce,Kha'Zix,Syndra,Senna,Vel'Koz,Twisted Fate,Rengar,Karma,Irelia,Yasuo,Cho'Gath,Karthus,Yone,Yunara,Pyke
707,16.3,NA1_5492894235,0,,Red,0,Cho'Gath,Karthus,Yone,Yunara,Pyke,Gwen,Draven,Fiora,Aphelios,Shaco,Jayce,Kha'Zix,Syndra,Senna,Vel'Koz
708,16.4,NA1_5498982367,0,,Blue,1,Rumble,Graves,Annie,Varus,Rakan,Riven,Ambessa,Sona,Elise,Irelia,Aatrox,Zaahen,Ahri,Xayah,Jarvan IV
709,16.4,NA1_5498982367,1,,Red,0,Aatrox,Zaahen,Ahri,Xayah,Jarvan IV,Irelia,,Kayn,Rengar,Xin Zhao,Rumble,Graves,Annie,Varus,Rakan
710,16.3,NA1_5495436738,0,,Blue,1,Renekton,Rengar,Ahri,Sivir,Leona,Diana,Pyke,Vayne,Twitch,,Riven,Hecarim,Zoe,Kai'Sa,Bard
711,16.3,NA1_5495436738,1,,Red,0,Riven,Hecarim,Zoe,Kai'Sa,Bard,Poppy,Senna,Ambessa,Akshan,Rumble,Renekton,Rengar,Ahri,Sivir,Leona
712,16.4,NA1_5497156468,0,,Blue,1,Renekton,Vi,Viktor,Lux,Morgana,Ambessa,Yasuo,Sivir,Qiyana,Rengar,Akali,Kindred,Akshan,Mel,Zoe
713,16.4,NA1_5497156468,1,,Red,0,Akali,Kindred,Akshan,Mel,Zoe,Jayce,Sivir,Ambessa,Yasuo,Gwen,Renekton,Vi,Viktor,Lux,Morgana
714,16.4,NA1_5502550931,0,,Blue,1,Ahri,Shen,Yone,Smolder,Bard,Kassadin,Azir,Urgot,,Draven,Nasus,Kindred,Orianna,Yunara,Janna
715,16.4,NA1_5502550931,1,,Red,0,Nasus,Kindred,Orianna,Yunara,Janna,Ambessa,Aphelios,Zed,Akshan,Sona,Ahri,Shen,Yone,Smolder,Bard
716,16.4,NA1_5499432833,1,,Blue,1,Gnar,Ambessa,Galio,Lucian,Nami,Graves,Yasuo,Caitlyn,LeBlanc,Rengar,Nasus,Xin Zhao,Karma,Yunara,Neeko
717,16.4,NA1_5499432833,0,,Red,0,Nasus,Xin Zhao,Karma,Yunara,Neeko,Jayce,Draven,Kha'Zix,Mel,Riven,Gnar,Ambessa,Galio,Lucian,Nami
718,16.4,NA1_5501262518,1,,Blue,1,Malphite,Rumble,Ekko,Zeri,Sona,Bel'Veth,Nautilus,Renekton,Yasuo,Vladimir,Smolder,Udyr,Zoe,Seraphine,Milio
719,16.4,NA1_5501262518,0,,Red,0,Smolder,Udyr,Zoe,Seraphine,Milio,Ambessa,Sivir,Fiora,Zed,Yasuo,Malphite,Rumble,Ekko,Zeri,Sona
720,16.3,NA1_5492335409,0,,Blue,1,Zaahen,Brand,Talon,Draven,Rammus,Jax,Kindred,Alistar,Irelia,Sona,Fiora,Master Yi,Xerath,Ezreal,Poppy
721,16.3,NA1_5492335409,1,,Red,0,Fiora,Master Yi,Xerath,Ezreal,Poppy,Pyke,Shaco,LeBlanc,Kha'Zix,Ambessa,Zaahen,Brand,Talon,Draven,Rammus
722,16.4,NA1_5499260295,1,,Blue,1,Aatrox,Zac,Nasus,Yunara,Sona,Caitlyn,Jayce,Anivia,Ambessa,Yasuo,Brand,Graves,Sivir,Swain,Pyke
723,16.4,NA1_5499260295,0,,Red,0,Brand,Graves,Sivir,Swain,Pyke,Akshan,Sylas,Rengar,Jayce,Jax,Aatrox,Zac,Nasus,Yunara,Sona
724,16.3,NA1_5491879816,0,,Blue,1,Kayle,Nidalee,Naafiri,Jhin,Janna,Yasuo,,Shaco,Rengar,Aphelios,Jax,Zyra,K'Sante,Lucian,Yuumi
725,16.3,NA1_5491879816,1,,Red,0,Jax,Zyra,K'Sante,Lucian,Yuumi,Bel'Veth,Nautilus,Syndra,,Draven,Kayle,Nidalee,Naafiri,Jhin,Janna
726,16.3,NA1_5493790710,0,,Blue,1,Shen,Lee Sin,Ryze,Yunara,Neeko,Rengar,Rumble,Caitlyn,Katarina,Zed,Gangplank,Nocturne,Galio,Kai'Sa,Alistar
727,16.3,NA1_5493790710,1,,Red,0,Gangplank,Nocturne,Galio,Kai'Sa,Alistar,Pyke,Diana,Riven,Draven,,Shen,Lee Sin,Ryze,Yunara,Neeko
728,16.4,NA1_5499713347,0,,Blue,1,Jayce,Karthus,Ekko,Yunara,Nami,Akali,Karma,Draven,Fiddlesticks,Irelia,Camille,Ambessa,Zoe,Mel,Nautilus
729,16.4,NA1_5499713347,1,,Red,0,Camille,Ambessa,Zoe,Mel,Nautilus,Ezreal,Syndra,Neeko,Riven,Draven,Jayce,Karthus,Ekko,Yunara,Nami
730,16.4,NA1_5495699607,0,,Blue,1,Sett,Jarvan IV,Sylas,Kai'Sa,Zilean,Talon,Caitlyn,Diana,Tryndamere,Riven,Jax,Kha'Zix,Ahri,Ashe,Alistar
731,16.4,NA1_5495699607,1,,Red,0,Jax,Kha'Zix,Ahri,Ashe,Alistar,Mel,Jayce,Riven,Bel'Veth,Yunara,Sett,Jarvan IV,Sylas,Kai'Sa,Zilean
732,16.4,NA1_5500442550,1,,Blue,1,Nocturne,Graves,Diana,Lucian,Nautilus,Ambessa,Bard,Mel,Jax,Fiora,K'Sante,Fiddlesticks,Viego,Jinx,Senna
733,16.4,NA1_5500442550,0,,Red,0,K'Sante,Fiddlesticks,Viego,Jinx,Senna,Varus,Jayce,Malphite,Riven,Orianna,Nocturne,Graves,Diana,Lucian,Nautilus
734,16.4,NA1_5498836227,1,,Blue,1,Vladimir,Jayce,Kennen,Yunara,Lulu,Sona,Jarvan IV,Ambessa,Rengar,Tryndamere,Camille,Zaahen,Sylas,Xayah,Malphite
735,16.4,NA1_5498836227,0,,Red,0,Camille,Zaahen,Sylas,Xayah,Malphite,Nautilus,Zilean,Zoe,Draven,Riven,Vladimir,Jayce,Kennen,Yunara,Lulu
736,16.4,NA1_5500061101,0,,Blue,1,Aatrox,Graves,Galio,Vayne,Pyke,Braum,Jax,Zoe,Jayce,Ambessa,Malphite,Rek'Sai,Teemo,Twitch,Yuumi
737,16.4,NA1_5500061101,1,,Red,0,Malphite,Rek'Sai,Teemo,Twitch,Yuumi,Orianna,Braum,Ambessa,Yasuo,Jax,Aatrox,Graves,Galio,Vayne,Pyke
738,16.4,NA1_5500582716,1,,Blue,1,Riven,Zaahen,Aurora,Tristana,Lulu,Nunu & Willump,Samira,Naafiri,Qiyana,Rengar,Jayce,Master Yi,Gragas,Caitlyn,Lux
739,16.4,NA1_5500582716,0,,Red,0,Jayce,Master Yi,Gragas,Caitlyn,Lux,Gwen,Seraphine,Syndra,Ambessa,Jax,Riven,Zaahen,Aurora,Tristana,Lulu
740,16.4,NA1_5501340405,0,,Blue,1,Riven,Udyr,Rumble,Jinx,Rakan,Nautilus,Bel'Veth,Briar,Zoe,Master Yi,Jayce,Ekko,Akali,Kai'Sa,Thresh
741,16.4,NA1_5501340405,1,,Red,0,Jayce,Ekko,Akali,Kai'Sa,Thresh,Ambessa,Galio,Master Yi,Braum,Rengar,Riven,Udyr,Rumble,Jinx,Rakan
742,16.4,NA1_5499315278,0,,Blue,1,Yasuo,Graves,Corki,Seraphine,Neeko,Zoe,Jayce,Riven,Pyke,Mel,Aurora,Vayne,Kassadin,Varus,Lee Sin
743,16.4,NA1_5499315278,1,,Red,0,Aurora,Vayne,Kassadin,Varus,Lee Sin,Kha'Zix,Jax,Gwen,Singed,Poppy,Yasuo,Graves,Corki,Seraphine,Neeko
744,16.4,NA1_5501453115,0,,Blue,1,Dr. Mundo,Zac,Sion,Cassiopeia,Rell,Syndra,Gwen,Graves,Pyke,Poppy,Ambessa,Kayn,Orianna,Seraphine,Alistar
745,16.4,NA1_5501453115,1,,Red,0,Ambessa,Kayn,Orianna,Seraphine,Alistar,Bel'Veth,Sivir,Braum,Nunu & Willump,Kha'Zix,Dr. Mundo,Zac,Sion,Cassiopeia,Rell
746,16.4,NA1_5496035210,0,,Blue,1,Renekton,Rengar,Volibear,Ezreal,Soraka,Zed,Lee Sin,Nautilus,Singed,Draven,Udyr,Graves,Corki,Senna,Rakan
747,16.4,NA1_5496035210,1,,Red,0,Udyr,Graves,Corki,Senna,Rakan,Ambessa,Kindred,Draven,Fiora,,Renekton,Rengar,Volibear,Ezreal,Soraka
748,16.3,NA1_5494214034,0,,Blue,1,Gwen,Zac,Talon,Corki,Mel,LeBlanc,Fiddlesticks,Ambessa,Riven,Poppy,Vladimir,Jarvan IV,Gragas,Lucian,Sejuani
749,16.3,NA1_5494214034,1,,Red,0,Vladimir,Jarvan IV,Gragas,Lucian,Sejuani,Rengar,Aphelios,,Nasus,Morgana,Gwen,Zac,Talon,Corki,Mel
750,16.4,NA1_5501710778,1,,Blue,1,Irelia,Olaf,Twitch,Ashe,Alistar,Anivia,Bel'Veth,Mel,Jax,Ambessa,Darius,Fiddlesticks,Talon,Kai'Sa,Nautilus
751,16.4,NA1_5501710778,0,,Red,0,Darius,Fiddlesticks,Talon,Kai'Sa,Nautilus,Galio,Master Yi,Neeko,Mel,Jax,Irelia,Olaf,Twitch,Ashe,Alistar
752,16.4,NA1_5496128832,0,,Blue,1,Kayle,Ivern,Cassiopeia,Yunara,Yuumi,Talon,Yasuo,Jax,Pyke,Alistar,Jayce,Udyr,Zoe,Jhin,Nami
753,16.4,NA1_5496128832,1,,Red,0,Jayce,Udyr,Zoe,Jhin,Nami,Master Yi,Syndra,Blitzcrank,,Kha'Zix,Kayle,Ivern,Cassiopeia,Yunara,Yuumi
754,16.4,NA1_5502350267,1,,Blue,1,Riven,Nidalee,Zed,Corki,Senna,Ezreal,Rengar,Anivia,Azir,Pyke,Olaf,Dr. Mundo,Yasuo,Draven,Neeko
755,16.4,NA1_5502350267,0,,Red,0,Olaf,Dr. Mundo,Yasuo,Draven,Neeko,Braum,Fiora,Pyke,Sona,Akali,Riven,Nidalee,Zed,Corki,Senna
756,16.4,NA1_5496798315,0,,Blue,1,Ambessa,Kindred,Galio,Twitch,Lulu,Gwen,Shaco,Yasuo,Jax,Rengar,Riven,Karthus,Akshan,Yunara,Senna
757,16.4,NA1_5496798315,1,,Red,0,Riven,Karthus,Akshan,Yunara,Senna,Karma,Pyke,Jayce,Draven,Yasuo,Ambessa,Kindred,Galio,Twitch,Lulu
758,16.4,NA1_5499283382,0,,Blue,1,Riven,Ivern,Anivia,Ezreal,Lee Sin,Akshan,Sivir,Kha'Zix,Poppy,Sylas,Camille,Jarvan IV,Ryze,Swain,Nautilus
759,16.4,NA1_5499283382,1,,Red,0,Camille,Jarvan IV,Ryze,Swain,Nautilus,Singed,Sylas,Akshan,Nasus,Lux,Riven,Ivern,Anivia,Ezreal,Lee Sin
760,16.4,NA1_5495883801,0,,Blue,1,Ahri,Brand,Zed,Lucian,Braum,Nocturne,Pyke,Ambessa,Akali,Riven,Malphite,Rek'Sai,Orianna,Yunara,Nautilus
761,16.4,NA1_5495883801,1,,Red,0,Malphite,Rek'Sai,Orianna,Yunara,Nautilus,Riven,Rengar,Katarina,Yasuo,Jax,Ahri,Brand,Zed,Lucian,Braum
762,16.3,NA1_5491827238,1,,Blue,1,Akali,Rek'Sai,Riven,Tristana,Lulu,Aurelion Sol,Sivir,Jayce,Zoe,Karma,Poppy,Diana,Akshan,Yunara,Senna
763,16.3,NA1_5491827238,0,,Red,0,Poppy,Diana,Akshan,Yunara,Senna,Irelia,Twitch,Yasuo,Bel'Veth,Lux,Akali,Rek'Sai,Riven,Tristana,Lulu
764,16.4,NA1_5496578299,0,,Blue,1,Vladimir,Bel'Veth,Xerath,Sivir,Dr. Mundo,Alistar,Akali,Jax,Tryndamere,Fiora,Aatrox,Graves,Aurora,Aphelios,Rell
765,16.4,NA1_5496578299,1,,Red,0,Aatrox,Graves,Aurora,Aphelios,Rell,Akshan,Rengar,Ambessa,Fiora,Corki,Vladimir,Bel'Veth,Xerath,Sivir,Dr. Mundo
766,16.4,NA1_5497008606,0,,Blue,1,Dr. Mundo,Talon,Diana,Hwei,Karma,Ambessa,Jax,LeBlanc,Rengar,Pyke,Irelia,Fizz,Corki,Jhin,Zilean
767,16.4,NA1_5497008606,1,,Red,0,Irelia,Fizz,Corki,Jhin,Zilean,Rengar,Ambessa,Shaco,Bel'Veth,Yasuo,Dr. Mundo,Talon,Diana,Hwei,Karma
768,16.4,NA1_5501244162,1,,Blue,1,Azir,Zyra,Camille,Lucian,Milio,Udyr,Syndra,Rek'Sai,Renekton,Mel,Darius,Ambessa,Vex,Draven,Thresh
769,16.4,NA1_5501244162,0,,Red,0,Darius,Ambessa,Vex,Draven,Thresh,Neeko,Bel'Veth,Mel,Riven,Zed,Azir,Zyra,Camille,Lucian,Milio
770,16.3,NA1_5491923928,0,,Blue,1,Mordekaiser,Viego,Singed,Tristana,Taric,Jayce,Malphite,Varus,Braum,Jax,Urgot,Lillia,Ryze,Yunara,Yuumi
771,16.3,NA1_5491923928,1,,Red,0,Urgot,Lillia,Ryze,Yunara,Yuumi,Yasuo,Twitch,Alistar,Fiora,Shaco,Mordekaiser,Viego,Singed,Tristana,Taric
772,16.4,NA1_5497891430,0,,Blue,1,Gwen,Shaco,Riven,Corki,Maokai,Nidalee,Ambessa,Wukong,Jax,Orianna,Renekton,Aatrox,Ekko,Ezreal,Karma
773,16.4,NA1_5497891430,1,,Red,0,Renekton,Aatrox,Ekko,Ezreal,Karma,Lux,Jayce,Orianna,Pantheon,Mel,Gwen,Shaco,Riven,Corki,Maokai
774,16.3,NA1_5492818186,1,,Blue,1,Riven,Jayce,Swain,Vel'Koz,Bard,Ambessa,Sylas,Fiddlesticks,Nunu & Willump,Viktor,Kled,Shaco,Xerath,Yunara,Lulu
775,16.3,NA1_5492818186,0,,Red,0,Kled,Shaco,Xerath,Yunara,Lulu,Akali,Sona,Yasuo,Irelia,Gwen,Riven,Jayce,Swain,Vel'Koz,Bard
776,16.4,NA1_5496182248,0,,Blue,1,Riven,Ambessa,Ryze,Yunara,Bard,,Jayce,Kha'Zix,Rengar,Syndra,Urgot,Poppy,Viktor,Xayah,Rakan
777,16.4,NA1_5496182248,1,,Red,0,Urgot,Poppy,Viktor,Xayah,Rakan,Lux,Nunu & Willump,Rengar,,Rumble,Riven,Ambessa,Ryze,Yunara,Bard
778,16.3,NA1_5493903443,0,,Blue,1,Kled,Ambessa,Vladimir,Jhin,Karma,Vex,Akali,Riven,Varus,Sona,Jax,Graves,Morgana,Corki,Nami
779,16.3,NA1_5493903443,1,,Red,0,Jax,Graves,Morgana,Corki,Nami,Draven,Fiora,Rengar,LeBlanc,Pyke,Kled,Ambessa,Vladimir,Jhin,Karma
780,16.4,NA1_5500946917,1,,Blue,1,Zac,Rengar,Swain,Zyra,Nautilus,Mel,Zed,Jayce,Smolder,Poppy,K'Sante,Maokai,Aurora,Jhin,Sett
781,16.4,NA1_5500946917,0,,Red,0,K'Sante,Maokai,Aurora,Jhin,Sett,Ambessa,Bard,Riven,Bel'Veth,Zed,Zac,Rengar,Swain,Zyra,Nautilus
782,16.3,NA1_5495503365,1,,Blue,1,K'Sante,Kha'Zix,Sylas,Kai'Sa,Nautilus,Rengar,Draven,Lux,,,Shen,Nunu & Willump,Ahri,Jhin,Rell
783,16.3,NA1_5495503365,0,,Red,0,Shen,Nunu & Willump,Ahri,Jhin,Rell,Sivir,Ambessa,Fiora,Neeko,Rengar,K'Sante,Kha'Zix,Sylas,Kai'Sa,Nautilus
784,16.3,NA1_5494110743,1,,Blue,1,Riven,Master Yi,Ahri,Lucian,Fiddlesticks,Braum,Jayce,Sona,Gwen,Cassiopeia,Heimerdinger,Ambessa,Nasus,Corki,Nami
785,16.3,NA1_5494110743,0,,Red,0,Heimerdinger,Ambessa,Nasus,Corki,Nami,Rengar,Bel'Veth,Mel,Swain,Yasuo,Riven,Master Yi,Ahri,Lucian,Fiddlesticks
786,16.4,NA1_5496629979,0,,Blue,1,Anivia,Kha'Zix,Twisted Fate,Caitlyn,Nautilus,Azir,,Bard,Irelia,Ambessa,Gangplank,Taliyah,Qiyana,Jinx,Soraka
787,16.4,NA1_5496629979,1,,Red,0,Gangplank,Taliyah,Qiyana,Jinx,Soraka,Malphite,Vladimir,Rengar,Sion,Draven,Anivia,Kha'Zix,Twisted Fate,Caitlyn,Nautilus
788,16.4,NA1_5501818212,0,,Blue,1,Rumble,Jarvan IV,Anivia,Jhin,Nami,Rengar,,Ahri,Riven,,Ambessa,Fiddlesticks,Aurora,Aphelios,Thresh
789,16.4,NA1_5501818212,1,,Red,0,Ambessa,Fiddlesticks,Aurora,Aphelios,Thresh,Heimerdinger,Galio,Fizz,Varus,Graves,Rumble,Jarvan IV,Anivia,Jhin,Nami
790,16.4,NA1_5497553920,1,,Blue,1,Akali,Vi,Ahri,Senna,Braum,Riven,Ambessa,,Qiyana,Gwen,Jax,Diana,Zed,Samira,Vel'Koz
791,16.4,NA1_5497553920,0,,Red,0,Jax,Diana,Zed,Samira,Vel'Koz,Xayah,Ambessa,Anivia,Caitlyn,Kha'Zix,Akali,Vi,Ahri,Senna,Braum
792,16.4,NA1_5501658059,1,,Blue,1,Fiora,Taliyah,Vladimir,Yunara,Nautilus,Graves,Fiddlesticks,Rengar,Sona,Jayce,Kennen,Nocturne,Zoe,Ezreal,Vel'Koz
793,16.4,NA1_5501658059,0,,Red,0,Kennen,Nocturne,Zoe,Ezreal,Vel'Koz,Yasuo,Akali,Ambessa,Bard,Nunu & Willump,Fiora,Taliyah,Vladimir,Yunara,Nautilus
794,16.4,NA1_5500096033,1,,Blue,1,Yorick,Graves,Ryze,Miss Fortune,Swain,Karma,Rengar,Aurora,Fiora,Yasuo,Vladimir,Volibear,Qiyana,Jhin,Bard
795,16.4,NA1_5500096033,0,,Red,0,Vladimir,Volibear,Qiyana,Jhin,Bard,Rengar,LeBlanc,Fiddlesticks,Ambessa,Draven,Yorick,Graves,Ryze,Miss Fortune,Swain
796,16.4,NA1_5498570589,1,,Blue,1,Varus,Rek'Sai,Zac,Yunara,Lulu,Hwei,Yasuo,Draven,Mel,Jax,Gangplank,Zed,Pantheon,Kog'Maw,Bard
797,16.4,NA1_5498570589,0,,Red,0,Gangplank,Zed,Pantheon,Kog'Maw,Bard,Bel'Veth,Kha'Zix,Sion,Ambessa,,Varus,Rek'Sai,Zac,Yunara,Lulu
798,16.3,NA1_5491951829,1,,Blue,1,Gangplank,Lee Sin,Cho'Gath,Aphelios,Taric,Riven,Naafiri,Braum,Draven,Zilean,Jayce,Ambessa,Zoe,Lucian,Nami
799,16.3,NA1_5491951829,0,,Red,0,Jayce,Ambessa,Zoe,Lucian,Nami,,Sona,Gwen,Rengar,Mel,Gangplank,Lee Sin,Cho'Gath,Aphelios,Taric
800,16.4,NA1_5496141286,0,,Blue,1,Yone,Jayce,Xerath,Lux,Alistar,Ambessa,Twitch,Zed,Sylas,Darius,Malphite,Xin Zhao,Taliyah,Aphelios,Bard
801,16.4,NA1_5496141286,1,,Red,0,Malphite,Xin Zhao,Taliyah,Aphelios,Bard,Draven,Azir,Viktor,Sona,Gwen,Yone,Jayce,Xerath,Lux,Alistar
802,16.4,NA1_5499639899,1,,Blue,1,Vayne,Ekko,Twisted Fate,Zed,Poppy,Mel,Kha'Zix,Ambessa,Akali,Riven,Fiora,Talon,Zac,Yunara,Morgana
803,16.4,NA1_5499639899,0,,Red,0,Fiora,Talon,Zac,Yunara,Morgana,Jayce,Rengar,Yasuo,Aurora,Blitzcrank,Vayne,Ekko,Twisted Fate,Zed,Poppy
804,16.3,NA1_5494659782,0,,Blue,1,Olaf,Corki,Lissandra,Zed,Alistar,Ambessa,Yasuo,Kha'Zix,Syndra,Jax,Nasus,Master Yi,Aatrox,Ziggs,Bard
805,16.3,NA1_5494659782,1,,Red,0,Nasus,Master Yi,Aatrox,Ziggs,Bard,Kha'Zix,Jax,Sona,Ambessa,Sylas,Olaf,Corki,Lissandra,Zed,Alistar
806,16.4,NA1_5500686002,0,,Blue,1,Volibear,Graves,Hwei,Varus,Nautilus,Jax,,,Draven,Zed,Vayne,Ambessa,Viktor,Swain,Zyra
807,16.4,NA1_5500686002,1,,Red,0,Vayne,Ambessa,Viktor,Swain,Zyra,Sylas,Seraphine,Kha'Zix,Fiddlesticks,Anivia,Volibear,Graves,Hwei,Varus,Nautilus
808,16.4,NA1_5501355496,1,,Blue,1,Gnar,Ivern,Fizz,Aphelios,Thresh,Poppy,Lux,Orianna,Master Yi,Zoe,Yone,Udyr,Anivia,Miss Fortune,Nautilus
809,16.4,NA1_5501355496,0,,Red,0,Yone,Udyr,Anivia,Miss Fortune,Nautilus,Akali,Master Yi,Dr. Mundo,Morgana,Zac,Gnar,Ivern,Fizz,Aphelios,Thresh
810,16.4,NA1_5497606054,1,,Blue,1,Jayce,Talon,Ahri,Jinx,Seraphine,Twitch,Bel'Veth,,Tryndamere,Pyke,Naafiri,Zyra,Sylas,Aphelios,Jax
811,16.4,NA1_5497606054,0,,Red,0,Naafiri,Zyra,Sylas,Aphelios,Jax,Varus,Master Yi,Yasuo,Sona,Qiyana,Jayce,Talon,Ahri,Jinx,Seraphine
812,16.4,NA1_5501402785,1,,Blue,1,Sion,Lee Sin,Vladimir,Xayah,Rakan,Jayce,Seraphine,Fiddlesticks,Riven,,Dr. Mundo,Kha'Zix,Aurora,Ezreal,Poppy
813,16.4,NA1_5501402785,0,,Red,0,Dr. Mundo,Kha'Zix,Aurora,Ezreal,Poppy,Mel,,Qiyana,,Rengar,Sion,Lee Sin,Vladimir,Xayah,Rakan
814,16.4,NA1_5498945080,1,,Blue,1,Garen,Zaahen,Karma,Lux,Neeko,Nasus,,Graves,Mel,Pyke,Vayne,Ambessa,Anivia,Twisted Fate,Nautilus
815,16.4,NA1_5498945080,0,,Red,0,Vayne,Ambessa,Anivia,Twisted Fate,Nautilus,Rengar,Sona,Swain,Kha'Zix,,Garen,Zaahen,Karma,Lux,Neeko
816,16.4,NA1_5501814881,1,,Blue,1,Riven,Nidalee,Katarina,Ezreal,Rakan,Azir,Rengar,Jayce,Lux,Ambessa,Volibear,Lee Sin,Vex,Xayah,Soraka
817,16.4,NA1_5501814881,0,,Red,0,Volibear,Lee Sin,Vex,Xayah,Soraka,Sona,Jax,Graves,Poppy,Lucian,Riven,Nidalee,Katarina,Ezreal,Rakan
818,16.3,NA1_5493361539,1,,Blue,1,Jax,Kayn,Akali,Varus,Taric,Jayce,Master Yi,Rengar,Qiyana,Ezreal,Pantheon,Morgana,Sylas,Kai'Sa,Nautilus
819,16.3,NA1_5493361539,0,,Red,0,Pantheon,Morgana,Sylas,Kai'Sa,Nautilus,Braum,Kha'Zix,Malphite,Syndra,Sivir,Jax,Kayn,Akali,Varus,Taric
820,16.4,NA1_5498960159,1,,Blue,1,Renekton,Pantheon,Yasuo,Mel,Zoe,Nautilus,Akali,Jax,Twitch,Graves,Nasus,Camille,Aurora,Smolder,Leona
821,16.4,NA1_5498960159,0,,Red,0,Nasus,Camille,Aurora,Smolder,Leona,,Jax,Ambessa,,Malphite,Renekton,Pantheon,Yasuo,Mel,Zoe
822,16.4,NA1_5501908556,1,,Blue,1,Garen,Sylas,Pantheon,Fizz,Nautilus,Ahri,Draven,Braum,,Master Yi,Zaahen,Fiddlesticks,Yasuo,Seraphine,Rell
823,16.4,NA1_5501908556,0,,Red,0,Zaahen,Fiddlesticks,Yasuo,Seraphine,Rell,Mel,LeBlanc,Ambessa,Pyke,Riven,Garen,Sylas,Pantheon,Fizz,Nautilus
824,16.4,NA1_5499664279,0,,Blue,1,Fiora,Talon,Malzahar,Aurelion Sol,Nasus,Yasuo,Mel,Rengar,Lux,Jayce,Gnar,Nidalee,Zoe,Jhin,Annie
825,16.4,NA1_5499664279,1,,Red,0,Gnar,Nidalee,Zoe,Jhin,Annie,Zed,Zaahen,Graves,Lux,Riven,Fiora,Talon,Malzahar,Aurelion Sol,Nasus
826,16.4,NA1_5500076287,0,,Blue,1,Rengar,Zyra,Yasuo,Olaf,Sona,Vayne,Akali,Bel'Veth,Zac,Darius,Riven,Ambessa,Syndra,Corki,Lulu
827,16.4,NA1_5500076287,1,,Red,0,Riven,Ambessa,Syndra,Corki,Lulu,Poppy,Rumble,Karma,Akali,Jayce,Rengar,Zyra,Yasuo,Olaf,Sona
828,16.3,NA1_5492289228,1,,Blue,1,Aurora,Evelynn,Smolder,Yunara,Lulu,Ambessa,Draven,,Pyke,Rengar,Yasuo,Lee Sin,Galio,Hwei,Leona
829,16.3,NA1_5492289228,0,,Red,0,Yasuo,Lee Sin,Galio,Hwei,Leona,Xin Zhao,Rengar,Ambessa,Nunu & Willump,Riven,Aurora,Evelynn,Smolder,Yunara,Lulu
830,16.4,NA1_5502294177,0,,Blue,1,Gwen,Jarvan IV,Yone,Yunara,Karma,Draven,Ambessa,Akali,Jayce,Akshan,Azir,Xin Zhao,Hwei,Kai'Sa,Pyke
831,16.4,NA1_5502294177,1,,Red,0,Azir,Xin Zhao,Hwei,Kai'Sa,Pyke,Katarina,Zoe,Jayce,Draven,Akshan,Gwen,Jarvan IV,Yone,Yunara,Karma
832,16.4,NA1_5497616348,0,,Blue,1,Aurora,Kha'Zix,Camille,Twitch,Pyke,Bard,Riven,Jayce,Ahri,,Jax,Fizz,Zed,Ezreal,Nami
833,16.4,NA1_5497616348,1,,Red,0,Jax,Fizz,Zed,Ezreal,Nami,Shaco,Rumble,Jayce,,Nasus,Aurora,Kha'Zix,Camille,Twitch,Pyke
834,16.3,NA1_5491672163,0,,Blue,1,Malzahar,Rek'Sai,Talon,Twitch,Milio,Yuumi,Gwen,Tryndamere,Kindred,Ambessa,Shen,Bel'Veth,Katarina,Jinx,Lulu
835,16.3,NA1_5491672163,1,,Red,0,Shen,Bel'Veth,Katarina,Jinx,Lulu,Tryndamere,Draven,Poppy,Yasuo,Shaco,Malzahar,Rek'Sai,Talon,Twitch,Milio
836,16.4,NA1_5501466998,1,,Blue,1,Fiora,Bel'Veth,Yasuo,Corki,Sona,Pyke,Malphite,Rengar,Nautilus,Akali,Yone,Naafiri,Twisted Fate,Caitlyn,Alistar
837,16.4,NA1_5501466998,0,,Red,0,Yone,Naafiri,Twisted Fate,Caitlyn,Alistar,Fiddlesticks,Darius,Gwen,,Ambessa,Fiora,Bel'Veth,Yasuo,Corki,Sona
838,16.4,NA1_5498816925,1,,Blue,1,Ornn,Graves,Karma,Miss Fortune,Rell,LeBlanc,Zed,Fiora,Mel,Briar,Vladimir,Dr. Mundo,Nasus,Jhin,Nautilus
839,16.4,NA1_5498816925,0,,Red,0,Vladimir,Dr. Mundo,Nasus,Jhin,Nautilus,Ambessa,Fiddlesticks,Anivia,Blitzcrank,Kindred,Ornn,Graves,Karma,Miss Fortune,Rell
840,16.4,NA1_5499084205,1,,Blue,1,Riven,Rek'Sai,Talon,Xayah,Lissandra,Akshan,Lulu,Zyra,Mel,Rengar,Malphite,Ivern,Sylas,Aphelios,Rakan
841,16.4,NA1_5499084205,0,,Red,0,Malphite,Ivern,Sylas,Aphelios,Rakan,Kled,Syndra,Fiora,Kha'Zix,Varus,Riven,Rek'Sai,Talon,Xayah,Lissandra
842,16.4,NA1_5496814168,0,,Blue,1,Gnar,Naafiri,Galio,Draven,Thresh,Irelia,Caitlyn,Riven,Zed,Kindred,Gwen,Ambessa,Xerath,Miss Fortune,Alistar
843,16.4,NA1_5496814168,1,,Red,0,Gwen,Ambessa,Xerath,Miss Fortune,Alistar,Akali,Hecarim,Jayce,Graves,Fiora,Gnar,Naafiri,Galio,Draven,Thresh
844,16.4,NA1_5500665934,1,,Blue,1,Aatrox,Taliyah,Viego,Kai'Sa,Nautilus,LeBlanc,Aurora,Seraphine,Vladimir,Zaahen,Volibear,Qiyana,Cassiopeia,Tristana,Lulu
845,16.4,NA1_5500665934,0,,Red,0,Volibear,Qiyana,Cassiopeia,Tristana,Lulu,Ambessa,Akali,Vladimir,Talon,Jax,Aatrox,Taliyah,Viego,Kai'Sa,Nautilus
846,16.4,NA1_5498305422,1,,Blue,1,Ashe,Morgana,Aurora,Kai'Sa,Rell,Akali,Shaco,Gwen,Jax,Zoe,Malphite,Kindred,Rumble,Jhin,Nautilus
847,16.4,NA1_5498305422,0,,Red,0,Malphite,Kindred,Rumble,Jhin,Nautilus,Braum,Karma,Jayce,Galio,Ambessa,Ashe,Morgana,Aurora,Kai'Sa,Rell
848,16.4,NA1_5501983504,1,,Blue,1,Kindred,Volibear,Taliyah,Syndra,Pantheon,Malphite,Yasuo,Gwen,Ambessa,Akali,Poppy,Zac,Akshan,Sivir,Sona
849,16.4,NA1_5501983504,0,,Red,0,Poppy,Zac,Akshan,Sivir,Sona,Yasuo,Fiora,Pyke,Karma,Renekton,Kindred,Volibear,Taliyah,Syndra,Pantheon
850,16.4,NA1_5502534702,1,,Blue,1,K'Sante,Kindred,Aurora,Miss Fortune,Rakan,,Jax,Yasuo,Vayne,Akshan,Urgot,Hecarim,Mel,Vladimir,Blitzcrank
851,16.4,NA1_5502534702,0,,Red,0,Urgot,Hecarim,Mel,Vladimir,Blitzcrank,Poppy,Fiora,Braum,Orianna,Zaahen,K'Sante,Kindred,Aurora,Miss Fortune,Rakan
852,16.3,NA1_5492250661,1,,Blue,1,Rumble,Nunu & Willump,Yone,Aphelios,Zoe,,Gwen,Aurora,,Anivia,Ambessa,Graves,Syndra,Kai'Sa,Sona
853,16.3,NA1_5492250661,0,,Red,0,Ambessa,Graves,Syndra,Kai'Sa,Sona,Pyke,Taliyah,Rengar,Yorick,Bel'Veth,Rumble,Nunu & Willump,Yone,Aphelios,Zoe
854,16.4,NA1_5499161612,1,,Blue,1,Singed,Naafiri,Renekton,Ziggs,Pantheon,Taliyah,Bel'Veth,Riven,Lux,Ezreal,Jax,Ambessa,Fizz,Senna,Neeko
855,16.4,NA1_5499161612,0,,Red,0,Jax,Ambessa,Fizz,Senna,Neeko,Pyke,Gangplank,Graves,Sylas,,Singed,Naafiri,Renekton,Ziggs,Pantheon
856,16.4,NA1_5499267269,1,,Blue,1,Fiora,Lee Sin,Kassadin,Varus,Soraka,Jayce,Bel'Veth,Rengar,Volibear,Riven,Renekton,Taliyah,Ryze,Jhin,Bard
857,16.4,NA1_5499267269,0,,Red,0,Renekton,Taliyah,Ryze,Jhin,Bard,Senna,Braum,Zoe,Rengar,Riven,Fiora,Lee Sin,Kassadin,Varus,Soraka
858,16.4,NA1_5496625185,0,,Blue,1,Quinn,Kha'Zix,Zed,Brand,Nami,Yasuo,Lux,Ambessa,Teemo,Ziggs,Sion,Lee Sin,Mel,Aphelios,Blitzcrank
859,16.4,NA1_5496625185,1,,Red,0,Sion,Lee Sin,Mel,Aphelios,Blitzcrank,Fiora,Hecarim,Ambessa,Gwen,Graves,Quinn,Kha'Zix,Zed,Brand,Nami
860,16.3,NA1_5492786958,0,,Blue,1,Jax,Sejuani,Azir,Zeri,Lulu,Rengar,Gwen,Fiddlesticks,Sona,Ambessa,Garen,Jarvan IV,Vayne,Viktor,Senna
861,16.3,NA1_5492786958,1,,Red,0,Garen,Jarvan IV,Vayne,Viktor,Senna,Nunu & Willump,Pyke,Kha'Zix,Rengar,Riven,Jax,Sejuani,Azir,Zeri,Lulu
862,16.4,NA1_5500787698,0,,Blue,1,Fiora,Kha'Zix,Kassadin,Senna,Bard,Graves,Zed,Rengar,Ambessa,Malphite,Darius,Aatrox,Azir,Mel,Sona
863,16.4,NA1_5500787698,1,,Red,0,Darius,Aatrox,Azir,Mel,Sona,Viktor,Sivir,Bel'Veth,Ambessa,Vayne,Fiora,Kha'Zix,Kassadin,Senna,Bard
864,16.4,NA1_5495704854,0,,Blue,1,Singed,Viego,Orianna,Zeri,Soraka,Ahri,Master Yi,Ambessa,Riven,Brand,Gwen,Graves,Viktor,Ezreal,Senna
865,16.4,NA1_5495704854,1,,Red,0,Gwen,Graves,Viktor,Ezreal,Senna,Malphite,,Pyke,Yasuo,Vayne,Singed,Viego,Orianna,Zeri,Soraka
866,16.4,NA1_5501566319,1,,Blue,1,Kennen,Aatrox,Zoe,Yunara,Lulu,Jayce,Akali,Rengar,Nami,Draven,Zed,Rek'Sai,Yasuo,Vayne,Pantheon
867,16.4,NA1_5501566319,0,,Red,0,Zed,Rek'Sai,Yasuo,Vayne,Pantheon,Corki,Akali,Ambessa,Kindred,Sona,Kennen,Aatrox,Zoe,Yunara,Lulu
868,16.4,NA1_5500908068,0,,Blue,1,Renekton,Sylas,Yone,Karthus,Zilean,Sona,Bel'Veth,,Riven,Rengar,Jayce,Ivern,Ahri,Lucian,Bard
869,16.4,NA1_5500908068,1,,Red,0,Jayce,Ivern,Ahri,Lucian,Bard,Ambessa,Lux,Nunu & Willump,Graves,Rengar,Renekton,Sylas,Yone,Karthus,Zilean
870,16.3,NA1_5492374039,1,,Blue,1,Singed,Jayce,Galio,Yunara,Lulu,Shaco,Fiddlesticks,Rengar,Urgot,Karma,Garen,Brand,Aurora,Varus,Fizz
871,16.3,NA1_5492374039,0,,Red,0,Garen,Brand,Aurora,Varus,Fizz,Poppy,Caitlyn,Akshan,Ambessa,Urgot,Singed,Jayce,Galio,Yunara,Lulu
872,16.3,NA1_5492256041,0,,Blue,1,Yone,Brand,Azir,Tristana,Alistar,Viktor,Riven,,Ambessa,Rengar,Mordekaiser,Talon,Orianna,Aphelios,Milio
873,16.3,NA1_5492256041,1,,Red,0,Mordekaiser,Talon,Orianna,Aphelios,Milio,Blitzcrank,Gwen,Kha'Zix,Syndra,Vayne,Yone,Brand,Azir,Tristana,Alistar
874,16.3,NA1_5491780214,1,,Blue,1,Sion,Zac,Qiyana,Sona,Nautilus,Fiora,LeBlanc,Rengar,Braum,Pyke,Anivia,Pantheon,Ahri,Tristana,Leona
875,16.3,NA1_5491780214,0,,Red,0,Anivia,Pantheon,Ahri,Tristana,Leona,Zed,Gwen,Yasuo,Pyke,Kha'Zix,Sion,Zac,Qiyana,Sona,Nautilus
876,16.4,NA1_5498331523,1,,Blue,1,Jax,Rengar,Qiyana,Xayah,Soraka,Nocturne,LeBlanc,Lee Sin,Shaco,Riven,Mordekaiser,Viego,Twisted Fate,Yunara,Nautilus
877,16.4,NA1_5498331523,0,,Red,0,Mordekaiser,Viego,Twisted Fate,Yunara,Nautilus,Naafiri,Caitlyn,Sylas,Yasuo,Sivir,Jax,Rengar,Qiyana,Xayah,Soraka
878,16.3,NA1_5493878983,0,,Blue,1,Lee Sin,Jarvan IV,Ryze,Yunara,Neeko,Bard,,Yasuo,Caitlyn,Gwen,Sion,Qiyana,Akali,Ezreal,Janna
879,16.3,NA1_5493878983,1,,Red,0,Sion,Qiyana,Akali,Ezreal,Janna,Draven,Nautilus,Rengar,Lissandra,Zac,Lee Sin,Jarvan IV,Ryze,Yunara,Neeko
880,16.4,NA1_5499580153,1,,Blue,1,Cassiopeia,Jarvan IV,Galio,Yunara,Anivia,Lissandra,Yasuo,Rengar,,Syndra,Vayne,Wukong,Orianna,Mel,Nami
881,16.4,NA1_5499580153,0,,Red,0,Vayne,Wukong,Orianna,Mel,Nami,Riven,Jayce,Ambessa,Kha'Zix,Sivir,Cassiopeia,Jarvan IV,Galio,Yunara,Anivia
882,16.4,NA1_5497004173,0,,Blue,1,Renekton,Wukong,Brand,Senna,Alistar,Pyke,LeBlanc,Gwen,Rengar,Riven,Garen,Pantheon,Syndra,Smolder,Bard
883,16.4,NA1_5497004173,1,,Red,0,Garen,Pantheon,Syndra,Smolder,Bard,Darius,Ambessa,Zed,Aurora,Rengar,Renekton,Wukong,Brand,Senna,Alistar
884,16.3,NA1_5492404385,1,,Blue,1,Kennen,Xin Zhao,Karma,Lucian,Sona,Akali,Yorick,Aphelios,Ekko,Rengar,Garen,Viego,Vladimir,Brand,Nautilus
885,16.3,NA1_5492404385,0,,Red,0,Garen,Viego,Vladimir,Brand,Nautilus,Ambessa,Fiddlesticks,Irelia,Bel'Veth,Zac,Kennen,Xin Zhao,Karma,Lucian,Sona
886,16.4,NA1_5502499402,0,,Blue,1,Poppy,Vayne,Ryze,Yunara,Milio,Blitzcrank,,Akshan,Anivia,Kassadin,Sion,Hecarim,Zoe,Corki,Neeko
887,16.4,NA1_5502499402,1,,Red,0,Sion,Hecarim,Zoe,Corki,Neeko,Kindred,,Yasuo,Dr. Mundo,Kassadin,Poppy,Vayne,Ryze,Yunara,Milio
888,16.4,NA1_5502193795,1,,Blue,1,Varus,Nocturne,Twisted Fate,Twitch,Neeko,,Lux,,Pyke,Braum,Ambessa,Graves,Anivia,Aurelion Sol,Alistar
889,16.4,NA1_5502193795,0,,Red,0,Ambessa,Graves,Anivia,Aurelion Sol,Alistar,Sylas,Riven,Draven,Bel'Veth,Poppy,Varus,Nocturne,Twisted Fate,Twitch,Neeko
890,16.4,NA1_5501367298,0,,Blue,1,Jax,Jayce,Galio,Jhin,Alistar,Lux,,Zoe,Draven,Ezreal,Garen,Lee Sin,Yone,Mel,Karma
891,16.4,NA1_5501367298,1,,Red,0,Garen,Lee Sin,Yone,Mel,Karma,Aurora,Dr. Mundo,Bel'Veth,Sivir,Rengar,Jax,Jayce,Galio,Jhin,Alistar
892,16.4,NA1_5501092971,1,,Blue,1,Gwen,Wukong,Akshan,Kai'Sa,Janna,Rengar,Rumble,Jayce,Yasuo,Pyke,Shen,Graves,Ryze,Sylas,Neeko
893,16.4,NA1_5501092971,0,,Red,0,Shen,Graves,Ryze,Sylas,Neeko,Ambessa,,Jayce,Riven,Sivir,Gwen,Wukong,Akshan,Kai'Sa,Janna
894,16.4,NA1_5498339609,1,,Blue,1,Volibear,Nunu & Willump,Kayle,Senna,Karma,Akali,Bel'Veth,Jayce,Jax,Nautilus,Riven,Jarvan IV,Azir,Jhin,Blitzcrank
895,16.4,NA1_5498339609,0,,Red,0,Riven,Jarvan IV,Azir,Jhin,Blitzcrank,Viego,Poppy,Zed,Renekton,Draven,Volibear,Nunu & Willump,Kayle,Senna,Karma
896,16.4,NA1_5502319230,0,,Blue,1,Yone,Ambessa,Ryze,Xayah,Rell,Rengar,LeBlanc,Jayce,Janna,Draven,Renekton,Fiddlesticks,Yasuo,Kai'Sa,Neeko
897,16.4,NA1_5502319230,1,,Red,0,Renekton,Fiddlesticks,Yasuo,Kai'Sa,Neeko,Lissandra,Azir,Pyke,Jax,Nunu & Willump,Yone,Ambessa,Ryze,Xayah,Rell
898,16.4,NA1_5500861138,1,,Blue,1,Ambessa,Wukong,Galio,Jhin,Swain,Braum,Zoe,Rengar,Riven,Sylas,Anivia,Jarvan IV,Katarina,Draven,Neeko
899,16.4,NA1_5500861138,0,,Red,0,Anivia,Jarvan IV,Katarina,Draven,Neeko,Vladimir,Pyke,Braum,Aatrox,Vayne,Ambessa,Wukong,Galio,Jhin,Swain
900,16.3,NA1_5493024119,0,,Blue,1,Jayce,Rengar,Orianna,Senna,Nautilus,Kha'Zix,Aphelios,Irelia,Twitch,Naafiri,Varus,Zyra,Zilean,Corki,Swain
901,16.3,NA1_5493024119,1,,Red,0,Varus,Zyra,Zilean,Corki,Swain,Kennen,Mel,Sylas,,Alistar,Jayce,Rengar,Orianna,Senna,Nautilus
902,16.3,NA1_5493016670,0,,Blue,1,Mordekaiser,Sylas,Sion,Sivir,Karma,Irelia,Nunu & Willump,Jayce,Rengar,Vex,Vayne,Zac,Mel,Yunara,Lulu
903,16.3,NA1_5493016670,1,,Red,0,Vayne,Zac,Mel,Yunara,Lulu,Riven,Rengar,Poppy,Caitlyn,Lux,Mordekaiser,Sylas,Sion,Sivir,Karma
904,16.4,NA1_5501836166,1,,Blue,1,Gnar,Vi,Mel,Xayah,Karma,Sona,Caitlyn,Azir,Rengar,Aurelion Sol,Aurora,Ambessa,Twisted Fate,Yunara,Nami
905,16.4,NA1_5501836166,0,,Red,0,Aurora,Ambessa,Twisted Fate,Yunara,Nami,Riven,Fiddlesticks,Draven,Anivia,Fizz,Gnar,Vi,Mel,Xayah,Karma
906,16.3,NA1_5493524671,1,,Blue,1,Galio,Lee Sin,Jax,Seraphine,Rell,Pyke,Nunu & Willump,Ambessa,Akshan,Gwen,Kennen,Kha'Zix,Irelia,Jinx,Lulu
907,16.3,NA1_5493524671,0,,Red,0,Kennen,Kha'Zix,Irelia,Jinx,Lulu,Braum,Qiyana,Ambessa,Riven,Rengar,Galio,Lee Sin,Jax,Seraphine,Rell
908,16.4,NA1_5499073029,0,,Blue,1,Irelia,Briar,Akshan,Mel,Rumble,Sivir,Nautilus,Malphite,Udyr,Yasuo,Kled,Qiyana,Riven,Cassiopeia,Nami
909,16.4,NA1_5499073029,1,,Red,0,Kled,Qiyana,Riven,Cassiopeia,Nami,Fiora,Aurora,Rengar,Varus,Pyke,Irelia,Briar,Akshan,Mel,Rumble
910,16.4,NA1_5502200999,0,,Blue,1,Renekton,Graves,Ryze,Varus,Jarvan IV,,Jayce,,Akali,Azir,Zed,Ambessa,Viktor,Brand,Karma
911,16.4,NA1_5502200999,1,,Red,0,Zed,Ambessa,Viktor,Brand,Karma,Akali,Swain,Xin Zhao,,Jayce,Renekton,Graves,Ryze,Varus,Jarvan IV
912,16.3,NA1_5492814566,1,,Blue,1,Gnar,Ekko,Vladimir,Twitch,Lulu,Pyke,Irelia,Kha'Zix,Yasuo,Rengar,Jayce,Zed,Viktor,Corki,Nami
913,16.3,NA1_5492814566,0,,Red,0,Jayce,Zed,Viktor,Corki,Nami,Bard,Akali,Irelia,Kha'Zix,Mel,Gnar,Ekko,Vladimir,Twitch,Lulu
914,16.4,NA1_5497107033,0,,Blue,1,Aatrox,Zaahen,Orianna,Ezreal,Karma,Lucian,Ambessa,,Shaco,Irelia,Graves,Jarvan IV,Azir,Kai'Sa,Pyke
915,16.4,NA1_5497107033,1,,Red,0,Graves,Jarvan IV,Azir,Kai'Sa,Pyke,Viktor,Riven,Rengar,Sona,Draven,Aatrox,Zaahen,Orianna,Ezreal,Karma
916,16.4,NA1_5498524201,0,,Blue,1,Yorick,Talon,Yasuo,Teemo,Neeko,Sivir,Azir,Mel,Bel'Veth,Riven,Garen,Lee Sin,Akali,Senna,Janna
917,16.4,NA1_5498524201,1,,Red,0,Garen,Lee Sin,Akali,Senna,Janna,Gangplank,Twitch,Lux,Hecarim,Poppy,Yorick,Talon,Yasuo,Teemo,Neeko
918,16.4,NA1_5497133740,1,,Blue,1,Azir,Kindred,Smolder,Ezreal,Zilean,Lux,Bel'Veth,Ambessa,Sona,Dr. Mundo,Irelia,Graves,Galio,Aphelios,Thresh
919,16.4,NA1_5497133740,0,,Red,0,Irelia,Graves,Galio,Aphelios,Thresh,,Sona,Jayce,Nautilus,Qiyana,Azir,Kindred,Smolder,Ezreal,Zilean
920,16.4,NA1_5499591217,1,,Blue,1,Ambessa,Gwen,Qiyana,Senna,Karma,Vladimir,,,Bel'Veth,Pyke,Aurora,Lee Sin,Mordekaiser,Yasuo,Gragas
921,16.4,NA1_5499591217,0,,Red,0,Aurora,Lee Sin,Mordekaiser,Yasuo,Gragas,Irelia,Sona,Naafiri,Riven,Lulu,Ambessa,Gwen,Qiyana,Senna,Karma
922,16.3,NA1_5492751066,1,,Blue,1,Jayce,Nocturne,Orianna,Vladimir,Nami,Irelia,Viego,Zoe,Bel'Veth,Caitlyn,Akali,Lee Sin,Xerath,Corki,Nautilus
923,16.3,NA1_5492751066,0,,Red,0,Akali,Lee Sin,Xerath,Corki,Nautilus,Naafiri,Gwen,Tryndamere,Kassadin,LeBlanc,Jayce,Nocturne,Orianna,Vladimir,Nami
924,16.4,NA1_5497576347,1,,Blue,1,Kled,Master Yi,Ahri,Jhin,Maokai,Yasuo,Mel,Malphite,Fiora,Shaco,Darius,Nunu & Willump,Zoe,Corki,Leona
925,16.4,NA1_5497576347,0,,Red,0,Darius,Nunu & Willump,Zoe,Corki,Leona,LeBlanc,Zac,Draven,Jax,Vayne,Kled,Master Yi,Ahri,Jhin,Maokai
926,16.4,NA1_5499879265,1,,Blue,1,Teemo,Rek'Sai,Talon,Twitch,Sona,Jax,LeBlanc,Sion,Janna,Braum,Malphite,Viego,Vex,Tryndamere,Rakan
927,16.4,NA1_5499879265,0,,Red,0,Malphite,Viego,Vex,Tryndamere,Rakan,Lee Sin,Draven,Bel'Veth,Swain,Gwen,Teemo,Rek'Sai,Talon,Twitch,Sona
928,16.4,NA1_5500081706,0,,Blue,1,Jayce,Ivern,Cassiopeia,Caitlyn,Karma,Bel'Veth,Kha'Zix,Rengar,Draven,Riven,Irelia,Teemo,Ryze,Corki,Lee Sin
929,16.4,NA1_5500081706,1,,Red,0,Irelia,Teemo,Ryze,Corki,Lee Sin,Jax,Shaco,Poppy,Nunu & Willump,Riven,Jayce,Ivern,Cassiopeia,Caitlyn,Karma
930,16.3,NA1_5493511380,0,,Blue,1,Yone,Viego,Viktor,Xerath,Zoe,Braum,Yasuo,Akali,Teemo,Kai'Sa,Ambessa,Hecarim,Naafiri,Brand,Nami
931,16.3,NA1_5493511380,1,,Red,0,Ambessa,Hecarim,Naafiri,Brand,Nami,Jhin,Qiyana,Fiora,Akali,Ziggs,Yone,Viego,Viktor,Xerath,Zoe
932,16.4,NA1_5501201117,0,,Blue,1,Naafiri,Graves,Viktor,Seraphine,Bard,Yasuo,Ambessa,LeBlanc,Mel,Nami,Vayne,Kha'Zix,Ahri,Senna,Janna
933,16.4,NA1_5501201117,1,,Red,0,Vayne,Kha'Zix,Ahri,Senna,Janna,Anivia,Lee Sin,Mel,Sylas,Jayce,Naafiri,Graves,Viktor,Seraphine,Bard
934,16.4,NA1_5501549289,0,,Blue,1,Aurora,Talon,Taliyah,Swain,Skarner,Riven,Zac,Sylas,Ambessa,Rengar,Kled,Lee Sin,Viktor,Kai'Sa,Neeko
935,16.4,NA1_5501549289,1,,Red,0,Kled,Lee Sin,Viktor,Kai'Sa,Neeko,Fiora,,Zed,Lux,Gwen,Aurora,Talon,Taliyah,Swain,Skarner
936,16.4,NA1_5499126503,1,,Blue,1,Vladimir,Qiyana,Aurora,Corki,Alistar,Pyke,Rengar,Orianna,,Gwen,Zoe,Kha'Zix,Sylas,Kai'Sa,Neeko
937,16.4,NA1_5499126503,0,,Red,0,Zoe,Kha'Zix,Sylas,Kai'Sa,Neeko,Lux,Fiora,Naafiri,Zed,Draven,Vladimir,Qiyana,Aurora,Corki,Alistar
938,16.3,NA1_5495026542,1,,Blue,1,Zoe,Shaco,Yone,Jinx,Blitzcrank,Draven,,Rengar,Mel,Renekton,Jax,Ekko,Galio,Ashe,Lulu
939,16.3,NA1_5495026542,0,,Red,0,Jax,Ekko,Galio,Ashe,Lulu,Syndra,Twitch,Bard,Riven,Pyke,Zoe,Shaco,Yone,Jinx,Blitzcrank
940,16.4,NA1_5498925717,1,,Blue,1,Renekton,Graves,Lucian,Lux,Neeko,Draven,Vladimir,Mel,Pyke,Yasuo,Jax,Kindred,Diana,Jhin,Bard
941,16.4,NA1_5498925717,0,,Red,0,Jax,Kindred,Diana,Jhin,Bard,Rengar,Orianna,Dr. Mundo,Riven,,Renekton,Graves,Lucian,Lux,Neeko
942,16.3,NA1_5493469042,1,,Blue,1,Warwick,Bel'Veth,Ryze,Ezreal,Leona,Vladimir,Kennen,Jax,Zaahen,Braum,Rumble,Master Yi,Zed,Aphelios,Karma
943,16.3,NA1_5493469042,0,,Red,0,Rumble,Master Yi,Zed,Aphelios,Karma,Riven,Azir,Zilean,Ambessa,Nunu & Willump,Warwick,Bel'Veth,Ryze,Ezreal,Leona
944,16.4,NA1_5500561317,0,,Blue,1,Yorick,Sion,Syndra,Smolder,Nami,Aphelios,Yasuo,Draven,Gwen,Poppy,Singed,Ambessa,Galio,Senna,Nautilus
945,16.4,NA1_5500561317,1,,Red,0,Singed,Ambessa,Galio,Senna,Nautilus,Varus,Akali,Jayce,Zac,Ekko,Yorick,Sion,Syndra,Smolder,Nami
946,16.4,NA1_5501019015,0,,Blue,1,Gnar,Kindred,Ryze,Kalista,Pyke,Leona,Ezreal,Nasus,Yasuo,Rengar,Aurora,Graves,Cassiopeia,Miss Fortune,Neeko
947,16.4,NA1_5501019015,1,,Red,0,Aurora,Graves,Cassiopeia,Miss Fortune,Neeko,,Shaco,Nautilus,Jayce,Rengar,Gnar,Kindred,Ryze,Kalista,Pyke
948,16.4,NA1_5500253683,0,,Blue,1,Irelia,Lee Sin,Ryze,Nilah,Lux,Naafiri,Blitzcrank,Bel'Veth,Rengar,Ambessa,Riven,Jayce,Aurora,Ezreal,Neeko
949,16.4,NA1_5500253683,1,,Red,0,Riven,Jayce,Aurora,Ezreal,Neeko,Draven,Zac,Pyke,Mel,Bel'Veth,Irelia,Lee Sin,Ryze,Nilah,Lux
950,16.4,NA1_5500629938,0,,Blue,1,Gwen,Briar,Ezreal,Aurelion Sol,Senna,Zed,Pyke,Udyr,,Rumble,Volibear,Ambessa,Viktor,Draven,Thresh
951,16.4,NA1_5500629938,1,,Red,0,Volibear,Ambessa,Viktor,Draven,Thresh,Jax,Akali,Mel,Neeko,Shaco,Gwen,Briar,Ezreal,Aurelion Sol,Senna
952,16.4,NA1_5502517087,1,,Blue,1,Azir,Maokai,Syndra,Miss Fortune,Rell,Zaahen,LeBlanc,Jayce,Neeko,Braum,Yasuo,Shaco,Yone,Jinx,Milio
953,16.4,NA1_5502517087,0,,Red,0,Yasuo,Shaco,Yone,Jinx,Milio,Zaahen,Gwen,Rengar,Jax,Ambessa,Azir,Maokai,Syndra,Miss Fortune,Rell
954,16.3,NA1_5491769935,1,,Blue,1,Riven,Jarvan IV,Orianna,Jhin,Maokai,Ambessa,Zoe,Azir,Darius,,Warwick,Kindred,Sylas,Aphelios,Lulu
955,16.3,NA1_5491769935,0,,Red,0,Warwick,Kindred,Sylas,Aphelios,Lulu,Draven,Kha'Zix,Kennen,Aatrox,Jax,Riven,Jarvan IV,Orianna,Jhin,Maokai
956,16.4,NA1_5499389039,1,,Blue,1,Ambessa,Kindred,Anivia,Yunara,Lulu,Nunu & Willump,Braum,Aurora,Rengar,Pyke,Camille,Skarner,Zed,Ziggs,Neeko
957,16.4,NA1_5499389039,0,,Red,0,Camille,Skarner,Zed,Ziggs,Neeko,Graves,Bel'Veth,Fizz,Zac,Blitzcrank,Ambessa,Kindred,Anivia,Yunara,Lulu
958,16.4,NA1_5502243629,1,,Blue,1,Irelia,Shen,Lux,Samira,Leona,,Pyke,Caitlyn,,Zac,Nasus,Sylas,Vladimir,Twitch,Nautilus
959,16.4,NA1_5502243629,0,,Red,0,Nasus,Sylas,Vladimir,Twitch,Nautilus,Gwen,Braum,Yorick,Alistar,Ambessa,Irelia,Shen,Lux,Samira,Leona
960,16.4,NA1_5502450869,1,,Blue,1,Rumble,Xin Zhao,Kassadin,Sivir,Senna,Sona,Zed,Rengar,Riven,Mel,Anivia,Shaco,Vex,Aphelios,Maokai
961,16.4,NA1_5502450869,0,,Red,0,Anivia,Shaco,Vex,Aphelios,Maokai,Zed,Talon,Graves,Aatrox,Ambessa,Rumble,Xin Zhao,Kassadin,Sivir,Senna
962,16.4,NA1_5499824515,0,,Blue,1,Graves,Ambessa,Viktor,Lucian,Nami,Varus,Poppy,Leona,Nunu & Willump,,Jayce,Zed,Zoe,Vladimir,Shen
963,16.4,NA1_5499824515,1,,Red,0,Jayce,Zed,Zoe,Vladimir,Shen,Yasuo,Pyke,Briar,Fiddlesticks,Rumble,Graves,Ambessa,Viktor,Lucian,Nami
964,16.4,NA1_5500295264,0,,Blue,1,Nasus,Brand,Pyke,Corki,Rell,Bel'Veth,Ezreal,,Ambessa,Aurora,Garen,Lee Sin,Orianna,Hwei,Yuumi
965,16.4,NA1_5500295264,1,,Red,0,Garen,Lee Sin,Orianna,Hwei,Yuumi,Cassiopeia,Draven,Ambessa,Nunu & Willump,Zed,Nasus,Brand,Pyke,Corki,Rell
966,16.4,NA1_5501324419,1,,Blue,1,Jax,Kindred,Viktor,Varus,Neeko,Twisted Fate,Ambessa,Sona,Nautilus,Twitch,Jayce,Diana,Yone,Corki,Nami
967,16.4,NA1_5501324419,0,,Red,0,Jayce,Diana,Yone,Corki,Nami,Pyke,Nautilus,Nunu & Willump,Rengar,Shaco,Jax,Kindred,Viktor,Varus,Neeko
968,16.4,NA1_5500625194,1,,Blue,1,Jax,Ambessa,LeBlanc,Senna,Pantheon,Kha'Zix,Karma,Naafiri,Shaco,Fiddlesticks,Garen,Rek'Sai,Kassadin,Jhin,Janna
969,16.4,NA1_5500625194,0,,Red,0,Garen,Rek'Sai,Kassadin,Jhin,Janna,Draven,Sona,Zed,Kha'Zix,Jayce,Jax,Ambessa,LeBlanc,Senna,Pantheon
970,16.4,NA1_5495801622,1,,Blue,1,Ambessa,Aatrox,Anivia,Kai'Sa,Pantheon,Zac,Zaahen,Yasuo,Neeko,Viktor,Jayce,Dr. Mundo,Ryze,Jinx,Fiddlesticks
971,16.4,NA1_5495801622,0,,Red,0,Jayce,Dr. Mundo,Ryze,Jinx,Fiddlesticks,Viego,Milio,Zoe,Alistar,Riven,Ambessa,Aatrox,Anivia,Kai'Sa,Pantheon
972,16.4,NA1_5501743414,1,,Blue,1,Darius,Xin Zhao,Viktor,Jhin,Bard,Akali,Jax,Bel'Veth,Master Yi,Rengar,Aurora,Fizz,Irelia,Caitlyn,Karma
973,16.4,NA1_5501743414,0,,Red,0,Aurora,Fizz,Irelia,Caitlyn,Karma,Varus,Riven,Malphite,,Yasuo,Darius,Xin Zhao,Viktor,Jhin,Bard
974,16.4,NA1_5498949410,1,,Blue,1,Fiora,Jayce,Tristana,Mel,Zoe,Sivir,Ambessa,Jarvan IV,Aurora,Kennen,Gnar,Graves,Anivia,Ezreal,Nami
975,16.4,NA1_5498949410,0,,Red,0,Gnar,Graves,Anivia,Ezreal,Nami,Sona,Bel'Veth,Varus,Syndra,Riven,Fiora,Jayce,Tristana,Mel,Zoe
976,16.4,NA1_5496328442,0,,Blue,1,Urgot,Qiyana,Ryze,Yunara,Sona,Yuumi,Akali,Pyke,Rengar,Orianna,Riven,Morgana,Lucian,Samira,Neeko
977,16.4,NA1_5496328442,1,,Red,0,Riven,Morgana,Lucian,Samira,Neeko,Rengar,Pyke,Renekton,Poppy,Azir,Urgot,Qiyana,Ryze,Yunara,Sona
978,16.4,NA1_5496104663,0,,Blue,1,Cho'Gath,Ezreal,Azir,Caitlyn,Bard,Viktor,Zilean,Jayce,Draven,Gwen,Yasuo,Graves,Orianna,Senna,Nautilus
979,16.4,NA1_5496104663,1,,Red,0,Yasuo,Graves,Orianna,Senna,Nautilus,Gwen,Hwei,,Syndra,Riven,Cho'Gath,Ezreal,Azir,Caitlyn,Bard
980,16.4,NA1_5501571468,0,,Blue,1,Sion,Graves,Orianna,Kai'Sa,Leona,Fiora,Jayce,Yasuo,Pyke,Neeko,Rek'Sai,Ambessa,Diana,Veigar,Alistar
981,16.4,NA1_5501571468,1,,Red,0,Rek'Sai,Ambessa,Diana,Veigar,Alistar,Kha'Zix,Yasuo,,Rengar,Draven,Sion,Graves,Orianna,Kai'Sa,Leona
982,16.4,NA1_5501860788,0,,Blue,1,Sett,Shaco,Syndra,Vladimir,Poppy,Graves,Riven,,Pyke,Sylas,Ambessa,Vi,Galio,Kai'Sa,Leona
983,16.4,NA1_5501860788,1,,Red,0,Ambessa,Vi,Galio,Kai'Sa,Leona,Riven,Neeko,Zac,Rengar,Zoe,Sett,Shaco,Syndra,Vladimir,Poppy
984,16.3,NA1_5492796852,1,,Blue,1,Mordekaiser,Jarvan IV,Ekko,Kai'Sa,Senna,Akali,Ambessa,Darius,,Pyke,Volibear,Aatrox,Ahri,Ezreal,Poppy
985,16.3,NA1_5492796852,0,,Red,0,Volibear,Aatrox,Ahri,Ezreal,Poppy,Rengar,Riven,Draven,Pyke,Jax,Mordekaiser,Jarvan IV,Ekko,Kai'Sa,Senna
986,16.4,NA1_5500076348,0,,Blue,1,Illaoi,Shaco,Kassadin,Draven,Thresh,Lillia,Zed,Yorick,Mel,Neeko,Tryndamere,Xin Zhao,Ahri,Zyra,Sona
987,16.4,NA1_5500076348,1,,Red,0,Tryndamere,Xin Zhao,Ahri,Zyra,Sona,Zed,Lucian,Pyke,Gwen,Akali,Illaoi,Shaco,Kassadin,Draven,Thresh
988,16.4,NA1_5497701566,0,,Blue,1,Fiora,Nidalee,Ryze,Aphelios,Karma,Caitlyn,,Akali,Graves,Fiddlesticks,Zac,Jarvan IV,Twisted Fate,Jhin,Neeko
989,16.4,NA1_5497701566,1,,Red,0,Zac,Jarvan IV,Twisted Fate,Jhin,Neeko,Lux,Nunu & Willump,Shaco,Rengar,Riven,Fiora,Nidalee,Ryze,Aphelios,Karma
990,16.4,NA1_5501784792,1,,Blue,1,Darius,Udyr,Yasuo,Aphelios,Alistar,Jayce,Sona,Zoe,Nautilus,Akali,Riven,Graves,Vex,Yunara,Blitzcrank
991,16.4,NA1_5501784792,0,,Red,0,Riven,Graves,Vex,Yunara,Blitzcrank,Zoe,Sona,Azir,Pyke,Rengar,Darius,Udyr,Yasuo,Aphelios,Alistar
992,16.4,NA1_5500290704,1,,Blue,1,Aatrox,Zac,Sion,Yunara,Bard,Ambessa,Jax,Jayce,Kindred,Pyke,Gnar,Fizz,Anivia,Smolder,Poppy
993,16.4,NA1_5500290704,0,,Red,0,Gnar,Fizz,Anivia,Smolder,Poppy,Shaco,,Bel'Veth,Darius,Lux,Aatrox,Zac,Sion,Yunara,Bard
994,16.4,NA1_5502422918,1,,Blue,1,Varus,Graves,Taliyah,Karthus,Nautilus,Aurora,Zed,Kha'Zix,Mel,Bard,Briar,Brand,Yasuo,Jhin,Nami
995,16.4,NA1_5502422918,0,,Red,0,Briar,Brand,Yasuo,Jhin,Nami,Vi,Talon,Rengar,Ambessa,Jax,Varus,Graves,Taliyah,Karthus,Nautilus
996,16.3,NA1_5492169897,1,,Blue,1,Nasus,Kha'Zix,Ryze,Lucian,Nami,Jax,Ambessa,Shaco,Caitlyn,Aurelion Sol,Yorick,Naafiri,Anivia,Ezreal,Rell
997,16.3,NA1_5492169897,0,,Red,0,Yorick,Naafiri,Anivia,Ezreal,Rell,Nunu & Willump,Janna,Irelia,Bel'Veth,Twitch,Nasus,Kha'Zix,Ryze,Lucian,Nami
998,16.4,NA1_5497193689,1,,Blue,1,Teemo,Lee Sin,Zac,Ashe,Hwei,Nunu & Willump,Yuumi,Rek'Sai,Sion,Nautilus,Urgot,Kha'Zix,Fizz,Jhin,Leona
999,16.4,NA1_5497193689,0,,Red,0,Urgot,Kha'Zix,Fizz,Jhin,Leona,Fiora,Braum,Akali,Morgana,Draven,Teemo,Lee Sin,Zac,Ashe,Hwei
1000,16.4,NA1_5497785432,1,,Blue,1,Shen,Nidalee,Sylas,Kai'Sa,Thresh,Draven,Mel,Bard,Taliyah,Tryndamere,Graves,Qiyana,Corki,Kog'Maw,Anivia
1001,16.4,NA1_5497785432,0,,Red,0,Graves,Qiyana,Corki,Kog'Maw,Anivia,,Rengar,Braum,Karma,Akali,Shen,Nidalee,Sylas,Kai'Sa,Thresh
1002,16.4,NA1_5500768276,1,,Blue,1,Sion,Ambessa,Zyra,Ezreal,Pantheon,Lux,Mel,Rengar,Riven,Draven,Akali,Talon,Galio,Miss Fortune,Neeko
1003,16.4,NA1_5500768276,0,,Red,0,Akali,Talon,Galio,Miss Fortune,Neeko,Rengar,Zoe,Yasuo,Varus,Gwen,Sion,Ambessa,Zyra,Ezreal,Pantheon
1004,16.4,NA1_5502258264,0,,Blue,1,Singed,Fiddlesticks,Corki,Yunara,Nautilus,Ambessa,Jayce,Pyke,Akshan,Yasuo,Varus,Qiyana,Akali,Ashe,Seraphine
1005,16.4,NA1_5502258264,1,,Red,0,Varus,Qiyana,Akali,Ashe,Seraphine,Graves,Malphite,Rengar,Lux,LeBlanc,Singed,Fiddlesticks,Corki,Yunara,Nautilus
1006,16.4,NA1_5499925569,1,,Blue,1,Vayne,Shaco,Lux,Sivir,Rakan,Poppy,Riven,Ambessa,Kassadin,Jayce,Darius,Zaahen,Taliyah,Ezreal,Bard
1007,16.4,NA1_5499925569,0,,Red,0,Darius,Zaahen,Taliyah,Ezreal,Bard,Kayle,Pyke,Yasuo,,Zac,Vayne,Shaco,Lux,Sivir,Rakan
1008,16.4,NA1_5497772190,0,,Blue,1,Darius,Lee Sin,Kayle,Ziggs,Janna,Pyke,,Sona,LeBlanc,Lux,K'Sante,Nidalee,Hwei,Jhin,Nautilus
1009,16.4,NA1_5497772190,1,,Red,0,K'Sante,Nidalee,Hwei,Jhin,Nautilus,Bard,,Rengar,Sivir,Vayne,Darius,Lee Sin,Kayle,Ziggs,Janna
1010,16.3,NA1_5492588707,0,,Blue,1,Ekko,Shaco,Yone,Smolder,Elise,Bel'Veth,Akali,Lee Sin,Jayce,Yasuo,Aurelion Sol,Jarvan IV,Corki,Mel,Sona
1011,16.3,NA1_5492588707,1,,Red,0,Aurelion Sol,Jarvan IV,Corki,Mel,Sona,Kassadin,Irelia,Riven,Blitzcrank,Rengar,Ekko,Shaco,Yone,Smolder,Elise
1012,16.4,NA1_5498465803,1,,Blue,1,Aatrox,Diana,Zed,Draven,Thresh,Graves,Fiora,LeBlanc,Poppy,Yunara,Riven,Ornn,Sylas,Tristana,Leona
1013,16.4,NA1_5498465803,0,,Red,0,Riven,Ornn,Sylas,Tristana,Leona,Lee Sin,Yasuo,Gwen,Braum,Renekton,Aatrox,Diana,Zed,Draven,Thresh
1014,16.3,NA1_5494344158,0,,Blue,1,Gnar,Sylas,Seraphine,Jhin,Nautilus,Udyr,Syndra,Rengar,Pyke,Riven,Yorick,Nidalee,Zed,Ezreal,Bard
1015,16.3,NA1_5494344158,1,,Red,0,Yorick,Nidalee,Zed,Ezreal,Bard,Bel'Veth,Sivir,Ambessa,Lux,Darius,Gnar,Sylas,Seraphine,Jhin,Nautilus
1016,16.4,NA1_5497685751,1,,Blue,1,Akali,Graves,Hwei,Jhin,Anivia,Rengar,Karthus,Braum,Draven,Ambessa,Cho'Gath,Brand,Jayce,Lucian,Nautilus
1017,16.4,NA1_5497685751,0,,Red,0,Cho'Gath,Brand,Jayce,Lucian,Nautilus,Warwick,Braum,Yasuo,Riven,Irelia,Akali,Graves,Hwei,Jhin,Anivia
1018,16.4,NA1_5500647443,1,,Blue,1,Aurora,Lee Sin,Viktor,Yunara,Lulu,Bel'Veth,Jax,Zilean,Shaco,Akali,Malphite,Udyr,Talon,Jhin,Zoe
1019,16.4,NA1_5500647443,0,,Red,0,Malphite,Udyr,Talon,Jhin,Zoe,Kha'Zix,Dr. Mundo,Sylas,Sivir,Ahri,Aurora,Lee Sin,Viktor,Yunara,Lulu
1020,16.4,NA1_5500113167,0,,Blue,1,Gwen,Ambessa,Mel,Ezreal,Morgana,Karma,Jax,Zilean,Nunu & Willump,Sylas,Riven,Kha'Zix,Syndra,Ahri,Lee Sin
1021,16.4,NA1_5500113167,1,,Red,0,Riven,Kha'Zix,Syndra,Ahri,Lee Sin,Jayce,Poppy,Rumble,Shaco,LeBlanc,Gwen,Ambessa,Mel,Ezreal,Morgana
1022,16.4,NA1_5497766093,1,,Blue,1,Shen,Kindred,Orianna,Jhin,Janna,,Mel,Tryndamere,Pyke,Rengar,Riven,Graves,Xerath,Ashe,Anivia
1023,16.4,NA1_5497766093,0,,Red,0,Riven,Graves,Xerath,Ashe,Anivia,Bel'Veth,,Akali,Braum,Jayce,Shen,Kindred,Orianna,Jhin,Janna
1024,16.4,NA1_5502201608,1,,Blue,1,Renekton,Graves,Akali,Yunara,Alistar,Sona,Riven,Rengar,Nautilus,Talon,Jax,Vi,Katarina,Smolder,Blitzcrank
1025,16.4,NA1_5502201608,0,,Red,0,Jax,Vi,Katarina,Smolder,Blitzcrank,Shaco,Braum,Vladimir,Singed,Kog'Maw,Renekton,Graves,Akali,Yunara,Alistar
1026,16.4,NA1_5500525359,0,,Blue,1,Akali,Rek'Sai,Sion,Yunara,Thresh,Aurora,Milio,Yasuo,Yone,Caitlyn,Varus,Udyr,Ahri,Aphelios,Braum
1027,16.4,NA1_5500525359,1,,Red,0,Varus,Udyr,Ahri,Aphelios,Braum,Riven,Pyke,Zilean,Ambessa,Anivia,Akali,Rek'Sai,Sion,Yunara,Thresh
1028,16.3,NA1_5494454052,1,,Blue,1,Jax,Kha'Zix,Syndra,Kai'Sa,Neeko,,Gwen,Zed,Rengar,Fiddlesticks,Sion,Kindred,Zoe,Caitlyn,Karma
1029,16.3,NA1_5494454052,0,,Red,0,Sion,Kindred,Zoe,Caitlyn,Karma,Draven,Sona,Akshan,Ambessa,Riven,Jax,Kha'Zix,Syndra,Kai'Sa,Neeko
1030,16.3,NA1_5492122316,1,,Blue,1,Ambessa,Sejuani,Aurora,Yunara,Yuumi,Yasuo,Pyke,Draven,Riven,Kha'Zix,Varus,Rengar,Hwei,Aphelios,Nautilus
1031,16.3,NA1_5492122316,0,,Red,0,Varus,Rengar,Hwei,Aphelios,Nautilus,Orianna,Poppy,Yorick,,Draven,Ambessa,Sejuani,Aurora,Yunara,Yuumi
1032,16.4,NA1_5497788060,0,,Blue,1,Quinn,Maokai,Viktor,Kai'Sa,Nautilus,,Mel,Elise,Pyke,Malphite,Riven,Graves,Camille,Jhin,Neeko
1033,16.4,NA1_5497788060,1,,Red,0,Riven,Graves,Camille,Jhin,Neeko,Rengar,Bel'Veth,Jax,Jayce,Lux,Quinn,Maokai,Viktor,Kai'Sa,Nautilus
1034,16.4,NA1_5496350713,0,,Blue,1,Garen,Sylas,Lux,Corki,Leona,Rengar,Vayne,Akshan,Riven,Naafiri,Kayle,Master Yi,Zed,Swain,Zoe
1035,16.4,NA1_5496350713,1,,Red,0,Kayle,Master Yi,Zed,Swain,Zoe,Ambessa,Lee Sin,Urgot,Elise,Jayce,Garen,Sylas,Lux,Corki,Leona
1036,16.3,NA1_5491803811,1,,Blue,1,Riven,Bel'Veth,Ahri,Miss Fortune,Sona,Jax,Kled,Akali,Kai'Sa,Azir,Warwick,Taliyah,Tryndamere,Xayah,Alistar
1037,16.3,NA1_5491803811,0,,Red,0,Warwick,Taliyah,Tryndamere,Xayah,Alistar,Draven,Yone,Ambessa,Malphite,Xerath,Riven,Bel'Veth,Ahri,Miss Fortune,Sona
1038,16.4,NA1_5497445216,1,,Blue,1,K'Sante,Rengar,Ahri,Varus,Alistar,,Hecarim,Riven,Gwen,Fiora,Zaahen,Fizz,Naafiri,Caitlyn,Nautilus
1039,16.4,NA1_5497445216,0,,Red,0,Zaahen,Fizz,Naafiri,Caitlyn,Nautilus,Bel'Veth,Yasuo,Kha'Zix,Mel,Sona,K'Sante,Rengar,Ahri,Varus,Alistar
1040,16.3,NA1_5493112825,0,,Blue,1,Malphite,Talon,Viktor,Lux,Nami,Ambessa,Sylas,Senna,Darius,Draven,Nasus,Dr. Mundo,Sion,Ezreal,Karma
1041,16.3,NA1_5493112825,1,,Red,0,Nasus,Dr. Mundo,Sion,Ezreal,Karma,Orianna,Swain,Pyke,Zed,LeBlanc,Malphite,Talon,Viktor,Lux,Nami
1042,16.4,NA1_5498157932,1,,Blue,1,Riven,Evelynn,Kassadin,Varus,Alistar,Akshan,Mel,Jayce,Zac,Rengar,Twisted Fate,Udyr,Gangplank,Ezreal,Nautilus
1043,16.4,NA1_5498157932,0,,Red,0,Twisted Fate,Udyr,Gangplank,Ezreal,Nautilus,Master Yi,,,Kha'Zix,,Riven,Evelynn,Kassadin,Varus,Alistar
1044,16.4,NA1_5502029677,1,,Blue,1,Sion,Udyr,Hwei,Yunara,Rell,,Kha'Zix,Zed,Draven,Aatrox,Vayne,Ambessa,Akshan,Lux,Nautilus
1045,16.4,NA1_5502029677,0,,Red,0,Vayne,Ambessa,Akshan,Lux,Nautilus,Pyke,Rek'Sai,Bard,Azir,Yasuo,Sion,Udyr,Hwei,Yunara,Rell
1046,16.4,NA1_5500539432,1,,Blue,1,K'Sante,Zac,Talon,Draven,Sona,Riven,Mel,Janna,LeBlanc,Ambessa,Tryndamere,Graves,Ryze,Yunara,Brand
1047,16.4,NA1_5500539432,0,,Red,0,Tryndamere,Graves,Ryze,Yunara,Brand,,Kha'Zix,Zilean,Akali,Gwen,K'Sante,Zac,Talon,Draven,Sona
1048,16.4,NA1_5496638200,1,,Blue,1,Ambessa,Udyr,Irelia,Kog'Maw,Alistar,Ezreal,Bel'Veth,Jayce,Blitzcrank,Yasuo,Zed,Diana,Viktor,Kai'Sa,Nautilus
1049,16.4,NA1_5496638200,0,,Red,0,Zed,Diana,Viktor,Kai'Sa,Nautilus,Malphite,Renekton,Pyke,Akali,Poppy,Ambessa,Udyr,Irelia,Kog'Maw,Alistar
1050,16.4,NA1_5501030508,0,,Blue,1,Varus,Graves,Taliyah,Aphelios,Alistar,Caitlyn,Pyke,Poppy,Ambessa,Kennen,Jayce,Diana,Naafiri,Yunara,Nautilus
1051,16.4,NA1_5501030508,1,,Red,0,Jayce,Diana,Naafiri,Yunara,Nautilus,Irelia,Smolder,Rengar,Nunu & Willump,Poppy,Varus,Graves,Taliyah,Aphelios,Alistar
1052,16.4,NA1_5500372569,0,,Blue,1,K'Sante,Graves,Hwei,Aphelios,Nautilus,Lux,Poppy,Sylas,Jayce,Nunu & Willump,Rek'Sai,Ambessa,Akali,Ziggs,Sona
1053,16.4,NA1_5500372569,1,,Red,0,Rek'Sai,Ambessa,Akali,Ziggs,Sona,Zaahen,Akshan,Rengar,Sivir,Cho'Gath,K'Sante,Graves,Hwei,Aphelios,Nautilus
1054,16.4,NA1_5501337352,1,,Blue,1,Jayce,Naafiri,Akali,Miss Fortune,Zyra,,,Vladimir,Seraphine,Rumble,Sion,Ambessa,Orianna,Mel,Sona
1055,16.4,NA1_5501337352,0,,Red,0,Sion,Ambessa,Orianna,Mel,Sona,Ekko,Blitzcrank,Rengar,Pyke,Renekton,Jayce,Naafiri,Akali,Miss Fortune,Zyra
1056,16.3,NA1_5493258400,0,,Blue,1,Kennen,Naafiri,Xerath,Jinx,Thresh,Gwen,Riven,Akali,Kindred,Jayce,Irelia,Rengar,Azir,Caitlyn,Sona
1057,16.3,NA1_5493258400,1,,Red,0,Irelia,Rengar,Azir,Caitlyn,Sona,Ambessa,Aphelios,Rumble,Zilean,Akali,Kennen,Naafiri,Xerath,Jinx,Thresh
1058,16.4,NA1_5500977944,0,,Blue,1,Yasuo,Rumble,Orianna,Ashe,Alistar,Nunu & Willump,Jax,Sylas,Twitch,Syndra,Nasus,Gwen,Taliyah,Kog'Maw,Nami
1059,16.4,NA1_5500977944,1,,Red,0,Nasus,Gwen,Taliyah,Kog'Maw,Nami,Galio,Ambessa,Kha'Zix,Shaco,Blitzcrank,Yasuo,Rumble,Orianna,Ashe,Alistar
1060,16.4,NA1_5502273981,0,,Blue,1,Yorick,Kindred,Jayce,Karthus,Pyke,Fiora,Braum,Ezreal,Akshan,Fiddlesticks,K'Sante,Ambessa,Sylas,Ziggs,Pantheon
1061,16.4,NA1_5502273981,1,,Red,0,K'Sante,Ambessa,Sylas,Ziggs,Pantheon,Vayne,Lulu,LeBlanc,Sona,Shaco,Yorick,Kindred,Jayce,Karthus,Pyke
1062,16.4,NA1_5500661460,1,,Blue,1,Graves,Vayne,Viktor,Yunara,Nami,Twisted Fate,Jax,Neeko,Nunu & Willump,Akali,Malphite,Rek'Sai,Ambessa,Zeri,Sona
1063,16.4,NA1_5500661460,0,,Red,0,Malphite,Rek'Sai,Ambessa,Zeri,Sona,Nautilus,Akali,Vladimir,Jax,Yasuo,Graves,Vayne,Viktor,Yunara,Nami
1064,16.3,NA1_5492222298,1,,Blue,1,Jayce,Ambessa,Orianna,Corki,Nami,Lucian,Rengar,Kha'Zix,Nunu & Willump,Riven,Renekton,Graves,Aurora,Varus,Sona
1065,16.3,NA1_5492222298,0,,Red,0,Renekton,Graves,Aurora,Varus,Sona,Pyke,Naafiri,Rumble,Draven,Akshan,Jayce,Ambessa,Orianna,Corki,Nami
1066,16.4,NA1_5500892143,1,,Blue,1,Corki,Gragas,Cho'Gath,Yunara,Nautilus,Graves,Azir,Caitlyn,,Yasuo,Gnar,Jayce,Jarvan IV,Twitch,Hwei
1067,16.4,NA1_5500892143,0,,Red,0,Gnar,Jayce,Jarvan IV,Twitch,Hwei,Riven,Sona,Rengar,Anivia,,Corki,Gragas,Cho'Gath,Yunara,Nautilus
1068,16.3,NA1_5492500246,0,,Blue,1,Aurora,Viego,Anivia,Jhin,Bard,Irelia,Rek'Sai,Rengar,Soraka,Draven,Mordekaiser,Qiyana,Vladimir,Aphelios,Thresh
1069,16.3,NA1_5492500246,1,,Red,0,Mordekaiser,Qiyana,Vladimir,Aphelios,Thresh,Taric,Riven,LeBlanc,Fiddlesticks,Rek'Sai,Aurora,Viego,Anivia,Jhin,Bard
1070,16.4,NA1_5500425785,1,,Blue,1,Malphite,Trundle,Viktor,Jinx,Soraka,Pyke,Rengar,Graves,Riven,Darius,Ambessa,Warwick,Aurelion Sol,Ezreal,Braum
1071,16.4,NA1_5500425785,0,,Red,0,Ambessa,Warwick,Aurelion Sol,Ezreal,Braum,Vladimir,Sivir,Riven,,Graves,Malphite,Trundle,Viktor,Jinx,Soraka
1072,16.3,NA1_5493585643,1,,Blue,1,Brand,Lee Sin,K'Sante,Yasuo,Taric,Vayne,Talon,Ziggs,Syndra,Thresh,Urgot,Qiyana,Annie,Ashe,Heimerdinger
1073,16.3,NA1_5493585643,0,,Red,0,Urgot,Qiyana,Annie,Ashe,Heimerdinger,Fiora,Kha'Zix,Caitlyn,Mel,Pyke,Brand,Lee Sin,K'Sante,Yasuo,Taric
1074,16.4,NA1_5496828631,0,,Blue,1,Ornn,Graves,Hwei,Lucian,Zilean,Kindred,Akali,Jax,Varus,Karma,Olaf,Zac,Smolder,Syndra,Nami
1075,16.4,NA1_5496828631,1,,Red,0,Olaf,Zac,Smolder,Syndra,Nami,Jayce,Akali,Draven,Poppy,Nautilus,Ornn,Graves,Hwei,Lucian,Zilean
1076,16.3,NA1_5492807558,0,,Blue,1,Irelia,Kindred,Lux,Caitlyn,Soraka,Blitzcrank,Zed,Bard,Zilean,Jax,Zaahen,Jayce,Akali,Mel,Karma
1077,16.3,NA1_5492807558,1,,Red,0,Zaahen,Jayce,Akali,Mel,Karma,Pyke,Kha'Zix,Kayn,Zed,Gangplank,Irelia,Kindred,Lux,Caitlyn,Soraka
1078,16.3,NA1_5493525975,1,,Blue,1,Draven,Kindred,Yone,Viktor,Morgana,Gwen,Zilean,Zoe,Nunu & Willump,Lux,K'Sante,Ivern,Tryndamere,Brand,Tahm Kench
1079,16.3,NA1_5493525975,0,,Red,0,K'Sante,Ivern,Tryndamere,Brand,Tahm Kench,Sivir,Rengar,Gwen,Blitzcrank,Akali,Draven,Kindred,Yone,Viktor,Morgana
1080,16.3,NA1_5491955324,1,,Blue,1,Zaahen,Jarvan IV,Viktor,Ezreal,Fiddlesticks,Jax,Braum,Yasuo,Qiyana,Milio,Rumble,Kayn,Mel,Jhin,Nautilus
1081,16.3,NA1_5491955324,0,,Red,0,Rumble,Kayn,Mel,Jhin,Nautilus,Braum,Bard,Twitch,Gwen,Riven,Zaahen,Jarvan IV,Viktor,Ezreal,Fiddlesticks
1082,16.4,NA1_5499530803,1,,Blue,1,Jayce,Ambessa,Neeko,Seraphine,Alistar,Bel'Veth,Pyke,Kennen,,Mel,Draven,Nidalee,Anivia,Jhin,Zoe
1083,16.4,NA1_5499530803,0,,Red,0,Draven,Nidalee,Anivia,Jhin,Zoe,Yasuo,Ezreal,Riven,Mel,Zaahen,Jayce,Ambessa,Neeko,Seraphine,Alistar
1084,16.4,NA1_5500627345,1,,Blue,1,Jayce,Kindred,Vladimir,Ziggs,Sona,Graves,Sivir,Rengar,Nunu & Willump,Varus,Rek'Sai,Vayne,LeBlanc,Ezreal,Nami
1085,16.4,NA1_5500627345,0,,Red,0,Rek'Sai,Vayne,LeBlanc,Ezreal,Nami,Zoe,Nautilus,Twisted Fate,Gwen,Jax,Jayce,Kindred,Vladimir,Ziggs,Sona
1086,16.3,NA1_5494244468,0,,Blue,1,Yone,Ambessa,Kassadin,Aurelion Sol,Morgana,,Zed,Senna,Garen,Rek'Sai,Riven,Hecarim,Jayce,Lux,Zoe
1087,16.3,NA1_5494244468,1,,Red,0,Riven,Hecarim,Jayce,Lux,Zoe,Renekton,Zyra,Braum,Sivir,Yasuo,Yone,Ambessa,Kassadin,Aurelion Sol,Morgana
1088,16.4,NA1_5500359625,0,,Blue,1,Aurora,Ambessa,Ahri,Caitlyn,Bard,Poppy,Mel,,Jayce,Riven,Yorick,Fiddlesticks,Talon,Varus,Rakan
1089,16.4,NA1_5500359625,1,,Red,0,Yorick,Fiddlesticks,Talon,Varus,Rakan,Neeko,Galio,Yasuo,Vladimir,Riven,Aurora,Ambessa,Ahri,Caitlyn,Bard
1090,16.4,NA1_5502021660,0,,Blue,1,Zac,Ambessa,Aurelion Sol,Aphelios,Sona,Akali,Bard,Poppy,Blitzcrank,Ahri,Volibear,Ivern,Tristana,Mel,Karma
1091,16.4,NA1_5502021660,1,,Red,0,Volibear,Ivern,Tristana,Mel,Karma,Akali,Lucian,Jax,Gwen,Leona,Zac,Ambessa,Aurelion Sol,Aphelios,Sona
1092,16.3,NA1_5491977647,1,,Blue,1,Gwen,Kindred,Sylas,Aphelios,Thresh,Akali,Qiyana,Jayce,Zilean,Draven,Udyr,Ambessa,Azir,Ashe,Braum
1093,16.3,NA1_5491977647,0,,Red,0,Udyr,Ambessa,Azir,Ashe,Braum,Rengar,Katarina,Lux,Draven,Riven,Gwen,Kindred,Sylas,Aphelios,Thresh
1094,16.3,NA1_5495186574,0,,Blue,1,Gangplank,Talon,Galio,Viktor,Leona,Riven,Neeko,Zoe,Rengar,Aphelios,Irelia,Graves,Syndra,Soraka,Sona
1095,16.3,NA1_5495186574,1,,Red,0,Irelia,Graves,Syndra,Soraka,Sona,Jax,Rengar,Jayce,Sivir,Gwen,Gangplank,Talon,Galio,Viktor,Leona
1096,16.4,NA1_5499007650,1,,Blue,1,Fiora,Karthus,Zoe,Vayne,Anivia,Ezreal,Riven,Akali,Zaahen,Caitlyn,Yasuo,Dr. Mundo,Ryze,Ahri,Poppy
1097,16.4,NA1_5499007650,0,,Red,0,Yasuo,Dr. Mundo,Ryze,Ahri,Poppy,Rek'Sai,Kha'Zix,Riven,,Akali,Fiora,Karthus,Zoe,Vayne,Anivia
1098,16.4,NA1_5497653253,1,,Blue,1,Zaahen,Rek'Sai,Azir,Seraphine,Sona,Nautilus,Mel,,Riven,Rengar,Jax,Lillia,Pantheon,Kai'Sa,Pyke
1099,16.4,NA1_5497653253,0,,Red,0,Jax,Lillia,Pantheon,Kai'Sa,Pyke,Lux,Malphite,Ahri,Akali,Kindred,Zaahen,Rek'Sai,Azir,Seraphine,Sona
1100,16.4,NA1_5499412816,1,,Blue,1,Kennen,Teemo,Ekko,Corki,Pyke,Shaco,Akali,Jayce,Sylas,Senna,Gangplank,Naafiri,Aurora,Lux,Zoe
1101,16.4,NA1_5499412816,0,,Red,0,Gangplank,Naafiri,Aurora,Lux,Zoe,Kayle,Yasuo,Riven,LeBlanc,Sivir,Kennen,Teemo,Ekko,Corki,Pyke
1102,16.4,NA1_5497923940,0,,Blue,1,Camille,Graves,Taliyah,Varus,Karma,Nautilus,Jax,Ambessa,Jayce,Zyra,Renekton,Kha'Zix,Aurora,Ezreal,Nami
1103,16.4,NA1_5497923940,1,,Red,0,Renekton,Kha'Zix,Aurora,Ezreal,Nami,Mel,Rengar,,Riven,Azir,Camille,Graves,Taliyah,Varus,Karma
1104,16.3,NA1_5494125736,1,,Blue,1,Vayne,Dr. Mundo,Azir,Irelia,Karma,Jax,Neeko,Rengar,Riven,Shaco,Singed,Talon,Galio,Sivir,Bard
1105,16.3,NA1_5494125736,0,,Red,0,Singed,Talon,Galio,Sivir,Bard,Kayle,Rengar,Akali,Zac,Zoe,Vayne,Dr. Mundo,Azir,Irelia,Karma
1106,16.4,NA1_5498265525,1,,Blue,1,Zaahen,Viego,Viktor,Kai'Sa,Nautilus,Mel,Vayne,Bel'Veth,Ambessa,Vladimir,Cho'Gath,Udyr,Yone,Yunara,Rakan
1107,16.4,NA1_5498265525,0,,Red,0,Cho'Gath,Udyr,Yone,Yunara,Rakan,Janna,Aatrox,,Braum,Kha'Zix,Zaahen,Viego,Viktor,Kai'Sa,Nautilus
1108,16.4,NA1_5498251452,1,,Blue,1,Dr. Mundo,Kha'Zix,Lee Sin,Veigar,Nami,Sona,Gwen,Naafiri,Smolder,Ambessa,Jax,Graves,Yone,Vladimir,Nautilus
1109,16.4,NA1_5498251452,0,,Red,0,Jax,Graves,Yone,Vladimir,Nautilus,Ambessa,Fiddlesticks,,Jayce,Gwen,Dr. Mundo,Kha'Zix,Lee Sin,Veigar,Nami
1110,16.4,NA1_5501391654,0,,Blue,1,Sion,Udyr,Zed,Varus,Trundle,Master Yi,Draven,Kindred,Ambessa,Karma,Mordekaiser,Zaahen,Akali,Corki,Leona
1111,16.4,NA1_5501391654,1,,Red,0,Mordekaiser,Zaahen,Akali,Corki,Leona,Riven,Kha'Zix,Rengar,Morgana,Talon,Sion,Udyr,Zed,Varus,Trundle
1112,16.4,NA1_5501286913,1,,Blue,1,Zed,Viego,Viktor,Vladimir,Senna,Sona,Fiddlesticks,Bel'Veth,Nasus,Fizz,Varus,Rek'Sai,Aurora,Kled,Lulu
1113,16.4,NA1_5501286913,0,,Red,0,Varus,Rek'Sai,Aurora,Kled,Lulu,Corki,Seraphine,Jax,Yasuo,Kassadin,Zed,Viego,Viktor,Vladimir,Senna
1114,16.3,NA1_5493533296,0,,Blue,1,Rumble,Xin Zhao,Briar,Sivir,Vel'Koz,Talon,Bard,Gangplank,Rengar,,Irelia,Aatrox,Gragas,Aphelios,Janna
1115,16.3,NA1_5493533296,1,,Red,0,Irelia,Aatrox,Gragas,Aphelios,Janna,Jax,Viktor,Master Yi,Rengar,Nami,Rumble,Xin Zhao,Briar,Sivir,Vel'Koz
1116,16.4,NA1_5496564957,0,,Blue,1,Jax,Kha'Zix,Cassiopeia,Ezreal,Nami,Orianna,Vladimir,Poppy,Xerath,Pyke,Dr. Mundo,Ekko,Akshan,Brand,Milio
1117,16.4,NA1_5496564957,1,,Red,0,Dr. Mundo,Ekko,Akshan,Brand,Milio,Ambessa,Yasuo,Pyke,Gwen,Xerath,Jax,Kha'Zix,Cassiopeia,Ezreal,Nami
1118,16.3,NA1_5493564310,1,,Blue,1,Ashe,Lee Sin,Rumble,Jinx,Janna,Naafiri,Zoe,Nautilus,Ambessa,Jax,Gwen,Rengar,Xerath,Kai'Sa,Neeko
1119,16.3,NA1_5493564310,0,,Red,0,Gwen,Rengar,Xerath,Kai'Sa,Neeko,Yasuo,Diana,Qiyana,Akali,Riven,Ashe,Lee Sin,Rumble,Jinx,Janna
1120,16.4,NA1_5500398310,1,,Blue,1,Vayne,Gragas,Viktor,Yunara,Lulu,Fiddlesticks,Heimerdinger,Garen,Poppy,Akshan,Urgot,Xin Zhao,Orianna,Xayah,Rakan
1121,16.4,NA1_5500398310,0,,Red,0,Urgot,Xin Zhao,Orianna,Xayah,Rakan,Blitzcrank,Fiora,Rengar,Graves,Lux,Vayne,Gragas,Viktor,Yunara,Lulu
1122,16.3,NA1_5491680116,0,,Blue,1,Shen,Bel'Veth,Katarina,Vayne,Heimerdinger,Yasuo,Mel,Naafiri,Tryndamere,Rek'Sai,Kennen,Zyra,Talon,Sivir,Thresh
1123,16.3,NA1_5491680116,1,,Red,0,Kennen,Zyra,Talon,Sivir,Thresh,Jayce,Shaco,Draven,Rengar,Zoe,Shen,Bel'Veth,Katarina,Vayne,Heimerdinger
1124,16.3,NA1_5493107904,0,,Blue,1,Singed,Kindred,Zed,Smolder,Soraka,Ambessa,Neeko,Rengar,Draven,Zaahen,Fiora,Zyra,Ryze,Aphelios,Pyke
1125,16.3,NA1_5493107904,1,,Red,0,Fiora,Zyra,Ryze,Aphelios,Pyke,Gwen,Draven,Akshan,Nami,Master Yi,Singed,Kindred,Zed,Smolder,Soraka
1126,16.4,NA1_5500853929,0,,Blue,1,Jayce,Zed,Akali,Ahri,Neeko,Malphite,LeBlanc,Ambessa,Bel'Veth,Bard,Yone,Graves,Nasus,Ziggs,Nidalee
1127,16.4,NA1_5500853929,1,,Red,0,Yone,Graves,Nasus,Ziggs,Nidalee,Kindred,Ambessa,Sona,Caitlyn,,Jayce,Zed,Akali,Ahri,Neeko
1128,16.4,NA1_5496274836,1,,Blue,1,Aurora,Kindred,Tryndamere,Yunara,Bard,Sona,Draven,Riven,Jayce,Malphite,Teemo,Darius,Zoe,Jinx,Anivia
1129,16.4,NA1_5496274836,0,,Red,0,Teemo,Darius,Zoe,Jinx,Anivia,Ezreal,Urgot,Riven,Kha'Zix,Rengar,Aurora,Kindred,Tryndamere,Yunara,Bard
1130,16.4,NA1_5499247704,1,,Blue,1,Rumble,Diana,Corki,Ashe,Kennen,Akshan,Vladimir,Graves,Riven,Gangplank,Jayce,Elise,Ambessa,Lux,Neeko
1131,16.4,NA1_5499247704,0,,Red,0,Jayce,Elise,Ambessa,Lux,Neeko,Mel,Riven,Graves,Pyke,LeBlanc,Rumble,Diana,Corki,Ashe,Kennen
1132,16.4,NA1_5501968426,0,,Blue,1,Ornn,Jayce,Ekko,Jhin,Karma,Rengar,Zoe,Shaco,Bel'Veth,Jax,Aurora,Ambessa,Syndra,Aurelion Sol,Pantheon
1133,16.4,NA1_5501968426,1,,Red,0,Aurora,Ambessa,Syndra,Aurelion Sol,Pantheon,Yasuo,Ezreal,Sion,Fiddlesticks,Gwen,Ornn,Jayce,Ekko,Jhin,Karma
1134,16.4,NA1_5499164346,0,,Blue,1,Varus,Volibear,Syndra,Yunara,Rell,Zyra,,Ambessa,Zoe,Udyr,Singed,Master Yi,Viktor,Graves,Ivern
1135,16.4,NA1_5499164346,1,,Red,0,Singed,Master Yi,Viktor,Graves,Ivern,Ashe,Rengar,Zoe,Nautilus,Kha'Zix,Varus,Volibear,Syndra,Yunara,Rell
1136,16.4,NA1_5501344622,1,,Blue,1,Sion,Zyra,Akshan,Jhin,Leona,Yasuo,Ambessa,Nunu & Willump,Rengar,Kha'Zix,Fiora,Rek'Sai,Viktor,Corki,Seraphine
1137,16.4,NA1_5501344622,0,,Red,0,Fiora,Rek'Sai,Viktor,Corki,Seraphine,Mel,Malphite,Zilean,Volibear,Fiddlesticks,Sion,Zyra,Akshan,Jhin,Leona
1138,16.4,NA1_5497121058,1,,Blue,1,Yasuo,Graves,Orianna,Corki,Nautilus,Jax,Viktor,Kindred,Aurora,Mel,Zaahen,Fiddlesticks,Jayce,Brand,Nami
1139,16.4,NA1_5497121058,0,,Red,0,Zaahen,Fiddlesticks,Jayce,Brand,Nami,Galio,Akali,Ziggs,Rengar,Ambessa,Yasuo,Graves,Orianna,Corki,Nautilus
1140,16.4,NA1_5500331780,1,,Blue,1,Gwen,Dr. Mundo,Zilean,Jinx,Thresh,Zoe,Ambessa,Jayce,Bel'Veth,Riven,Fiora,Jarvan IV,Camille,Aphelios,Blitzcrank
1141,16.4,NA1_5500331780,0,,Red,0,Fiora,Jarvan IV,Camille,Aphelios,Blitzcrank,Nunu & Willump,Rengar,Lux,Riven,Jax,Gwen,Dr. Mundo,Zilean,Jinx,Thresh
1142,16.4,NA1_5499683825,0,,Blue,1,Vayne,Karthus,Zoe,Xayah,Nasus,Nilah,Malphite,Lux,Riven,Zaahen,Akali,Naafiri,Ryze,Aphelios,Rakan
1143,16.4,NA1_5499683825,1,,Red,0,Akali,Naafiri,Ryze,Aphelios,Rakan,Mel,Graves,,Kha'Zix,Lux,Vayne,Karthus,Zoe,Xayah,Nasus
1144,16.3,NA1_5493575310,1,,Blue,1,Zac,Kindred,Jayce,Ziggs,Senna,Kha'Zix,Fiora,Sivir,Zilean,Nunu & Willump,Malphite,Ambessa,Akali,Jhin,Rakan
1145,16.3,NA1_5493575310,0,,Red,0,Malphite,Ambessa,Akali,Jhin,Rakan,Zed,Riven,Sona,Gwen,Rengar,Zac,Kindred,Jayce,Ziggs,Senna
1146,16.4,NA1_5499699279,0,,Blue,1,Aatrox,Hecarim,Galio,Caitlyn,Nami,Graves,Zaahen,Zed,Blitzcrank,,Sett,Taliyah,Corki,Jinx,Lulu
1147,16.4,NA1_5499699279,1,,Red,0,Sett,Taliyah,Corki,Jinx,Lulu,Bel'Veth,Qiyana,Riven,Blitzcrank,Draven,Aatrox,Hecarim,Galio,Caitlyn,Nami
1148,16.3,NA1_5495294056,1,,Blue,1,Olaf,Wukong,Orianna,Xayah,Soraka,Gangplank,Rengar,Jax,Master Yi,Lux,Rumble,Vi,Galio,Caitlyn,Morgana
1149,16.3,NA1_5495294056,0,,Red,0,Rumble,Vi,Galio,Caitlyn,Morgana,Riven,Gwen,Pyke,Fiora,Ambessa,Olaf,Wukong,Orianna,Xayah,Soraka
1150,16.3,NA1_5495610843,0,,Blue,1,Azir,Graves,Orianna,Kalista,Renata Glasc,Ambessa,Rengar,Mel,Jayce,Karthus,Ahri,Kindred,Syndra,Yunara,Nautilus
1151,16.3,NA1_5495610843,1,,Red,0,Ahri,Kindred,Syndra,Yunara,Nautilus,Riven,Irelia,Kennen,Gwen,Rengar,Azir,Graves,Orianna,Kalista,Renata Glasc
1152,16.4,NA1_5498519518,0,,Blue,1,Darius,Zac,Lux,Ezreal,Sona,Mel,Pyke,Draven,Riven,Kindred,Jayce,Rengar,Aurora,Corki,Janna
1153,16.4,NA1_5498519518,1,,Red,0,Jayce,Rengar,Aurora,Corki,Janna,,Nautilus,,Urgot,Poppy,Darius,Zac,Lux,Ezreal,Sona
1154,16.4,NA1_5495735181,0,,Blue,1,Cho'Gath,Viego,Orianna,Samira,Nami,Katarina,,Pyke,Alistar,Darius,Singed,Nunu & Willump,Yasuo,Aurelion Sol,Sona
1155,16.4,NA1_5495735181,1,,Red,0,Singed,Nunu & Willump,Yasuo,Aurelion Sol,Sona,Jayce,Kha'Zix,Zoe,Rumble,Ezreal,Cho'Gath,Viego,Orianna,Samira,Nami
1156,16.3,NA1_5492635207,0,,Blue,1,Master Yi,Diana,K'Sante,Caitlyn,Brand,Zac,Nautilus,Gwen,Kha'Zix,Nami,Vayne,Jarvan IV,Ryze,Aurelion Sol,Senna
1157,16.3,NA1_5492635207,1,,Red,0,Vayne,Jarvan IV,Ryze,Aurelion Sol,Senna,Viego,Zoe,Ezreal,Ambessa,Ekko,Master Yi,Diana,K'Sante,Caitlyn,Brand
1158,16.4,NA1_5498363430,1,,Blue,1,Riven,Vayne,Malzahar,Senna,Alistar,Yasuo,Karthus,Renekton,Zed,Akshan,Jax,Sylas,Smolder,Jhin,Nautilus
1159,16.4,NA1_5498363430,0,,Red,0,Jax,Sylas,Smolder,Jhin,Nautilus,Bel'Veth,Pyke,Ambessa,Yasuo,Rumble,Riven,Vayne,Malzahar,Senna,Alistar
1160,16.3,NA1_5493846845,0,,Blue,1,Varus,Taliyah,Zed,Jinx,Swain,Shaco,Gwen,Vladimir,Sylas,Malphite,Yone,Ambessa,Ahri,Yasuo,Lee Sin
1161,16.3,NA1_5493846845,1,,Red,0,Yone,Ambessa,Ahri,Yasuo,Lee Sin,Nilah,Rengar,Akali,Poppy,Riven,Varus,Taliyah,Zed,Jinx,Swain
1162,16.3,NA1_5494476662,1,,Blue,1,Sion,Kha'Zix,Syndra,Yunara,Heimerdinger,Yasuo,Gwen,Zed,Nunu & Willump,Fiddlesticks,Irelia,Master Yi,Mel,Lux,Zoe
1163,16.3,NA1_5494476662,0,,Red,0,Irelia,Master Yi,Mel,Lux,Zoe,Pyke,Twitch,LeBlanc,Zaahen,Ambessa,Sion,Kha'Zix,Syndra,Yunara,Heimerdinger
1164,16.4,NA1_5497862324,0,,Blue,1,Varus,Gwen,Syndra,Senna,Karma,Brand,Sion,Kha'Zix,Braum,Fiddlesticks,Shen,Xin Zhao,Sylas,Miss Fortune,Nautilus
1165,16.4,NA1_5497862324,1,,Red,0,Shen,Xin Zhao,Sylas,Miss Fortune,Nautilus,Taliyah,Rengar,Yasuo,Qiyana,Tryndamere,Varus,Gwen,Syndra,Senna,Karma
1166,16.3,NA1_5493898576,1,,Blue,1,Aurora,Xin Zhao,Cho'Gath,Aphelios,Sona,Kha'Zix,Ambessa,Malphite,Pyke,,Irelia,Lee Sin,Orianna,Lucian,Nami
1167,16.3,NA1_5493898576,0,,Red,0,Irelia,Lee Sin,Orianna,Lucian,Nami,,Talon,,Gangplank,Akali,Aurora,Xin Zhao,Cho'Gath,Aphelios,Sona
1168,16.3,NA1_5493036953,1,,Blue,1,Zac,Kindred,Anivia,Caitlyn,Neeko,Shaco,Zilean,Sona,Varus,Rengar,Rumble,Nunu & Willump,Talon,Jinx,Lulu
1169,16.3,NA1_5493036953,0,,Red,0,Rumble,Nunu & Willump,Talon,Jinx,Lulu,Gwen,Kennen,Ambessa,Yuumi,Zoe,Zac,Kindred,Anivia,Caitlyn,Neeko
1170,16.4,NA1_5500676391,1,,Blue,1,Gangplank,Master Yi,Mel,Yunara,Karma,Ambessa,Rengar,Vayne,Akali,Katarina,Varus,Fiddlesticks,Yone,Draven,Neeko
1171,16.4,NA1_5500676391,0,,Red,0,Varus,Fiddlesticks,Yone,Draven,Neeko,Ambessa,Riven,Pyke,Yasuo,Braum,Gangplank,Master Yi,Mel,Yunara,Karma
1172,16.4,NA1_5498482937,1,,Blue,1,Volibear,Pantheon,Taliyah,Lux,Sona,,Mel,Jax,Nunu & Willump,Karma,Darius,Rengar,Azir,Miss Fortune,Neeko
1173,16.4,NA1_5498482937,0,,Red,0,Darius,Rengar,Azir,Miss Fortune,Neeko,Graves,Ahri,,,Jayce,Volibear,Pantheon,Taliyah,Lux,Sona
1174,16.4,NA1_5496827984,0,,Blue,1,Yone,Kindred,Galio,Aphelios,Lulu,Riven,Caitlyn,Lux,Akali,Akshan,Darius,Ambessa,Neeko,Seraphine,Rell
1175,16.4,NA1_5496827984,1,,Red,0,Darius,Ambessa,Neeko,Seraphine,Rell,Azir,Pyke,Karma,Yunara,Jayce,Yone,Kindred,Galio,Aphelios,Lulu
1176,16.4,NA1_5496566454,1,,Blue,1,K'Sante,Zed,Katarina,Hwei,Nami,Master Yi,Galio,,Yasuo,Kha'Zix,Garen,Udyr,Zoe,Caitlyn,Neeko
1177,16.4,NA1_5496566454,0,,Red,0,Garen,Udyr,Zoe,Caitlyn,Neeko,Darius,Akali,Ambessa,Milio,Kha'Zix,K'Sante,Zed,Katarina,Hwei,Nami
1178,16.4,NA1_5499160624,1,,Blue,1,Jayce,Xin Zhao,Veigar,Yunara,Braum,Kha'Zix,Seraphine,Rumble,LeBlanc,Aurora,Ambessa,Wukong,Sylas,Twitch,Nautilus
1179,16.4,NA1_5499160624,0,,Red,0,Ambessa,Wukong,Sylas,Twitch,Nautilus,Zoe,Yasuo,Azir,Gangplank,Bard,Jayce,Xin Zhao,Veigar,Yunara,Braum
1180,16.4,NA1_5500678265,1,,Blue,1,Sion,Vayne,Sylas,Varus,Blitzcrank,Twisted Fate,Nunu & Willump,Draven,Neeko,Kennen,Rek'Sai,Malphite,Vladimir,Jinx,Nami
1181,16.4,NA1_5500678265,0,,Red,0,Rek'Sai,Malphite,Vladimir,Jinx,Nami,Yasuo,,Akali,Nautilus,Jax,Sion,Vayne,Sylas,Varus,Blitzcrank
1182,16.4,NA1_5498370429,1,,Blue,1,Renekton,Wukong,Varus,Jhin,Senna,,Mel,,Yasuo,Draven,Riven,Jarvan IV,Katarina,Sivir,Lulu
1183,16.4,NA1_5498370429,0,,Red,0,Riven,Jarvan IV,Katarina,Sivir,Lulu,Pyke,Galio,Draven,Poppy,Nunu & Willump,Renekton,Wukong,Varus,Jhin,Senna
1184,16.3,NA1_5494138074,1,,Blue,1,Sion,Vi,Lissandra,Kai'Sa,Pantheon,Bard,Akali,Lux,Diana,Riven,Urgot,Zaahen,Aurora,Yunara,Nautilus
1185,16.3,NA1_5494138074,0,,Red,0,Urgot,Zaahen,Aurora,Yunara,Nautilus,,Sona,Braum,Rengar,Fiora,Sion,Vi,Lissandra,Kai'Sa,Pantheon
1186,16.4,NA1_5498492381,0,,Blue,1,Nasus,Jarvan IV,Veigar,Hwei,Yuumi,Blitzcrank,Shaco,Ambessa,Draven,Graves,Varus,Rek'Sai,Cho'Gath,Ezreal,Anivia
1187,16.4,NA1_5498492381,1,,Red,0,Varus,Rek'Sai,Cho'Gath,Ezreal,Anivia,LeBlanc,Senna,Jax,Malphite,Yasuo,Nasus,Jarvan IV,Veigar,Hwei,Yuumi
1188,16.4,NA1_5496379681,1,,Blue,1,Zoe,Master Yi,Nasus,Garen,Karma,Rengar,Akshan,Xerath,Anivia,Ambessa,Kled,Kha'Zix,Katarina,Samira,Nautilus
1189,16.4,NA1_5496379681,0,,Red,0,Kled,Kha'Zix,Katarina,Samira,Nautilus,Rengar,Galio,Poppy,Malphite,Fiora,Zoe,Master Yi,Nasus,Garen,Karma
1190,16.4,NA1_5500362916,1,,Blue,1,Varus,Hecarim,Riven,Senna,Bard,Master Yi,Mel,Sona,Kha'Zix,Draven,Illaoi,Viego,Taliyah,Sivir,Janna
1191,16.4,NA1_5500362916,0,,Red,0,Illaoi,Viego,Taliyah,Sivir,Janna,Vi,Garen,Zed,Mel,Draven,Varus,Hecarim,Riven,Senna,Bard
1192,16.4,NA1_5501904823,0,,Blue,1,Shen,Lee Sin,Ezreal,Twisted Fate,Fiddlesticks,Dr. Mundo,Caitlyn,Nunu & Willump,Milio,Kha'Zix,Tryndamere,Viego,Hwei,Ashe,Vel'Koz
1193,16.4,NA1_5501904823,1,,Red,0,Tryndamere,Viego,Hwei,Ashe,Vel'Koz,Yuumi,Jinx,Zed,Kha'Zix,Malphite,Shen,Lee Sin,Ezreal,Twisted Fate,Fiddlesticks
1194,16.3,NA1_5491945445,0,,Blue,1,Jayce,Lee Sin,Ahri,Jinx,Lulu,Kha'Zix,Irelia,Pyke,Rengar,Zed,Urgot,Wukong,Viktor,Xerath,Nami
1195,16.3,NA1_5491945445,1,,Red,0,Urgot,Wukong,Viktor,Xerath,Nami,Kled,Kai'Sa,Fiora,Sivir,Qiyana,Jayce,Lee Sin,Ahri,Jinx,Lulu
1196,16.3,NA1_5492542207,0,,Blue,1,Rengar,Vi,Vladimir,Lucian,Milio,Akali,Malphite,Aphelios,,,Darius,Jarvan IV,Zoe,Caitlyn,Sona
1197,16.3,NA1_5492542207,1,,Red,0,Darius,Jarvan IV,Zoe,Caitlyn,Sona,Syndra,Varus,Riven,Zac,Pyke,Rengar,Vi,Vladimir,Lucian,Milio
1198,16.4,NA1_5502105265,0,,Blue,1,K'Sante,Kindred,Ahri,Corki,Fiddlesticks,Milio,Zed,Varus,Rengar,Fiora,Zac,Jayce,Ryze,Lucian,Nami
1199,16.4,NA1_5502105265,1,,Red,0,Zac,Jayce,Ryze,Lucian,Nami,Yuumi,Sivir,Kha'Zix,Poppy,Nunu & Willump,K'Sante,Kindred,Ahri,Corki,Fiddlesticks
1200,16.4,NA1_5496429636,1,,Blue,1,Sett,Gwen,Ryze,Xayah,Lulu,Rengar,Riven,Ezreal,Zoe,Fiora,Kayle,Graves,Orianna,Corki,Blitzcrank
1201,16.4,NA1_5496429636,0,,Red,0,Kayle,Graves,Orianna,Corki,Blitzcrank,Jayce,Pyke,Viktor,Draven,Naafiri,Sett,Gwen,Ryze,Xayah,Lulu
1202,16.4,NA1_5502403610,0,,Blue,1,Yorick,Xin Zhao,Viktor,Jinx,Nami,Master Yi,,Varus,Jayce,Zed,Irelia,Dr. Mundo,Anivia,Mel,Karma
1203,16.4,NA1_5502403610,1,,Red,0,Irelia,Dr. Mundo,Anivia,Mel,Karma,Yasuo,Ahri,Kha'Zix,Shaco,Rengar,Yorick,Xin Zhao,Viktor,Jinx,Nami
1204,16.3,NA1_5491825231,1,,Blue,1,Malphite,Shaco,Ryze,Corki,Nami,Zaahen,Syndra,Jayce,Sylas,Ambessa,Urgot,Lillia,Azir,Kai'Sa,Pyke
1205,16.3,NA1_5491825231,0,,Red,0,Urgot,Lillia,Azir,Kai'Sa,Pyke,Fiora,Nautilus,LeBlanc,Bel'Veth,Neeko,Malphite,Shaco,Ryze,Corki,Nami
1206,16.3,NA1_5491882678,0,,Blue,1,Urgot,Talon,Smolder,Swain,Anivia,Braum,Sylas,,Vayne,Rengar,Jax,Kayn,Yone,Mel,Lux
1207,16.3,NA1_5491882678,1,,Red,0,Jax,Kayn,Yone,Mel,Lux,Riven,Fiora,Sivir,Ambessa,Akali,Urgot,Talon,Smolder,Swain,Anivia
1208,16.3,NA1_5495631549,0,,Blue,1,K'Sante,Jayce,Ryze,Lucian,Nami,Gwen,Pyke,Aurora,Rumble,Poppy,Vayne,Sylas,Viego,Ziggs,Nautilus
1209,16.3,NA1_5495631549,1,,Red,0,Vayne,Sylas,Viego,Ziggs,Nautilus,Gwen,,,Rengar,Riven,K'Sante,Jayce,Ryze,Lucian,Nami
1210,16.3,NA1_5492860015,0,,Blue,1,Aurora,Kindred,Zac,Jinx,Alistar,Zilean,Sylas,Syndra,Draven,Gangplank,Dr. Mundo,Jayce,Smolder,Lux,Karma
1211,16.3,NA1_5492860015,1,,Red,0,Dr. Mundo,Jayce,Smolder,Lux,Karma,Nunu & Willump,Zed,Pyke,Kha'Zix,Rengar,Aurora,Kindred,Zac,Jinx,Alistar
1212,16.3,NA1_5492625901,0,,Blue,1,Nasus,Nidalee,Pantheon,Ziggs,Nautilus,Syndra,Ahri,Shaco,Lux,Ambessa,Veigar,Rengar,Poppy,Jhin,Neeko
1213,16.3,NA1_5492625901,1,,Red,0,Veigar,Rengar,Poppy,Jhin,Neeko,Karma,Akali,Zoe,Fiora,Diana,Nasus,Nidalee,Pantheon,Ziggs,Nautilus
1214,16.4,NA1_5502276775,0,,Blue,1,Ambessa,Volibear,Akali,Aphelios,Fiora,Jayce,Gwen,Kayle,Zed,Diana,Quinn,Talon,Riven,Smolder,Seraphine
1215,16.4,NA1_5502276775,1,,Red,0,Quinn,Talon,Riven,Smolder,Seraphine,Mel,Pyke,Malphite,Rengar,Azir,Ambessa,Volibear,Akali,Aphelios,Fiora
1216,16.4,NA1_5500596247,0,,Blue,1,Jayce,Xin Zhao,Orianna,Miss Fortune,Bard,,Ambessa,Azir,Gwen,Rumble,Naafiri,Pantheon,Ryze,Corki,Zyra
1217,16.4,NA1_5500596247,1,,Red,0,Naafiri,Pantheon,Ryze,Corki,Zyra,Jax,Rengar,Aurora,Nunu & Willump,,Jayce,Xin Zhao,Orianna,Miss Fortune,Bard
1218,16.3,NA1_5491958613,0,,Blue,1,Master Yi,Jayce,Veigar,Swain,Leona,Kassadin,Draven,Kha'Zix,Sylas,Rengar,Renekton,Viego,Ekko,Ezreal,Neeko
1219,16.3,NA1_5491958613,1,,Red,0,Renekton,Viego,Ekko,Ezreal,Neeko,Ambessa,Lux,Braum,Bel'Veth,Fiora,Master Yi,Jayce,Veigar,Swain,Leona
1220,16.4,NA1_5502021765,0,,Blue,1,Varus,Rek'Sai,Corki,Xerath,Nami,,Nautilus,Karma,Ambessa,Jax,Heimerdinger,Kha'Zix,Akshan,Lux,Alistar
1221,16.4,NA1_5502021765,1,,Red,0,Heimerdinger,Kha'Zix,Akshan,Lux,Alistar,Pyke,Ambessa,Azir,Poppy,Yasuo,Varus,Rek'Sai,Corki,Xerath,Nami
1222,16.3,NA1_5492173923,1,,Blue,1,Gangplank,Kha'Zix,Vladimir,Yunara,Leona,Syndra,Naafiri,Sivir,Volibear,Ambessa,Cho'Gath,Master Yi,Jayce,Swain,Nami
1223,16.3,NA1_5492173923,0,,Red,0,Cho'Gath,Master Yi,Jayce,Swain,Nami,Mel,Aatrox,Yasuo,Syndra,Zoe,Gangplank,Kha'Zix,Vladimir,Yunara,Leona
1224,16.3,NA1_5492111594,0,,Blue,1,Gnar,Qiyana,Nasus,Ziggs,Senna,Shaco,Bard,Ambessa,Ivern,LeBlanc,Darius,Evelynn,K'Sante,Jhin,Thresh
1225,16.3,NA1_5492111594,1,,Red,0,Darius,Evelynn,K'Sante,Jhin,Thresh,Twitch,Ambessa,Rengar,,Azir,Gnar,Qiyana,Nasus,Ziggs,Senna
1226,16.4,NA1_5502160983,0,,Blue,1,Vayne,Ambessa,Fizz,Caitlyn,Alistar,LeBlanc,Gwen,Olaf,Kha'Zix,Sylas,Camille,Lee Sin,Ryze,Syndra,Nami
1227,16.4,NA1_5502160983,1,,Red,0,Camille,Lee Sin,Ryze,Syndra,Nami,Jax,Nunu & Willump,Jayce,Lux,Pyke,Vayne,Ambessa,Fizz,Caitlyn,Alistar
1228,16.3,NA1_5492773358,0,,Blue,1,Olaf,Ambessa,Lux,Aphelios,Sona,Varus,Karma,Nautilus,Jayce,Vayne,Naafiri,Gwen,Ahri,Zeri,Neeko
1229,16.3,NA1_5492773358,1,,Red,0,Naafiri,Gwen,Ahri,Zeri,Neeko,Zed,Irelia,Nunu & Willump,Pyke,Akali,Olaf,Ambessa,Lux,Aphelios,Sona
1230,16.4,NA1_5499742467,1,,Blue,1,Urgot,Skarner,Nasus,Senna,Nautilus,Ambessa,Varus,Braum,Fiora,Anivia,Gangplank,Viego,Ahri,Ziggs,Alistar
1231,16.4,NA1_5499742467,0,,Red,0,Gangplank,Viego,Ahri,Ziggs,Alistar,Kha'Zix,Rengar,Neeko,Mel,Graves,Urgot,Skarner,Nasus,Senna,Nautilus
1232,16.4,NA1_5498262851,0,,Blue,1,Fiora,Ekko,Katarina,Ezreal,Karma,Jax,Shaco,Rengar,Bard,Galio,Yone,Qiyana,Sylas,Jinx,Zilean
1233,16.4,NA1_5498262851,1,,Red,0,Yone,Qiyana,Sylas,Jinx,Zilean,Yasuo,Akshan,Zac,Akali,Rengar,Fiora,Ekko,Katarina,Ezreal,Karma
1234,16.4,NA1_5499560496,1,,Blue,1,Jayce,Ambessa,Akali,Veigar,Bard,Bel'Veth,Lux,,Kennen,Zed,Renekton,Viego,Qiyana,Seraphine,Rell
1235,16.4,NA1_5499560496,0,,Red,0,Renekton,Viego,Qiyana,Seraphine,Rell,Graves,Riven,Mel,Jax,Braum,Jayce,Ambessa,Akali,Veigar,Bard
1236,16.4,NA1_5501225447,1,,Blue,1,Malphite,Kayn,Viktor,Ashe,Anivia,Draven,Kha'Zix,Thresh,Sylas,Zoe,Tahm Kench,Rumble,Katarina,Varus,Janna
1237,16.4,NA1_5501225447,0,,Red,0,Tahm Kench,Rumble,Katarina,Varus,Janna,Bel'Veth,Dr. Mundo,Ekko,Pyke,Ambessa,Malphite,Kayn,Viktor,Ashe,Anivia
1238,16.4,NA1_5495966914,1,,Blue,1,Gnar,Zac,Ziggs,Aphelios,Neeko,Pyke,Poppy,Rengar,Akshan,Draven,K'Sante,Nunu & Willump,Hwei,Ezreal,Janna
1239,16.4,NA1_5495966914,0,,Red,0,K'Sante,Nunu & Willump,Hwei,Ezreal,Janna,Fiora,Zed,Bel'Veth,Jayce,Yasuo,Gnar,Zac,Ziggs,Aphelios,Neeko
1240,16.4,NA1_5495740062,1,,Blue,1,Nasus,Rumble,Jayce,Jhin,Senna,Draven,Ambessa,Brand,,Pyke,Zaahen,Ekko,Kayle,Zeri,Sona
1241,16.4,NA1_5495740062,0,,Red,0,Zaahen,Ekko,Kayle,Zeri,Sona,Rengar,Rell,,Orianna,Jax,Nasus,Rumble,Jayce,Jhin,Senna
1242,16.4,NA1_5498669988,1,,Blue,1,LeBlanc,Vi,Ahri,Smolder,Rakan,Sion,Graves,Cassiopeia,Nautilus,Draven,Irelia,Skarner,Kassadin,Senna,Karma
1243,16.4,NA1_5498669988,0,,Red,0,Irelia,Skarner,Kassadin,Senna,Karma,Rumble,Sona,Bel'Veth,Ambessa,Jayce,LeBlanc,Vi,Ahri,Smolder,Rakan
1244,16.4,NA1_5500047742,1,,Blue,1,Tryndamere,Ivern,Ahri,Caitlyn,Leona,Poppy,Kha'Zix,Malphite,Zed,Draven,Vladimir,Jayce,Kog'Maw,Corki,Nami
1245,16.4,NA1_5500047742,0,,Red,0,Vladimir,Jayce,Kog'Maw,Corki,Nami,Zac,Viego,Zed,Zoe,Irelia,Tryndamere,Ivern,Ahri,Caitlyn,Leona
1246,16.3,NA1_5492379418,1,,Blue,1,Urgot,Jax,Vladimir,Aphelios,Karma,Olaf,,Fiddlesticks,Kha'Zix,Ambessa,Gwen,Jayce,Orianna,Ezreal,Nautilus
1247,16.3,NA1_5492379418,0,,Red,0,Gwen,Jayce,Orianna,Ezreal,Nautilus,Yasuo,Zed,Pyke,Riven,Akshan,Urgot,Jax,Vladimir,Aphelios,Karma
1248,16.3,NA1_5492068713,1,,Blue,1,Fiora,Kha'Zix,Orianna,Corki,Nautilus,Thresh,Zed,Riven,Rengar,Lux,Aurora,Naafiri,Akshan,Syndra,Nami
1249,16.3,NA1_5492068713,0,,Red,0,Aurora,Naafiri,Akshan,Syndra,Nami,Gwen,Pyke,Mel,Ambessa,Yasuo,Fiora,Kha'Zix,Orianna,Corki,Nautilus
1250,16.4,NA1_5501548427,0,,Blue,1,Renekton,Zyra,Naafiri,Mel,Amumu,Ambessa,Zaahen,Kennen,Trundle,Syndra,Zilean,Bel'Veth,Akali,Aphelios,Lulu
1251,16.4,NA1_5501548427,1,,Red,0,Zilean,Bel'Veth,Akali,Aphelios,Lulu,LeBlanc,Yasuo,Zaahen,Rengar,Riven,Renekton,Zyra,Naafiri,Mel,Amumu
1252,16.4,NA1_5498317598,0,,Blue,1,Jayce,Rengar,Viktor,Ezreal,Nidalee,Sivir,Hecarim,Zac,Qiyana,Nunu & Willump,Sion,Ambessa,Annie,Xerath,Karma
1253,16.4,NA1_5498317598,1,,Red,0,Sion,Ambessa,Annie,Xerath,Karma,Kai'Sa,Poppy,,Syndra,Kha'Zix,Jayce,Rengar,Viktor,Ezreal,Nidalee
1254,16.4,NA1_5495918592,1,,Blue,1,Jax,Graves,Katarina,Swain,Nautilus,,Riven,Gwen,Sylas,Yasuo,Gnar,Xin Zhao,Irelia,Mel,Anivia
1255,16.4,NA1_5495918592,0,,Red,0,Gnar,Xin Zhao,Irelia,Mel,Anivia,Riven,Aurora,Sivir,Pyke,Alistar,Jax,Graves,Katarina,Swain,Nautilus
1256,16.4,NA1_5502530459,0,,Blue,1,Garen,Lee Sin,Ryze,Ashe,Bard,Hecarim,Zoe,Rumble,Riven,Zaahen,Camille,Rek'Sai,Azir,Smolder,Karma
1257,16.4,NA1_5502530459,1,,Red,0,Camille,Rek'Sai,Azir,Smolder,Karma,Kha'Zix,Urgot,Graves,Pyke,Rengar,Garen,Lee Sin,Ryze,Ashe,Bard
1258,16.3,NA1_5492228317,1,,Blue,1,Jayce,Udyr,Cho'Gath,Xayah,Nami,Ahri,Riven,,Kindred,Gwen,Urgot,Rengar,Aurora,Kai'Sa,Neeko
1259,16.3,NA1_5492228317,0,,Red,0,Urgot,Rengar,Aurora,Kai'Sa,Neeko,Mel,Draven,Riven,Zilean,Vayne,Jayce,Udyr,Cho'Gath,Xayah,Nami
1260,16.4,NA1_5499254309,0,,Blue,1,Garen,Graves,Syndra,Senna,Bard,Riven,Corki,Ambessa,Lux,Sylas,Gwen,Aatrox,Lissandra,Lucian,Sona
1261,16.4,NA1_5499254309,1,,Red,0,Gwen,Aatrox,Lissandra,Lucian,Sona,Kha'Zix,Zed,Draven,,Nautilus,Garen,Graves,Syndra,Senna,Bard
1262,16.4,NA1_5501585220,1,,Blue,1,Riven,Zac,Ahri,Draven,Neeko,Aurora,Pyke,Braum,Kennen,Poppy,Irelia,Rengar,Taliyah,Zyra,Thresh
1263,16.4,NA1_5501585220,0,,Red,0,Irelia,Rengar,Taliyah,Zyra,Thresh,Poppy,Pyke,Jax,Ezreal,Zed,Riven,Zac,Ahri,Draven,Neeko
1264,16.4,NA1_5496992881,1,,Blue,1,Aatrox,Vi,Ahri,Lux,Ashe,Yasuo,,Pyke,Rengar,Riven,Irelia,Sylas,Vex,Jhin,Nautilus
1265,16.4,NA1_5496992881,0,,Red,0,Irelia,Sylas,Vex,Jhin,Nautilus,Rengar,Ambessa,Draven,Jayce,Viktor,Aatrox,Vi,Ahri,Lux,Ashe
1266,16.4,NA1_5496252228,1,,Blue,1,Graves,Vi,Ahri,Caitlyn,Rakan,Pantheon,Pyke,,Draven,Riven,Vayne,Hecarim,Zoe,Yunara,Nautilus
1267,16.4,NA1_5496252228,0,,Red,0,Vayne,Hecarim,Zoe,Yunara,Nautilus,Karma,Jayce,Draven,Zed,Rengar,Graves,Vi,Ahri,Caitlyn,Rakan
1268,16.3,NA1_5493124012,1,,Blue,1,Jayce,Rengar,Taliyah,Lucian,Nami,Lux,Nunu & Willump,Diana,Pyke,Irelia,Malphite,Rek'Sai,Cassiopeia,Twitch,Lulu
1269,16.3,NA1_5493124012,0,,Red,0,Malphite,Rek'Sai,Cassiopeia,Twitch,Lulu,Yasuo,Orianna,Tryndamere,Nautilus,Kindred,Jayce,Rengar,Taliyah,Lucian,Nami
1270,16.3,NA1_5493716373,1,,Blue,1,Camille,Jarvan IV,Ahri,Jinx,Lulu,Sona,Zed,Jax,Pyke,Yasuo,Kennen,Graves,Vladimir,Varus,Thresh
1271,16.3,NA1_5493716373,0,,Red,0,Kennen,Graves,Vladimir,Varus,Thresh,Ambessa,Zed,Alistar,Riven,Rengar,Camille,Jarvan IV,Ahri,Jinx,Lulu
1272,16.4,NA1_5500726833,1,,Blue,1,Varus,Rek'Sai,Ekko,Hwei,Nautilus,Akali,Sona,Yasuo,Lucian,Jax,Riven,Fizz,Sion,Xerath,Senna
1273,16.4,NA1_5500726833,0,,Red,0,Riven,Fizz,Sion,Xerath,Senna,Graves,Ambessa,Jayce,Thresh,Pyke,Varus,Rek'Sai,Ekko,Hwei,Nautilus
1274,16.3,NA1_5494867692,1,,Blue,1,Renekton,Ekko,Pantheon,Seraphine,Mel,Ivern,Ambessa,Yasuo,Sivir,Rengar,Urgot,Graves,Sylas,Jhin,Rell
1275,16.3,NA1_5494867692,0,,Red,0,Urgot,Graves,Sylas,Jhin,Rell,,Jayce,Senna,Rumble,,Renekton,Ekko,Pantheon,Seraphine,Mel
1276,16.3,NA1_5491846019,1,,Blue,1,Fiora,Dr. Mundo,Karma,Kalista,Anivia,Senna,Bel'Veth,,Gwen,Jayce,Pantheon,Ambessa,Syndra,Smolder,Zyra
1277,16.3,NA1_5491846019,0,,Red,0,Pantheon,Ambessa,Syndra,Smolder,Zyra,Jayce,,Kha'Zix,Riven,Orianna,Fiora,Dr. Mundo,Karma,Kalista,Anivia
1278,16.4,NA1_5497104913,1,,Blue,1,Darius,Ambessa,Taliyah,Lucian,Alistar,Rek'Sai,Poppy,Akshan,Azir,Ezreal,Irelia,Volibear,Katarina,Samira,Nautilus
1279,16.4,NA1_5497104913,0,,Red,0,Irelia,Volibear,Katarina,Samira,Nautilus,Xerath,Graves,Vladimir,Jax,Gwen,Darius,Ambessa,Taliyah,Lucian,Alistar
1280,16.3,NA1_5493992470,1,,Blue,1,Shen,Zac,Pyke,Hwei,Bard,Tryndamere,Akali,Draven,Ambessa,Janna,Viego,Gwen,Syndra,Xayah,Maokai
1281,16.3,NA1_5493992470,0,,Red,0,Viego,Gwen,Syndra,Xayah,Maokai,Riven,Renekton,Rengar,Ambessa,Zoe,Shen,Zac,Pyke,Hwei,Bard
1282,16.4,NA1_5500726525,0,,Blue,1,Renekton,Ivern,Ryze,Jinx,Thresh,Kha'Zix,Darius,Vladimir,Akali,Karma,Garen,Ambessa,Aurora,Varus,Zyra
1283,16.4,NA1_5500726525,1,,Red,0,Garen,Ambessa,Aurora,Varus,Zyra,Riven,Rumble,Kha'Zix,Akali,Swain,Renekton,Ivern,Ryze,Jinx,Thresh
1284,16.3,NA1_5492245112,0,,Blue,1,Nasus,Viego,Caitlyn,Ziggs,Karma,Sivir,Ambessa,Sylas,Akali,Kha'Zix,Urgot,Jayce,Cassiopeia,Jinx,Thresh
1285,16.3,NA1_5492245112,1,,Red,0,Urgot,Jayce,Cassiopeia,Jinx,Thresh,Elise,Darius,Pyke,Kha'Zix,Taliyah,Nasus,Viego,Caitlyn,Ziggs,Karma
1286,16.4,NA1_5496221372,1,,Blue,1,Garen,Naafiri,Lissandra,Hwei,Seraphine,Kha'Zix,K'Sante,Yone,Darius,Rengar,Kennen,Vi,LeBlanc,Sivir,Pyke
1287,16.4,NA1_5496221372,0,,Red,0,Kennen,Vi,LeBlanc,Sivir,Pyke,Syndra,Jayce,Talon,,Ambessa,Garen,Naafiri,Lissandra,Hwei,Seraphine
1288,16.4,NA1_5499326601,0,,Blue,1,Aurora,Vi,Akshan,Lucian,Yuumi,Viktor,Zac,Kha'Zix,Pyke,Rengar,Ryze,Ambessa,Annie,Kled,Leona
1289,16.4,NA1_5499326601,1,,Red,0,Ryze,Ambessa,Annie,Kled,Leona,Corki,Yunara,Rengar,Shaco,Riven,Aurora,Vi,Akshan,Lucian,Yuumi
1290,16.4,NA1_5497422322,0,,Blue,1,Fiora,Nocturne,Orianna,Smolder,Alistar,Yasuo,Lulu,Bel'Veth,Malphite,Zoe,Camille,Taliyah,Qiyana,Sivir,Nautilus
1291,16.4,NA1_5497422322,1,,Red,0,Camille,Taliyah,Qiyana,Sivir,Nautilus,Rengar,Katarina,Kha'Zix,Gwen,Jax,Fiora,Nocturne,Orianna,Smolder,Alistar
1292,16.4,NA1_5498245031,1,,Blue,1,Kassadin,Graves,Lux,Miss Fortune,Thresh,Rengar,Quinn,Shaco,Ambessa,Draven,Olaf,Kindred,Qiyana,Seraphine,Nami
1293,16.4,NA1_5498245031,0,,Red,0,Olaf,Kindred,Qiyana,Seraphine,Nami,Vladimir,Lee Sin,Braum,Varus,Ambessa,Kassadin,Graves,Lux,Miss Fortune,Thresh
1294,16.4,NA1_5500810978,0,,Blue,1,Zaahen,Talon,Annie,Corki,Karma,Draven,Lee Sin,Qiyana,Rengar,Akali,Cho'Gath,Ambessa,Mel,Caitlyn,Lux
1295,16.4,NA1_5500810978,1,,Red,0,Cho'Gath,Ambessa,Mel,Caitlyn,Lux,Pyke,Aurora,Jayce,Rengar,Fiora,Zaahen,Talon,Annie,Corki,Karma
1296,16.4,NA1_5501993202,0,,Blue,1,Kayle,Ambessa,Corki,Mel,Milio,Jax,Kha'Zix,Sivir,Syndra,Shaco,Aurora,Graves,Sion,Varus,Amumu
1297,16.4,NA1_5501993202,1,,Red,0,Aurora,Graves,Sion,Varus,Amumu,Rumble,,Jayce,Draven,Kha'Zix,Kayle,Ambessa,Corki,Mel,Milio
1298,16.4,NA1_5502140089,0,,Blue,1,Sion,Zed,Viktor,Yunara,Fiddlesticks,Akali,Bel'Veth,Jax,Master Yi,Milio,Zac,Naafiri,Orianna,Senna,Bard
1299,16.4,NA1_5502140089,1,,Red,0,Zac,Naafiri,Orianna,Senna,Bard,Volibear,Varus,Nunu & Willump,Draven,Gwen,Sion,Zed,Viktor,Yunara,Fiddlesticks
1300,16.4,NA1_5496896285,0,,Blue,1,Malphite,Viego,Ornn,Caitlyn,Lux,,Jax,Pyke,Varus,Sylas,Vayne,Graves,Aurelion Sol,Mel,Neeko
1301,16.4,NA1_5496896285,1,,Red,0,Vayne,Graves,Aurelion Sol,Mel,Neeko,Rumble,Ambessa,,Pyke,Karma,Malphite,Viego,Ornn,Caitlyn,Lux
1302,16.3,NA1_5495042497,1,,Blue,1,Jax,Kha'Zix,Aurora,Twitch,Soraka,Thresh,Braum,Jayce,Zed,Zyra,Gragas,Karthus,Nasus,Kai'Sa,Blitzcrank
1303,16.3,NA1_5495042497,0,,Red,0,Gragas,Karthus,Nasus,Kai'Sa,Blitzcrank,Jarvan IV,Swain,Rengar,,Ambessa,Jax,Kha'Zix,Aurora,Twitch,Soraka
1304,16.4,NA1_5496135400,1,,Blue,1,LeBlanc,Ambessa,Riven,Aurelion Sol,Nautilus,Draven,Ryze,Sion,Zoe,Rengar,Yone,Kha'Zix,Kassadin,Miss Fortune,Rell
1305,16.4,NA1_5496135400,0,,Red,0,Yone,Kha'Zix,Kassadin,Miss Fortune,Rell,Jayce,Caitlyn,Yasuo,Akali,Naafiri,LeBlanc,Ambessa,Riven,Aurelion Sol,Nautilus
1306,16.4,NA1_5495896644,0,,Blue,1,Illaoi,Shaco,Camille,Yunara,Sona,Kayle,Pyke,Yorick,Jax,Draven,Renekton,Zac,Jayce,Smolder,Karma
1307,16.4,NA1_5495896644,1,,Red,0,Renekton,Zac,Jayce,Smolder,Karma,Bard,Senna,Zed,Poppy,Ambessa,Illaoi,Shaco,Camille,Yunara,Sona
1308,16.4,NA1_5498285840,0,,Blue,1,Jax,Xin Zhao,Vex,Jinx,Lulu,Bel'Veth,Ambessa,Cho'Gath,Mel,Gwen,Pantheon,Briar,Rumble,Varus,Rakan
1309,16.4,NA1_5498285840,1,,Red,0,Pantheon,Briar,Rumble,Varus,Rakan,Galio,Yasuo,,Shaco,Sona,Jax,Xin Zhao,Vex,Jinx,Lulu
1310,16.4,NA1_5500907848,1,,Blue,1,Tryndamere,Graves,Annie,Mel,Neeko,,,Rengar,Ambessa,Zed,Aatrox,Jayce,Viktor,Ashe,Bard
1311,16.4,NA1_5500907848,0,,Red,0,Aatrox,Jayce,Viktor,Ashe,Bard,Akali,,LeBlanc,Irelia,Draven,Tryndamere,Graves,Annie,Mel,Neeko
1312,16.3,NA1_5492870924,0,,Blue,1,Urgot,Ekko,Akshan,Caitlyn,Nami,Fiora,Bard,Draven,Rengar,Kha'Zix,Jayce,Lee Sin,Viktor,Varus,Elise
1313,16.3,NA1_5492870924,1,,Red,0,Jayce,Lee Sin,Viktor,Varus,Elise,Akali,Yasuo,Bel'Veth,Irelia,Kha'Zix,Urgot,Ekko,Akshan,Caitlyn,Nami
1314,16.3,NA1_5491858185,1,,Blue,1,Kled,Kayn,Gwen,Singed,Nami,Azir,Smolder,Ambessa,Irelia,Vayne,Fiora,Lee Sin,Dr. Mundo,Ezreal,Karma
1315,16.3,NA1_5491858185,0,,Red,0,Fiora,Lee Sin,Dr. Mundo,Ezreal,Karma,Rengar,Braum,Twitch,Riven,Master Yi,Kled,Kayn,Gwen,Singed,Nami
1316,16.4,NA1_5502008253,1,,Blue,1,Gnar,Ambessa,Xerath,Aphelios,Blitzcrank,Draven,Braum,,Akali,Poppy,Fiora,Dr. Mundo,Yone,Aurelion Sol,Fiddlesticks
1317,16.4,NA1_5502008253,0,,Red,0,Fiora,Dr. Mundo,Yone,Aurelion Sol,Fiddlesticks,Ezreal,Milio,Zac,Yasuo,Vayne,Gnar,Ambessa,Xerath,Aphelios,Blitzcrank
1318,16.4,NA1_5501061275,1,,Blue,1,Kennen,Gragas,Naafiri,Ezreal,Swain,Karma,Poppy,Ambessa,Rengar,Irelia,Jayce,Diana,Syndra,Yunara,Lulu
1319,16.4,NA1_5501061275,0,,Red,0,Jayce,Diana,Syndra,Yunara,Lulu,Rengar,Nunu & Willump,Caitlyn,Qiyana,Zed,Kennen,Gragas,Naafiri,Ezreal,Swain
1320,16.4,NA1_5499629948,1,,Blue,1,Jax,Master Yi,Lissandra,Ezreal,Neeko,Kha'Zix,Caitlyn,Vladimir,Gwen,Zoe,Renekton,Shen,Syndra,Xayah,Sona
1321,16.4,NA1_5499629948,0,,Red,0,Renekton,Shen,Syndra,Xayah,Sona,Katarina,Ambessa,Blitzcrank,Shaco,Graves,Jax,Master Yi,Lissandra,Ezreal,Neeko
1322,16.3,NA1_5494414792,1,,Blue,1,Irelia,Master Yi,Ryze,Zilean,Elise,Ezreal,Rengar,Volibear,,Gwen,Kled,Kha'Zix,Syndra,Kai'Sa,Seraphine
1323,16.3,NA1_5494414792,0,,Red,0,Kled,Kha'Zix,Syndra,Kai'Sa,Seraphine,Sona,Nunu & Willump,Qiyana,Varus,Vayne,Irelia,Master Yi,Ryze,Zilean,Elise
1324,16.4,NA1_5502243622,1,,Blue,1,Volibear,Talon,Yasuo,Miss Fortune,Rell,Riven,Jax,Kha'Zix,Pyke,Aurora,Fiora,Udyr,Ryze,Seraphine,Brand
1325,16.4,NA1_5502243622,0,,Red,0,Fiora,Udyr,Ryze,Seraphine,Brand,Ambessa,Vladimir,Jayce,Neeko,Leona,Volibear,Talon,Yasuo,Miss Fortune,Rell
1326,16.4,NA1_5497853982,0,,Blue,1,Yasuo,Jarvan IV,Viktor,Senna,Xerath,Pyke,Zoe,Rengar,Ambessa,Volibear,Darius,Urgot,Vel'Koz,Kog'Maw,Bard
1327,16.4,NA1_5497853982,1,,Red,0,Darius,Urgot,Vel'Koz,Kog'Maw,Bard,Kha'Zix,Ahri,Lux,Karma,,Yasuo,Jarvan IV,Viktor,Senna,Xerath
1328,16.4,NA1_5499125908,1,,Blue,1,Kennen,Kha'Zix,Naafiri,Xayah,Lux,Nautilus,Teemo,Evelynn,Pyke,Akali,Gnar,Jarvan IV,Swain,Twitch,Rakan
1329,16.4,NA1_5499125908,0,,Red,0,Gnar,Jarvan IV,Swain,Twitch,Rakan,,,Bel'Veth,Sylas,Vladimir,Kennen,Kha'Zix,Naafiri,Xayah,Lux
1330,16.4,NA1_5502280293,0,,Blue,1,Nasus,Jayce,Draven,Mel,Thresh,Sivir,Rengar,Aatrox,Nami,Braum,Yone,Fiddlesticks,LeBlanc,Samira,Nautilus
1331,16.4,NA1_5502280293,1,,Red,0,Yone,Fiddlesticks,LeBlanc,Samira,Nautilus,Naafiri,K'Sante,Braum,Ambessa,Pyke,Nasus,Jayce,Draven,Mel,Thresh
1332,16.3,NA1_5495104512,0,,Blue,1,Ryze,Lee Sin,Ahri,Varus,Karma,Naafiri,Kha'Zix,Bard,Riven,,Singed,Fiddlesticks,Smolder,Corki,Nami
1333,16.3,NA1_5495104512,1,,Red,0,Singed,Fiddlesticks,Smolder,Corki,Nami,Twisted Fate,Draven,Zoe,Jayce,Sona,Ryze,Lee Sin,Ahri,Varus,Karma
1334,16.3,NA1_5491814898,0,,Blue,1,Fiora,Kha'Zix,Galio,Yasuo,Twisted Fate,Katarina,Qiyana,Akali,,LeBlanc,Nasus,Talon,Swain,Ashe,Alistar
1335,16.3,NA1_5491814898,1,,Red,0,Nasus,Talon,Swain,Ashe,Alistar,,Diana,Lux,Nunu & Willump,Jayce,Fiora,Kha'Zix,Galio,Yasuo,Twisted Fate
1336,16.3,NA1_5492368381,0,,Blue,1,Sion,Rek'Sai,Azir,Smolder,Sona,Akshan,Gwen,Nautilus,Zac,Kindred,Nasus,Master Yi,Ekko,Yasuo,Vel'Koz
1337,16.3,NA1_5492368381,1,,Red,0,Nasus,Master Yi,Ekko,Yasuo,Vel'Koz,Akali,Thresh,Rumble,Kha'Zix,Karma,Sion,Rek'Sai,Azir,Smolder,Sona
1338,16.4,NA1_5500597674,1,,Blue,1,Riven,Nunu & Willump,Viktor,Xayah,Leona,Hecarim,Rengar,Ambessa,Jayce,Akali,Jax,Ivern,Seraphine,Tristana,Alistar
1339,16.4,NA1_5500597674,0,,Red,0,Jax,Ivern,Seraphine,Tristana,Alistar,Vayne,Shaco,Samira,Pyke,Braum,Riven,Nunu & Willump,Viktor,Xayah,Leona
1340,16.4,NA1_5499700830,1,,Blue,1,Vayne,Lee Sin,Katarina,Vladimir,Karma,Pyke,Fiddlesticks,Singed,Riven,Rengar,Ambessa,Xin Zhao,Zoe,Caitlyn,Sona
1341,16.4,NA1_5499700830,0,,Red,0,Ambessa,Xin Zhao,Zoe,Caitlyn,Sona,Jayce,Zaahen,Bel'Veth,Sylas,Riven,Vayne,Lee Sin,Katarina,Vladimir,Karma
1342,16.3,NA1_5493504445,1,,Blue,1,Draven,Kindred,Nasus,Ziggs,Bard,Akshan,Nunu & Willump,,Bel'Veth,Ambessa,Anivia,Lee Sin,Syndra,Jhin,Sona
1343,16.3,NA1_5493504445,0,,Red,0,Anivia,Lee Sin,Syndra,Jhin,Sona,Zed,Jax,Pyke,Rengar,Master Yi,Draven,Kindred,Nasus,Ziggs,Bard
1344,16.4,NA1_5501775848,1,,Blue,1,Gnar,Kha'Zix,Kassadin,Karthus,Senna,Poppy,Sivir,Zed,Sona,Ambessa,Ornn,Zaahen,Galio,Jinx,Lulu
1345,16.4,NA1_5501775848,0,,Red,0,Ornn,Zaahen,Galio,Jinx,Lulu,Pyke,Nunu & Willump,Draven,Yasuo,Talon,Gnar,Kha'Zix,Kassadin,Karthus,Senna
1346,16.3,NA1_5491865163,1,,Blue,1,Irelia,Aatrox,Kayle,Aurelion Sol,Braum,Ezreal,Evelynn,Akshan,Lux,Varus,Pantheon,Ambessa,Karma,Kai'Sa,Alistar
1347,16.3,NA1_5491865163,0,,Red,0,Pantheon,Ambessa,Karma,Kai'Sa,Alistar,Kha'Zix,Anivia,Fiora,Riven,Ziggs,Irelia,Aatrox,Kayle,Aurelion Sol,Braum
1348,16.4,NA1_5500948284,0,,Blue,1,Rumble,Xin Zhao,Ryze,Kalista,Nautilus,Zoe,Ambessa,Riven,Rengar,Draven,Dr. Mundo,Lee Sin,Ahri,Jinx,Lulu
1349,16.4,NA1_5500948284,1,,Red,0,Dr. Mundo,Lee Sin,Ahri,Jinx,Lulu,Sona,Fiora,Orianna,Ambessa,Diana,Rumble,Xin Zhao,Ryze,Kalista,Nautilus
1350,16.4,NA1_5499206081,1,,Blue,1,Gangplank,Ambessa,Mel,Ashe,Rell,Poppy,Draven,Jayce,Sion,Kassadin,Renekton,Zed,Diana,Twitch,Nautilus
1351,16.4,NA1_5499206081,0,,Red,0,Renekton,Zed,Diana,Twitch,Nautilus,Yasuo,Braum,Akshan,Gwen,Akali,Gangplank,Ambessa,Mel,Ashe,Rell
1352,16.3,NA1_5495407951,1,,Blue,1,Akali,Udyr,Syndra,Corki,Nami,Olaf,Caitlyn,Kha'Zix,Riven,Gwen,Sion,Master Yi,Heimerdinger,Ezreal,Nautilus
1353,16.3,NA1_5495407951,0,,Red,0,Sion,Master Yi,Heimerdinger,Ezreal,Nautilus,,Kha'Zix,Riven,Ambessa,Rumble,Akali,Udyr,Syndra,Corki,Nami
1354,16.4,NA1_5500699807,1,,Blue,1,Zaahen,Brand,Yone,Swain,Alistar,Akali,Jax,Fiddlesticks,Karma,Rek'Sai,Zac,Ivern,Qiyana,Caitlyn,Bard
1355,16.4,NA1_5500699807,0,,Red,0,Zac,Ivern,Qiyana,Caitlyn,Bard,Poppy,Yasuo,Ambessa,Draven,Rengar,Zaahen,Brand,Yone,Swain,Alistar
1356,16.3,NA1_5495182145,1,,Blue,1,Zoe,Ambessa,Warwick,Nilah,Leona,Syndra,Draven,Bel'Veth,Kayle,Milio,Gnar,Elise,Qiyana,Aphelios,Bard
1357,16.3,NA1_5495182145,0,,Red,0,Gnar,Elise,Qiyana,Aphelios,Bard,Varus,Riven,Draven,Sylas,Olaf,Zoe,Ambessa,Warwick,Nilah,Leona
1358,16.3,NA1_5491747294,0,,Blue,1,Gwen,Ambessa,Zed,Aurelion Sol,Nami,Ezreal,Hecarim,Riven,LeBlanc,Kha'Zix,Lee Sin,Taliyah,Zoe,Ashe,Leona
1359,16.3,NA1_5491747294,1,,Red,0,Lee Sin,Taliyah,Zoe,Ashe,Leona,Rengar,Zaahen,Smolder,Pyke,Tryndamere,Gwen,Ambessa,Zed,Aurelion Sol,Nami
1360,16.4,NA1_5499196172,1,,Blue,1,Rumble,Jarvan IV,Riven,Kog'Maw,Lulu,Pyke,,Lux,Syndra,Rengar,Jayce,Naafiri,Anivia,Yunara,Nami
1361,16.4,NA1_5499196172,0,,Red,0,Jayce,Naafiri,Anivia,Yunara,Nami,Taliyah,Graves,Kindred,Draven,Teemo,Rumble,Jarvan IV,Riven,Kog'Maw,Lulu
1362,16.3,NA1_5494039461,1,,Blue,1,Gwen,Maokai,Zed,Yunara,Lulu,Jayce,Malphite,Lux,Caitlyn,Ezreal,Sion,Graves,Sylas,Vayne,Neeko
1363,16.3,NA1_5494039461,0,,Red,0,Sion,Graves,Sylas,Vayne,Neeko,Caitlyn,Fiora,Karma,Jayce,,Gwen,Maokai,Zed,Yunara,Lulu
1364,16.4,NA1_5500026859,1,,Blue,1,Aurora,Ambessa,Akshan,Syndra,Leona,Talon,Shaco,Riven,Yasuo,Yunara,Yone,Teemo,Singed,Varus,Pyke
1365,16.4,NA1_5500026859,0,,Red,0,Yone,Teemo,Singed,Varus,Pyke,Jax,Irelia,Rengar,Jayce,Shaco,Aurora,Ambessa,Akshan,Syndra,Leona
1366,16.4,NA1_5500476645,1,,Blue,1,Dr. Mundo,Fizz,Anivia,Draven,Neeko,Graves,Urgot,Braum,,Pyke,Viego,Jarvan IV,Nasus,Varus,Ashe
1367,16.4,NA1_5500476645,0,,Red,0,Viego,Jarvan IV,Nasus,Varus,Ashe,Jax,Mel,Lucian,,Ambessa,Dr. Mundo,Fizz,Anivia,Draven,Neeko
1368,16.4,NA1_5500882336,0,,Blue,1,Gwen,Qiyana,Yone,Ashe,Seraphine,Pyke,,Olaf,Rengar,Draven,Akali,Sylas,Poppy,Yunara,Lulu
1369,16.4,NA1_5500882336,1,,Red,0,Akali,Sylas,Poppy,Yunara,Lulu,Draven,Kha'Zix,Syndra,Jayce,Darius,Gwen,Qiyana,Yone,Ashe,Seraphine
1370,16.4,NA1_5500479570,1,,Blue,1,Jax,Hecarim,Zoe,Kai'Sa,Anivia,Braum,Mel,Rengar,LeBlanc,Jayce,Garen,Viego,Ahri,Ezreal,Sona
1371,16.4,NA1_5500479570,0,,Red,0,Garen,Viego,Ahri,Ezreal,Sona,Ambessa,Mel,Nasus,LeBlanc,Kha'Zix,Jax,Hecarim,Zoe,Kai'Sa,Anivia
1372,16.4,NA1_5496267390,1,,Blue,1,Irelia,Nidalee,Urgot,Mel,Sona,Ambessa,Nunu & Willump,Azir,Rumble,Rengar,Aurora,Graves,Yone,Yunara,Senna
1373,16.4,NA1_5496267390,0,,Red,0,Aurora,Graves,Yone,Yunara,Senna,Riven,Nunu & Willump,Rengar,Ambessa,Kindred,Irelia,Nidalee,Urgot,Mel,Sona
1374,16.4,NA1_5500717246,1,,Blue,1,Tryndamere,Kha'Zix,Ahri,Draven,Neeko,Pyke,Nasus,Braum,Ambessa,Zoe,Jax,Qiyana,Ryze,Kog'Maw,Rell
1375,16.4,NA1_5500717246,0,,Red,0,Jax,Qiyana,Ryze,Kog'Maw,Rell,Karma,Sona,Talon,Fiddlesticks,Fiora,Tryndamere,Kha'Zix,Ahri,Draven,Neeko
1376,16.4,NA1_5499420574,1,,Blue,1,Aatrox,Kha'Zix,Gwen,Senna,Blitzcrank,Rumble,Draven,Bel'Veth,Nunu & Willump,Ambessa,Urgot,Vi,Sylas,Corki,Nautilus
1377,16.4,NA1_5499420574,0,,Red,0,Urgot,Vi,Sylas,Corki,Nautilus,Riven,Zac,Mel,Rengar,Pyke,Aatrox,Kha'Zix,Gwen,Senna,Blitzcrank
1378,16.4,NA1_5498750445,1,,Blue,1,Ambessa,Graves,Twisted Fate,Jhin,Neeko,Sona,Ziggs,Yasuo,Rumble,Jayce,Gangplank,Viego,Sion,Syndra,Maokai
1379,16.4,NA1_5498750445,0,,Red,0,Gangplank,Viego,Sion,Syndra,Maokai,Rengar,Nilah,Taliyah,,Olaf,Ambessa,Graves,Twisted Fate,Jhin,Neeko
1380,16.4,NA1_5499464272,1,,Blue,1,Riven,Jayce,Shen,Aphelios,Thresh,Irelia,Ambessa,Bel'Veth,Caitlyn,Yasuo,Varus,Cho'Gath,Lissandra,Jhin,Karma
1381,16.4,NA1_5499464272,0,,Red,0,Varus,Cho'Gath,Lissandra,Jhin,Karma,Akshan,,Kha'Zix,Ambessa,Ahri,Riven,Jayce,Shen,Aphelios,Thresh
1382,16.4,NA1_5502466310,0,,Blue,1,Camille,Jarvan IV,Ryze,Kai'Sa,Lulu,Ambessa,Jax,Aurora,Riven,Akshan,Vayne,Maokai,Yone,Yasuo,Nautilus
1383,16.4,NA1_5502466310,1,,Red,0,Vayne,Maokai,Yone,Yasuo,Nautilus,Azir,Aurora,Taliyah,Braum,Nilah,Camille,Jarvan IV,Ryze,Kai'Sa,Lulu
1384,16.4,NA1_5499628534,1,,Blue,1,Ambessa,Lee Sin,Orianna,Lucian,Nami,Azir,,Shaco,Rengar,,Graves,Kha'Zix,Zoe,Aphelios,Alistar
1385,16.4,NA1_5499628534,0,,Red,0,Graves,Kha'Zix,Zoe,Aphelios,Alistar,Zaahen,Nunu & Willump,Draven,Nautilus,Rengar,Ambessa,Lee Sin,Orianna,Lucian,Nami
1386,16.4,NA1_5499980810,1,,Blue,1,Volibear,Talon,Galio,Caitlyn,Neeko,Rengar,Zoe,Gwen,Jax,Qiyana,Tryndamere,Graves,Vayne,Aurelion Sol,Bard
1387,16.4,NA1_5499980810,0,,Red,0,Tryndamere,Graves,Vayne,Aurelion Sol,Bard,,,Draven,Riven,Kennen,Volibear,Talon,Galio,Caitlyn,Neeko
1388,16.4,NA1_5497402745,1,,Blue,1,Jayce,Dr. Mundo,Akali,Aphelios,Lulu,Draven,Jax,Rengar,Zed,Nunu & Willump,Ambessa,Vi,Yone,Jinx,Hwei
1389,16.4,NA1_5497402745,0,,Red,0,Ambessa,Vi,Yone,Jinx,Hwei,Graves,Zed,Akshan,Fiora,Caitlyn,Jayce,Dr. Mundo,Akali,Aphelios,Lulu
1390,16.3,NA1_5493290392,1,,Blue,1,Yunara,Ambessa,Anivia,Senna,Nautilus,Rengar,Pyke,Orianna,Riven,Jax,Jayce,Dr. Mundo,Ryze,Aphelios,Poppy
1391,16.3,NA1_5493290392,0,,Red,0,Jayce,Dr. Mundo,Ryze,Aphelios,Poppy,Gwen,Nunu & Willump,Nami,Lux,Talon,Yunara,Ambessa,Anivia,Senna,Nautilus
1392,16.4,NA1_5500957255,0,,Blue,1,Tryndamere,Nunu & Willump,Akali,Yasuo,Rakan,Galio,Bel'Veth,,Ambessa,Malphite,Urgot,Diana,Zed,Mel,Nami
1393,16.4,NA1_5500957255,1,,Red,0,Urgot,Diana,Zed,Mel,Nami,Sivir,Pyke,Varus,Kha'Zix,Naafiri,Tryndamere,Nunu & Willump,Akali,Yasuo,Rakan
1394,16.3,NA1_5494734681,0,,Blue,1,Renekton,Nidalee,Syndra,Yunara,Janna,Mel,Jayce,Lux,Rengar,Zed,Gwen,Ambessa,Azir,Corki,Leona
1395,16.3,NA1_5494734681,1,,Red,0,Gwen,Ambessa,Azir,Corki,Leona,Rengar,Jayce,Karma,Neeko,Jax,Renekton,Nidalee,Syndra,Yunara,Janna
1396,16.3,NA1_5492964690,1,,Blue,1,Rumble,Kha'Zix,Ahri,Aphelios,Thresh,Poppy,Lux,Yasuo,Gangplank,Caitlyn,Ambessa,Lee Sin,Ryze,Ashe,Sona
1397,16.3,NA1_5492964690,0,,Red,0,Ambessa,Lee Sin,Ryze,Ashe,Sona,Blitzcrank,Pyke,Nunu & Willump,Qiyana,Rengar,Rumble,Kha'Zix,Ahri,Aphelios,Thresh
1398,16.4,NA1_5500257147,1,,Blue,1,Jax,Lee Sin,Mel,Jhin,Bard,Rengar,Urgot,Pyke,Twitch,Ambessa,Kennen,Vi,Corki,Lux,Yuumi
1399,16.4,NA1_5500257147,0,,Red,0,Kennen,Vi,Corki,Lux,Yuumi,Draven,Jayce,Dr. Mundo,Ambessa,Graves,Jax,Lee Sin,Mel,Jhin,Bard
1400,16.4,NA1_5498170928,1,,Blue,1,Kled,Zac,Qiyana,Kai'Sa,Janna,Kindred,Rengar,Vladimir,Nautilus,Fiora,Cho'Gath,Gwen,Malphite,Ezreal,Senna
1401,16.4,NA1_5498170928,0,,Red,0,Cho'Gath,Gwen,Malphite,Ezreal,Senna,Master Yi,Aatrox,Udyr,Pyke,Akshan,Kled,Zac,Qiyana,Kai'Sa,Janna
1402,16.3,NA1_5491840534,0,,Blue,1,Urgot,Rek'Sai,Diana,Yunara,Soraka,Fiora,Yasuo,Ambessa,Karma,Riven,Morgana,Shyvana,Brand,Aurelion Sol,Shaco
1403,16.3,NA1_5491840534,1,,Red,0,Morgana,Shyvana,Brand,Aurelion Sol,Shaco,Qiyana,Ezreal,,Gwen,Neeko,Urgot,Rek'Sai,Diana,Yunara,Soraka
1404,16.3,NA1_5492469263,1,,Blue,1,Jax,Graves,Ekko,Aphelios,Bard,Akali,Draven,Kennen,Rengar,Tryndamere,Nasus,Fiddlesticks,Xerath,Yunara,Nautilus
1405,16.3,NA1_5492469263,0,,Red,0,Nasus,Fiddlesticks,Xerath,Yunara,Nautilus,Braum,Kassadin,Kayn,Ambessa,Twitch,Jax,Graves,Ekko,Aphelios,Bard
1406,16.4,NA1_5500051522,1,,Blue,1,Gwen,Xin Zhao,Syndra,Aphelios,Bard,Yasuo,Caitlyn,Jax,Riven,Ambessa,Yone,Dr. Mundo,Ahri,Yunara,Lulu
1407,16.4,NA1_5500051522,0,,Red,0,Yone,Dr. Mundo,Ahri,Yunara,Lulu,Master Yi,Shaco,Irelia,Akali,Riven,Gwen,Xin Zhao,Syndra,Aphelios,Bard
1408,16.4,NA1_5502207613,0,,Blue,1,Volibear,Udyr,Jayce,Jhin,Annie,Riven,Pyke,Rengar,Ambessa,Jax,Aatrox,Kha'Zix,Syndra,Caitlyn,Sona
1409,16.4,NA1_5502207613,1,,Red,0,Aatrox,Kha'Zix,Syndra,Caitlyn,Sona,Draven,Nautilus,Malphite,Ambessa,Rengar,Volibear,Udyr,Jayce,Jhin,Annie
1410,16.4,NA1_5500763918,1,,Blue,1,Aatrox,Dr. Mundo,Galio,Samira,Alistar,,Kha'Zix,Syndra,Irelia,Caitlyn,Yone,Kayn,Annie,Swain,Pyke
1411,16.4,NA1_5500763918,0,,Red,0,Yone,Kayn,Annie,Swain,Pyke,Elise,Karma,Ekko,Gwen,Akali,Aatrox,Dr. Mundo,Galio,Samira,Alistar
1412,16.4,NA1_5502491658,0,,Blue,1,Malphite,Rammus,Orianna,Zilean,Senna,Caitlyn,Rengar,Zoe,Ambessa,Jayce,Riven,Talon,Kennen,Yasuo,Janna
1413,16.4,NA1_5502491658,1,,Red,0,Riven,Talon,Kennen,Yasuo,Janna,Azir,Lee Sin,Nilah,Dr. Mundo,Pyke,Malphite,Rammus,Orianna,Zilean,Senna
1414,16.3,NA1_5495363501,0,,Blue,1,Galio,Zed,Lissandra,Samira,Pyke,Bel'Veth,Gwen,K'Sante,Rengar,LeBlanc,Kled,Talon,Ahri,Kai'Sa,Nautilus
1415,16.3,NA1_5495363501,1,,Red,0,Kled,Talon,Ahri,Kai'Sa,Nautilus,Draven,Vayne,Varus,Jayce,Fiora,Galio,Zed,Lissandra,Samira,Pyke
1416,16.4,NA1_5501139714,0,,Blue,1,Azir,Camille,Ekko,Xayah,Bard,Akali,Poppy,Lux,Pyke,Jayce,Ambessa,Vi,Ahri,Kai'Sa,Jarvan IV
1417,16.4,NA1_5501139714,1,,Red,0,Ambessa,Vi,Ahri,Kai'Sa,Jarvan IV,Sona,,Ryze,Riven,Rengar,Azir,Camille,Ekko,Xayah,Bard
1418,16.4,NA1_5500610674,0,,Blue,1,Rengar,Zaahen,Mel,Ezreal,Bard,Darius,Sivir,Yunara,Zed,Fiddlesticks,Yone,Udyr,Zilean,Smolder,Nautilus
1419,16.4,NA1_5500610674,1,,Red,0,Yone,Udyr,Zilean,Smolder,Nautilus,Jax,Ambessa,Seraphine,Caitlyn,,Rengar,Zaahen,Mel,Ezreal,Bard
1420,16.4,NA1_5498210246,1,,Blue,1,Zaahen,Vayne,Vladimir,Vel'Koz,Nautilus,,Fiddlesticks,Jayce,Jax,Sona,Irelia,Lee Sin,Cho'Gath,Kai'Sa,Leona
1421,16.4,NA1_5498210246,0,,Red,0,Irelia,Lee Sin,Cho'Gath,Kai'Sa,Leona,Malphite,Nunu & Willump,Bel'Veth,Twitch,Braum,Zaahen,Vayne,Vladimir,Vel'Koz,Nautilus
1422,16.4,NA1_5500768701,1,,Blue,1,Zoe,Kindred,Aurora,Corki,Nami,Kha'Zix,Zed,Dr. Mundo,Jayce,LeBlanc,Graves,Fizz,Mel,Caitlyn,Xerath
1423,16.4,NA1_5500768701,0,,Red,0,Graves,Fizz,Mel,Caitlyn,Xerath,Riven,Miss Fortune,Rengar,Draven,Ambessa,Zoe,Kindred,Aurora,Corki,Nami
1424,16.4,NA1_5500021142,1,,Blue,1,Riven,Maokai,Caitlyn,Seraphine,Karma,Mel,Kha'Zix,Pyke,,Jax,Vayne,Jayce,Kassadin,Jhin,Neeko
1425,16.4,NA1_5500021142,0,,Red,0,Vayne,Jayce,Kassadin,Jhin,Neeko,Lux,Zed,Yasuo,Nunu & Willump,,Riven,Maokai,Caitlyn,Seraphine,Karma
1426,16.4,NA1_5498640293,0,,Blue,1,Varus,Rek'Sai,Nasus,Mel,Nautilus,Jax,Sona,Yasuo,Ryze,Draven,Riven,Graves,Zac,Aurelion Sol,LeBlanc
1427,16.4,NA1_5498640293,1,,Red,0,Riven,Graves,Zac,Aurelion Sol,LeBlanc,Jayce,Yuumi,Yasuo,Draven,Rumble,Varus,Rek'Sai,Nasus,Mel,Nautilus
1428,16.4,NA1_5496581534,0,,Blue,1,Renekton,Bel'Veth,Azir,Kalista,Renata Glasc,Akali,Ambessa,,Dr. Mundo,Sona,Rumble,Ivern,Irelia,Caitlyn,Leona
1429,16.4,NA1_5496581534,1,,Red,0,Rumble,Ivern,Irelia,Caitlyn,Leona,Gwen,Rengar,Rek'Sai,Zac,Kha'Zix,Renekton,Bel'Veth,Azir,Kalista,Renata Glasc
1430,16.4,NA1_5498358438,0,,Blue,1,Nasus,Graves,Akali,Caitlyn,Neeko,Yasuo,Riven,Jayce,Sylas,Bel'Veth,Rek'Sai,Lee Sin,Ryze,Jhin,Karma
1431,16.4,NA1_5498358438,1,,Red,0,Rek'Sai,Lee Sin,Ryze,Jhin,Karma,Shaco,Urgot,Kha'Zix,Bel'Veth,Varus,Nasus,Graves,Akali,Caitlyn,Neeko
1432,16.4,NA1_5495871313,0,,Blue,1,Sion,Ambessa,Kai'Sa,Pyke,Alistar,Akali,Sylas,Gwen,Kha'Zix,Fiddlesticks,Singed,Jarvan IV,Lucian,Vladimir,Nami
1433,16.4,NA1_5495871313,1,,Red,0,Singed,Jarvan IV,Lucian,Vladimir,Nami,Fiddlesticks,Gwen,Draven,Riven,Fiora,Sion,Ambessa,Kai'Sa,Pyke,Alistar
1434,16.4,NA1_5502312082,0,,Blue,1,K'Sante,Graves,Kennen,Twitch,Sona,,Taric,Riven,Sylas,Poppy,Volibear,Gwen,Lucian,Jhin,Senna
1435,16.4,NA1_5502312082,1,,Red,0,Volibear,Gwen,Lucian,Jhin,Senna,Draven,Azir,Jax,Poppy,Pyke,K'Sante,Graves,Kennen,Twitch,Sona
1436,16.4,NA1_5501409800,1,,Blue,1,Kayle,Kha'Zix,Taliyah,Swain,Karma,Sivir,Jax,Ambessa,Ryze,Akali,Aatrox,Sylas,Yasuo,Ezreal,Renata Glasc
1437,16.4,NA1_5501409800,0,,Red,0,Aatrox,Sylas,Yasuo,Ezreal,Renata Glasc,Yone,Vladimir,Master Yi,Ambessa,Morgana,Kayle,Kha'Zix,Taliyah,Swain,Karma
1438,16.4,NA1_5501500966,1,,Blue,1,Kennen,Kindred,Veigar,Corki,Nautilus,Riven,Mel,Rengar,Yasuo,Ambessa,Zac,Graves,Sion,Yunara,Braum
1439,16.4,NA1_5501500966,0,,Red,0,Zac,Graves,Sion,Yunara,Braum,Jayce,,Caitlyn,Poppy,Syndra,Kennen,Kindred,Veigar,Corki,Nautilus
1440,16.4,NA1_5497030234,1,,Blue,1,Ambessa,Zaahen,Yasuo,Seraphine,Leona,Sivir,Ivern,Akali,Rengar,Neeko,Yone,Talon,Sylas,Samira,Thresh
1441,16.4,NA1_5497030234,0,,Red,0,Yone,Talon,Sylas,Samira,Thresh,Malphite,Lillia,LeBlanc,Taliyah,Sivir,Ambessa,Zaahen,Yasuo,Seraphine,Leona
1442,16.4,NA1_5497289681,0,,Blue,1,Urgot,Kha'Zix,Zed,Hwei,Lux,Fiora,Riven,Sivir,Graves,Ambessa,Rengar,Jarvan IV,Katarina,Ziggs,Senna
1443,16.4,NA1_5497289681,1,,Red,0,Rengar,Jarvan IV,Katarina,Ziggs,Senna,Vladimir,Akali,Talon,Shaco,Darius,Urgot,Kha'Zix,Zed,Hwei,Lux
1444,16.4,NA1_5500597356,1,,Blue,1,Malphite,Kha'Zix,Taliyah,Draven,Thresh,Zed,Mel,Neeko,Dr. Mundo,Graves,Jayce,Shaco,Kassadin,Yunara,Janna
1445,16.4,NA1_5500597356,0,,Red,0,Jayce,Shaco,Kassadin,Yunara,Janna,Yasuo,Anivia,Zed,Ambessa,Sona,Malphite,Kha'Zix,Taliyah,Draven,Thresh
1446,16.4,NA1_5500755098,0,,Blue,1,Tryndamere,Lee Sin,Zoe,Lucian,Mel,Alistar,Cassiopeia,Ezreal,,,Jax,Jayce,Azir,Pyke,Nautilus
1447,16.4,NA1_5500755098,1,,Red,0,Jax,Jayce,Azir,Pyke,Nautilus,Sylas,Braum,Nunu & Willump,Viktor,Rengar,Tryndamere,Lee Sin,Zoe,Lucian,Mel
1448,16.4,NA1_5499112471,1,,Blue,1,Ambessa,Zaahen,Orianna,Ezreal,Karma,Qiyana,Nunu & Willump,Poppy,Pyke,Zed,Renekton,Kha'Zix,Aurora,Yunara,Neeko
1449,16.4,NA1_5499112471,0,,Red,0,Renekton,Kha'Zix,Aurora,Yunara,Neeko,Sona,Rengar,Graves,,,Ambessa,Zaahen,Orianna,Ezreal,Karma
1450,16.3,NA1_5493196109,0,,Blue,1,Sion,Jayce,Ahri,Kalista,Thresh,Riven,Akali,Bard,Zed,Rumble,Cho'Gath,Nidalee,Zoe,Twitch,Alistar
1451,16.3,NA1_5493196109,1,,Red,0,Cho'Gath,Nidalee,Zoe,Twitch,Alistar,,Yasuo,Taliyah,Ambessa,Akshan,Sion,Jayce,Ahri,Kalista,Thresh
1452,16.4,NA1_5497806616,1,,Blue,1,Camille,Kindred,Akali,Varus,Bard,Jax,Kennen,,Fizz,Karma,Poppy,Xin Zhao,Viktor,Ezreal,Nami
1453,16.4,NA1_5497806616,0,,Red,0,Poppy,Xin Zhao,Viktor,Ezreal,Nami,Draven,Nautilus,,Ekko,Yorick,Camille,Kindred,Akali,Varus,Bard
1454,16.4,NA1_5499028577,0,,Blue,1,Neeko,Zac,Yone,Lucian,Senna,Irelia,Yasuo,Janna,Alistar,Pyke,Ambessa,Udyr,Ekko,Corki,Nami
1455,16.4,NA1_5499028577,1,,Red,0,Ambessa,Udyr,Ekko,Corki,Nami,Elise,Diana,Akali,Renekton,Malphite,Neeko,Zac,Yone,Lucian,Senna
1456,16.4,NA1_5497068272,1,,Blue,1,Riven,Xin Zhao,Sylas,Corki,Sona,Orianna,Yunara,Rengar,Jayce,Lux,Kennen,Vi,Gragas,Kai'Sa,Neeko
1457,16.4,NA1_5497068272,0,,Red,0,Kennen,Vi,Gragas,Kai'Sa,Neeko,Ambessa,Lux,Rengar,Aurora,Yorick,Riven,Xin Zhao,Sylas,Corki,Sona
1458,16.3,NA1_5491891434,0,,Blue,1,Jax,Jarvan IV,Galio,Jinx,Milio,Zoe,Bel'Veth,Sylas,Smolder,,Sion,Ivern,Vladimir,Lucian,Yuumi
1459,16.3,NA1_5491891434,1,,Red,0,Sion,Ivern,Vladimir,Lucian,Yuumi,Draven,Nautilus,Orianna,Rengar,Fiora,Jax,Jarvan IV,Galio,Jinx,Milio
1460,16.4,NA1_5497896097,0,,Blue,1,Riven,Jax,Zoe,Aphelios,Anivia,Jayce,Bel'Veth,Sylas,Rengar,Katarina,Kennen,Graves,Syndra,Twitch,Bard
1461,16.4,NA1_5497896097,1,,Red,0,Kennen,Graves,Syndra,Twitch,Bard,Ekko,Yorick,Yasuo,Fizz,,Riven,Jax,Zoe,Aphelios,Anivia
1462,16.3,NA1_5491922886,0,,Blue,1,Zaahen,Ambessa,Ryze,Ashe,Janna,Draven,Mel,Zed,Seraphine,Jax,Udyr,Rengar,Zac,Yasuo,Twitch
1463,16.3,NA1_5491922886,1,,Red,0,Udyr,Rengar,Zac,Yasuo,Twitch,Poppy,Zilean,Braum,Xerath,Riven,Zaahen,Ambessa,Ryze,Ashe,Janna
1464,16.3,NA1_5492252630,0,,Blue,1,Ryze,Zaahen,Malphite,Yunara,Rammus,Nunu & Willump,Rengar,Draven,Sona,Jax,Sylas,Jayce,Irelia,Ezreal,Karma
1465,16.3,NA1_5492252630,1,,Red,0,Sylas,Jayce,Irelia,Ezreal,Karma,Fiora,Gwen,Ahri,Ambessa,Evelynn,Ryze,Zaahen,Malphite,Yunara,Rammus
1466,16.3,NA1_5493375890,1,,Blue,1,Fiora,Hecarim,Taliyah,Ashe,Xerath,Talon,Miss Fortune,Katarina,Akali,Zilean,Cho'Gath,Nunu & Willump,Ahri,Aphelios,Pantheon
1467,16.3,NA1_5493375890,0,,Red,0,Cho'Gath,Nunu & Willump,Ahri,Aphelios,Pantheon,Ambessa,Varus,Riven,Neeko,Aatrox,Fiora,Hecarim,Taliyah,Ashe,Xerath
1468,16.4,NA1_5497982913,0,,Blue,1,Gnar,Graves,Anivia,Kalista,Nautilus,Draven,Riven,Senna,Yasuo,Nunu & Willump,Irelia,Nidalee,Ryze,Varus,Sett
1469,16.4,NA1_5497982913,1,,Red,0,Irelia,Nidalee,Ryze,Varus,Sett,Fizz,Rengar,Yasuo,Pyke,Jayce,Gnar,Graves,Anivia,Kalista,Nautilus
1470,16.4,NA1_5496857841,1,,Blue,1,Renekton,Nunu & Willump,Lee Sin,Yunara,Milio,Bel'Veth,Lux,,Pyke,,Kennen,Wukong,Yasuo,Kai'Sa,Neeko
1471,16.4,NA1_5496857841,0,,Red,0,Kennen,Wukong,Yasuo,Kai'Sa,Neeko,Akali,Sona,Ambessa,Pyke,Zac,Renekton,Nunu & Willump,Lee Sin,Yunara,Milio
1472,16.4,NA1_5502191667,1,,Blue,1,Heimerdinger,Ambessa,Galio,Aphelios,Thresh,Kayn,Draven,Karma,Yasuo,Irelia,Nasus,Kha'Zix,Syndra,Yunara,Nautilus
1473,16.4,NA1_5502191667,0,,Red,0,Nasus,Kha'Zix,Syndra,Yunara,Nautilus,Lee Sin,Qiyana,Yasuo,Pyke,Swain,Heimerdinger,Ambessa,Galio,Aphelios,Thresh
1474,16.4,NA1_5496631044,1,,Blue,1,Azir,Vi,Yone,Yunara,Rakan,Corki,Gwen,Mel,Dr. Mundo,Zaahen,Volibear,Zed,Galio,Varus,Alistar
1475,16.4,NA1_5496631044,0,,Red,0,Volibear,Zed,Galio,Varus,Alistar,Kha'Zix,Jax,Syndra,Katarina,Rengar,Azir,Vi,Yone,Yunara,Rakan
1476,16.3,NA1_5492331262,1,,Blue,1,Rumble,Evelynn,Galio,Lucian,Nautilus,Rengar,,Lux,Ambessa,Riven,Aurora,Viego,Fizz,Varus,Bard
1477,16.3,NA1_5492331262,0,,Red,0,Aurora,Viego,Fizz,Varus,Bard,,Pyke,Draven,,Sylas,Rumble,Evelynn,Galio,Lucian,Nautilus
1478,16.4,NA1_5497320401,1,,Blue,1,Malphite,Rek'Sai,Talon,Lux,Zoe,Sivir,Yasuo,Ahri,Syndra,Jax,Teemo,Jarvan IV,Aurora,Varus,Xerath
1479,16.4,NA1_5497320401,0,,Red,0,Teemo,Jarvan IV,Aurora,Varus,Xerath,Riven,Miss Fortune,Bel'Veth,Cassiopeia,Caitlyn,Malphite,Rek'Sai,Talon,Lux,Zoe
1480,16.4,NA1_5502506221,0,,Blue,1,Sion,Wukong,Veigar,Yunara,Rakan,Qiyana,Akali,Quinn,Blitzcrank,Yasuo,Gwen,Rengar,Vladimir,Xayah,Milio
1481,16.4,NA1_5502506221,1,,Red,0,Gwen,Rengar,Vladimir,Xayah,Milio,Yasuo,Riven,Zoe,Urgot,Fiddlesticks,Sion,Wukong,Veigar,Yunara,Rakan
1482,16.4,NA1_5501412760,0,,Blue,1,Yone,Singed,Anivia,Yunara,Milio,Draven,Akshan,Pyke,Ambessa,Jayce,Ornn,Viego,Annie,Aphelios,Trundle
1483,16.4,NA1_5501412760,1,,Red,0,Ornn,Viego,Annie,Aphelios,Trundle,Rengar,Pyke,Fiora,Zilean,Bel'Veth,Yone,Singed,Anivia,Yunara,Milio
1484,16.4,NA1_5500218706,0,,Blue,1,Graves,Jayce,Twitch,Syndra,Soraka,,Riven,Rengar,Yasuo,Blitzcrank,Dr. Mundo,Master Yi,Sylas,Heimerdinger,Karma
1485,16.4,NA1_5500218706,1,,Red,0,Dr. Mundo,Master Yi,Sylas,Heimerdinger,Karma,Taliyah,Jax,Mel,Ambessa,Kha'Zix,Graves,Jayce,Twitch,Syndra,Soraka
1486,16.4,NA1_5498033770,0,,Blue,1,K'Sante,Naafiri,Ryze,Aphelios,Janna,Lee Sin,Riven,Lux,Anivia,Caitlyn,Kayle,Master Yi,Twisted Fate,Seraphine,Neeko
1487,16.4,NA1_5498033770,1,,Red,0,Kayle,Master Yi,Twisted Fate,Seraphine,Neeko,Riven,Pyke,Ambessa,Jayce,Mel,K'Sante,Naafiri,Ryze,Aphelios,Janna
1488,16.4,NA1_5501943349,0,,Blue,1,Jayce,Elise,Galio,Samira,Blitzcrank,Alistar,Rengar,Yasuo,Riven,,Anivia,Rumble,Ambessa,Jinx,Rakan
1489,16.4,NA1_5501943349,1,,Red,0,Anivia,Rumble,Ambessa,Jinx,Rakan,Riven,Akali,Fiddlesticks,Sona,Bel'Veth,Jayce,Elise,Galio,Samira,Blitzcrank
1490,16.3,NA1_5492971382,0,,Blue,1,Sion,Jarvan IV,Taliyah,Jhin,Neeko,Ambessa,Qiyana,,,Nunu & Willump,Aurora,Jayce,Ahri,Aphelios,Lulu
1491,16.3,NA1_5492971382,1,,Red,0,Aurora,Jayce,Ahri,Aphelios,Lulu,Rengar,Lux,Ambessa,Talon,Riven,Sion,Jarvan IV,Taliyah,Jhin,Neeko
1492,16.4,NA1_5501019476,0,,Blue,1,Aatrox,Jayce,Galio,Yunara,Pyke,Kha'Zix,Qiyana,Braum,Caitlyn,Zoe,Renekton,Ambessa,Tristana,Corki,Neeko
1493,16.4,NA1_5501019476,1,,Red,0,Renekton,Ambessa,Tristana,Corki,Neeko,Draven,Riven,,,,Aatrox,Jayce,Galio,Yunara,Pyke
1494,16.4,NA1_5500536307,0,,Blue,1,Poppy,Kha'Zix,Ahri,Mel,Seraphine,Dr. Mundo,Nautilus,Nunu & Willump,Darius,Gwen,Varus,Jarvan IV,Sylas,Kai'Sa,Leona
1495,16.4,NA1_5500536307,1,,Red,0,Varus,Jarvan IV,Sylas,Kai'Sa,Leona,Zoe,Bel'Veth,Lee Sin,Akali,Jax,Poppy,Kha'Zix,Ahri,Mel,Seraphine
1496,16.4,NA1_5500545890,1,,Blue,1,Shen,Darius,Ryze,Ziggs,Nautilus,Yasuo,Rumble,Braum,Rengar,Akali,Riven,Evelynn,Aurelion Sol,Senna,Sona
1497,16.4,NA1_5500545890,0,,Red,0,Riven,Evelynn,Aurelion Sol,Senna,Sona,Pyke,Zed,Anivia,Aurora,Ambessa,Shen,Darius,Ryze,Ziggs,Nautilus
1498,16.4,NA1_5501419735,0,,Blue,1,Jayce,Viego,Akali,Vladimir,Alistar,Fiddlesticks,Master Yi,Yasuo,Qiyana,Rengar,Ornn,Zaahen,Mel,Jinx,Braum
1499,16.4,NA1_5501419735,1,,Red,0,Ornn,Zaahen,Mel,Jinx,Braum,,Ambessa,Kha'Zix,,Seraphine,Jayce,Viego,Akali,Vladimir,Alistar
1500,16.3,NA1_5494247530,0,,Blue,1,Warwick,Malphite,Yasuo,Vladimir,Pantheon,Ezreal,Karma,Jax,Bel'Veth,Kennen,Yone,Hecarim,Anivia,Yunara,Nidalee
1501,16.3,NA1_5494247530,1,,Red,0,Yone,Hecarim,Anivia,Yunara,Nidalee,Rengar,Aurelion Sol,Draven,Kha'Zix,Udyr,Warwick,Malphite,Yasuo,Vladimir,Pantheon
1502,16.4,NA1_5502452638,1,,Blue,1,Zaahen,Vi,Ahri,Mel,Shen,,Hecarim,Ambessa,,Sona,Jax,Naafiri,Zoe,Aphelios,Bard
1503,16.4,NA1_5502452638,0,,Red,0,Jax,Naafiri,Zoe,Aphelios,Bard,Kindred,Jayce,Hecarim,Yasuo,Kha'Zix,Zaahen,Vi,Ahri,Mel,Shen
1504,16.4,NA1_5499083801,0,,Blue,1,Kayle,Rek'Sai,Zoe,Miss Fortune,Neeko,Zaahen,Cassiopeia,Graves,Varus,Caitlyn,Shen,Fiddlesticks,Tristana,Vladimir,Sona
1505,16.4,NA1_5499083801,1,,Red,0,Shen,Fiddlesticks,Tristana,Vladimir,Sona,Caitlyn,Ambessa,Annie,Akali,Kha'Zix,Kayle,Rek'Sai,Zoe,Miss Fortune,Neeko
1506,16.3,NA1_5492778019,1,,Blue,1,Jayce,Jarvan IV,Vladimir,Kai'Sa,Maokai,Rengar,Irelia,Pyke,Orianna,Lux,Sion,Zed,Aurora,Ezreal,Poppy
1507,16.3,NA1_5492778019,0,,Red,0,Sion,Zed,Aurora,Ezreal,Poppy,Kha'Zix,Gwen,Draven,Ziggs,Gangplank,Jayce,Jarvan IV,Vladimir,Kai'Sa,Maokai
1508,16.4,NA1_5502093912,0,,Blue,1,Gnar,Rengar,Katarina,Cassiopeia,Senna,Vladimir,Syndra,Ambessa,Jax,Zoe,Volibear,Kindred,Karma,Aphelios,Thresh
1509,16.4,NA1_5502093912,1,,Red,0,Volibear,Kindred,Karma,Aphelios,Thresh,Pyke,Zac,Jax,Bel'Veth,,Gnar,Rengar,Katarina,Cassiopeia,Senna
1510,16.4,NA1_5502304285,0,,Blue,1,Rumble,Wukong,Sylas,Corki,Bard,Rengar,Kha'Zix,Ezreal,Zoe,Riven,Renekton,Kindred,Bel'Veth,Swain,Pantheon
1511,16.4,NA1_5502304285,1,,Red,0,Renekton,Kindred,Bel'Veth,Swain,Pantheon,Varus,Kai'Sa,Zac,Akshan,Lulu,Rumble,Wukong,Sylas,Corki,Bard
1512,16.3,NA1_5492278390,0,,Blue,1,Vayne,Graves,Twisted Fate,Ezreal,Bard,Malphite,Jayce,Pyke,Rengar,Riven,Gangplank,Naafiri,Sylas,Mel,Senna
1513,16.3,NA1_5492278390,1,,Red,0,Gangplank,Naafiri,Sylas,Mel,Senna,Orianna,Sivir,Twitch,Yorick,Ekko,Vayne,Graves,Twisted Fate,Ezreal,Bard
1514,16.4,NA1_5501102930,1,,Blue,1,Jayce,Zaahen,Azir,Varus,Senna,Rengar,Draven,,Shaco,,Irelia,Ambessa,Rumble,Corki,Nami
1515,16.4,NA1_5501102930,0,,Red,0,Irelia,Ambessa,Rumble,Corki,Nami,Caitlyn,Draven,Kha'Zix,Zoe,Malphite,Jayce,Zaahen,Azir,Varus,Senna
1516,16.4,NA1_5495818746,1,,Blue,1,Wukong,Zac,Veigar,Lucian,Nami,Poppy,Jax,Orianna,,Nautilus,Urgot,Aatrox,Taliyah,Pyke,Alistar
1517,16.4,NA1_5495818746,0,,Red,0,Urgot,Aatrox,Taliyah,Pyke,Alistar,Sylas,Riven,Braum,Ambessa,Vayne,Wukong,Zac,Veigar,Lucian,Nami
1518,16.4,NA1_5502289190,1,,Blue,1,Garen,Graves,Ryze,Seraphine,Sona,Taric,Akshan,Riven,Anivia,Mel,Singed,Poppy,Veigar,Jhin,Senna
1519,16.4,NA1_5502289190,0,,Red,0,Singed,Poppy,Veigar,Jhin,Senna,Nunu & Willump,Nautilus,Kassadin,Talon,Jayce,Garen,Graves,Ryze,Seraphine,Sona
1520,16.4,NA1_5498919308,1,,Blue,1,Yone,Ambessa,Akshan,Mel,Nami,Pyke,,Thresh,Lux,Yasuo,Jax,Vi,Taliyah,Lucian,Milio
1521,16.4,NA1_5498919308,0,,Red,0,Jax,Vi,Taliyah,Lucian,Milio,Rengar,Blitzcrank,Graves,Dr. Mundo,Olaf,Yone,Ambessa,Akshan,Mel,Nami
1522,16.3,NA1_5495145292,0,,Blue,1,Varus,Lee Sin,Ornn,Caitlyn,Neeko,Azir,Nautilus,Jayce,Irelia,Naafiri,Kayle,Graves,Yone,Swain,Karma
1523,16.3,NA1_5495145292,1,,Red,0,Kayle,Graves,Yone,Swain,Karma,Yasuo,Aphelios,Jax,Riven,Sona,Varus,Lee Sin,Ornn,Caitlyn,Neeko
1524,16.4,NA1_5497853745,0,,Blue,1,Jayce,Darius,Azir,Twitch,Nami,Fiddlesticks,Riven,,Pyke,Kha'Zix,Poppy,Graves,Twisted Fate,Ezreal,Karma
1525,16.4,NA1_5497853745,1,,Red,0,Poppy,Graves,Twisted Fate,Ezreal,Karma,Mel,Yorick,Ekko,Fizz,Yasuo,Jayce,Darius,Azir,Twitch,Nami
1526,16.3,NA1_5494368843,0,,Blue,1,Irelia,Malphite,Yone,Ezreal,Karma,Renekton,Yasuo,Jax,Ambessa,Nunu & Willump,Volibear,Jayce,Zoe,Ashe,Nautilus
1527,16.3,NA1_5494368843,1,,Red,0,Volibear,Jayce,Zoe,Ashe,Nautilus,Kha'Zix,Rengar,Syndra,Sylas,Jax,Irelia,Malphite,Yone,Ezreal,Karma
1528,16.4,NA1_5500224534,0,,Blue,1,Gwen,Qiyana,Ryze,Yunara,Leona,Rengar,Jayce,Akali,,Ambessa,Graves,Gragas,Talon,Yasuo,Thresh
1529,16.4,NA1_5500224534,1,,Red,0,Graves,Gragas,Talon,Yasuo,Thresh,Alistar,Nunu & Willump,Pyke,Poppy,Jayce,Gwen,Qiyana,Ryze,Yunara,Leona
1530,16.3,NA1_5493186650,0,,Blue,1,Jayce,Vi,Taliyah,Miss Fortune,Rell,Yasuo,Tahm Kench,Rumble,Talon,Qiyana,Ornn,Viego,Syndra,Jinx,Pyke
1531,16.3,NA1_5493186650,1,,Red,0,Ornn,Viego,Syndra,Jinx,Pyke,Malphite,Fiora,Rengar,Zed,Gwen,Jayce,Vi,Taliyah,Miss Fortune,Rell
1532,16.4,NA1_5501284870,0,,Blue,1,K'Sante,Zed,Zoe,Smolder,Sona,Kindred,Pyke,Vladimir,Akali,Jayce,Anivia,Briar,Viktor,Kog'Maw,Pantheon
1533,16.4,NA1_5501284870,1,,Red,0,Anivia,Briar,Viktor,Kog'Maw,Pantheon,Ambessa,Akali,Yasuo,Vayne,Gwen,K'Sante,Zed,Zoe,Smolder,Sona
1534,16.4,NA1_5500338266,1,,Blue,1,Vladimir,Lee Sin,Kindred,Caitlyn,Zilean,Irelia,Graves,Jayce,,Xin Zhao,Heimerdinger,Viego,Ryze,Yunara,Braum
1535,16.4,NA1_5500338266,0,,Red,0,Heimerdinger,Viego,Ryze,Yunara,Braum,Rengar,Azir,Sona,Poppy,Zed,Vladimir,Lee Sin,Kindred,Caitlyn,Zilean
1536,16.3,NA1_5494648736,1,,Blue,1,Yasuo,Ambessa,Ahri,Twitch,Leona,Riven,Nunu & Willump,Akali,Pyke,Nasus,Urgot,Master Yi,Viktor,Yunara,Lulu
1537,16.3,NA1_5494648736,0,,Red,0,Urgot,Master Yi,Viktor,Yunara,Lulu,Akshan,Vayne,Gwen,,Kha'Zix,Yasuo,Ambessa,Ahri,Twitch,Leona
1538,16.3,NA1_5492127363,1,,Blue,1,Vayne,Nunu & Willump,Sylas,Yunara,Nami,Lux,Taliyah,Neeko,Akali,Rengar,Azir,Draven,Hwei,Jinx,Lulu
1539,16.3,NA1_5492127363,0,,Red,0,Azir,Draven,Hwei,Jinx,Lulu,Poppy,Jayce,,Varus,Caitlyn,Vayne,Nunu & Willump,Sylas,Yunara,Nami
1540,16.3,NA1_5492574283,0,,Blue,1,Yorick,Rumble,Yone,Tristana,Pyke,Smolder,Yasuo,Aurelion Sol,Akali,Braum,Jax,Volibear,Lissandra,Mel,Alistar
1541,16.3,NA1_5492574283,1,,Red,0,Jax,Volibear,Lissandra,Mel,Alistar,Ahri,Zed,Jayce,,Sylas,Yorick,Rumble,Yone,Tristana,Pyke
1542,16.3,NA1_5492867145,1,,Blue,1,Jayce,Nunu & Willump,Akali,Lucian,Nami,Sona,Ambessa,,Neeko,Riven,Malphite,Kindred,Hwei,Caitlyn,Bard
1543,16.3,NA1_5492867145,0,,Red,0,Malphite,Kindred,Hwei,Caitlyn,Bard,Fiora,Talon,Yasuo,Rengar,Riven,Jayce,Nunu & Willump,Akali,Lucian,Nami
1544,16.3,NA1_5495096023,0,,Blue,1,Sion,Nocturne,Taliyah,Seraphine,Rakan,,Ambessa,Zed,Draven,,Gwen,Kayn,Akali,Ezreal,Bard
1545,16.3,NA1_5495096023,1,,Red,0,Gwen,Kayn,Akali,Ezreal,Bard,Sona,Kindred,Poppy,Jayce,Fiddlesticks,Sion,Nocturne,Taliyah,Seraphine,Rakan
1546,16.4,NA1_5500328821,1,,Blue,1,Cho'Gath,Graves,Zoe,Ezreal,Braum,,Pyke,Akshan,Aatrox,Neeko,Sylas,Jayce,Shen,Corki,Pantheon
1547,16.4,NA1_5500328821,0,,Red,0,Sylas,Jayce,Shen,Corki,Pantheon,Sona,Taliyah,Draven,,Rengar,Cho'Gath,Graves,Zoe,Ezreal,Braum
1548,16.4,NA1_5501042928,1,,Blue,1,Jayce,Aatrox,Ahri,Ezreal,Jarvan IV,Shaco,Rengar,Gwen,,Lucian,Yorick,Graves,Ryze,Jhin,Bard
1549,16.4,NA1_5501042928,0,,Red,0,Yorick,Graves,Ryze,Jhin,Bard,Rengar,Kha'Zix,Briar,Ambessa,Nautilus,Jayce,Aatrox,Ahri,Ezreal,Jarvan IV
1550,16.4,NA1_5499197445,0,,Blue,1,Volibear,Graves,Aurora,Ezreal,Sona,Jax,Blitzcrank,Bel'Veth,Gwen,Yasuo,Shen,Ambessa,Yone,Hwei,Senna
1551,16.4,NA1_5499197445,1,,Red,0,Shen,Ambessa,Yone,Hwei,Senna,Bel'Veth,Pyke,Orianna,Zed,Fiora,Volibear,Graves,Aurora,Ezreal,Sona
1552,16.3,NA1_5494614780,0,,Blue,1,Briar,Shaco,Nasus,Ezreal,Alistar,Nidalee,Vi,Morgana,Fiora,Swain,Ahri,Gwen,Syndra,Yasuo,Pyke
1553,16.3,NA1_5494614780,1,,Red,0,Ahri,Gwen,Syndra,Yasuo,Pyke,Riven,Nunu & Willump,Akali,Anivia,Mel,Briar,Shaco,Nasus,Ezreal,Alistar
1554,16.4,NA1_5502333372,0,,Blue,1,Vayne,Pantheon,Corki,Mel,Zilean,Zoe,Sona,Pyke,Malphite,Kha'Zix,Azir,Talon,Katarina,Jhin,Leona
1555,16.4,NA1_5502333372,1,,Red,0,Azir,Talon,Katarina,Jhin,Leona,Rengar,Caitlyn,Braum,Ryze,Jayce,Vayne,Pantheon,Corki,Mel,Zilean
1556,16.4,NA1_5499657075,0,,Blue,1,Aurora,Kha'Zix,Vex,Varus,Rell,Orianna,Irelia,Bel'Veth,Sona,,Ambessa,Xin Zhao,Ahri,Ezreal,Karma
1557,16.4,NA1_5499657075,1,,Red,0,Ambessa,Xin Zhao,Ahri,Ezreal,Karma,Graves,Nunu & Willump,Azir,,Akali,Aurora,Kha'Zix,Vex,Varus,Rell
1558,16.4,NA1_5500714322,1,,Blue,1,Wukong,Rek'Sai,Viktor,Kai'Sa,Neeko,Jax,Orianna,Poppy,Ambessa,Karma,Renekton,Jarvan IV,Syndra,Zyra,Zilean
1559,16.4,NA1_5500714322,0,,Red,0,Renekton,Jarvan IV,Syndra,Zyra,Zilean,Pyke,,Mel,Leona,Rumble,Wukong,Rek'Sai,Viktor,Kai'Sa,Neeko
1560,16.3,NA1_5492641834,0,,Blue,1,Irelia,Rek'Sai,LeBlanc,Caitlyn,Bard,Jayce,Riven,Draven,Gwen,Braum,Volibear,Rengar,Ahri,Jhin,Neeko
1561,16.3,NA1_5492641834,1,,Red,0,Volibear,Rengar,Ahri,Jhin,Neeko,Diana,Blitzcrank,Karma,Ambessa,Shaco,Irelia,Rek'Sai,LeBlanc,Caitlyn,Bard
1562,16.4,NA1_5497582374,0,,Blue,1,Renekton,Jarvan IV,Azir,Corki,Elise,Shaco,Riven,Zed,,,Gnar,Ambessa,Vladimir,Yunara,Lulu
1563,16.4,NA1_5497582374,1,,Red,0,Gnar,Ambessa,Vladimir,Yunara,Lulu,Rengar,Fiddlesticks,Qiyana,,Zed,Renekton,Jarvan IV,Azir,Corki,Elise
1564,16.4,NA1_5501073170,0,,Blue,1,Ambessa,Rumble,Galio,Ashe,Seraphine,Twitch,Kha'Zix,,Renekton,Soraka,Singed,Jayce,Ekko,Jinx,Lulu
1565,16.4,NA1_5501073170,1,,Red,0,Singed,Jayce,Ekko,Jinx,Lulu,Ivern,Akali,Kayle,Kha'Zix,Nocturne,Ambessa,Rumble,Galio,Ashe,Seraphine
1566,16.4,NA1_5498280634,0,,Blue,1,Varus,Ambessa,Qiyana,Miss Fortune,Bard,Taliyah,Neeko,Gwen,Rumble,Jayce,Karma,Zaahen,Annie,Seraphine,Nami
1567,16.4,NA1_5498280634,1,,Red,0,Karma,Zaahen,Annie,Seraphine,Nami,Galio,Braum,Syndra,,,Varus,Ambessa,Qiyana,Miss Fortune,Bard
1568,16.4,NA1_5496563095,1,,Blue,1,Akali,Graves,Irelia,Ziggs,Nami,,Kha'Zix,,Zac,Gwen,Aatrox,Kindred,Aurora,Samira,Sona
1569,16.4,NA1_5496563095,0,,Red,0,Aatrox,Kindred,Aurora,Samira,Sona,Riven,Ambessa,Kha'Zix,Pyke,Varus,Akali,Graves,Irelia,Ziggs,Nami
1570,16.3,NA1_5493118910,0,,Blue,1,Dr. Mundo,Jayce,Viktor,Twitch,Vel'Koz,Rek'Sai,Miss Fortune,Zed,Yasuo,Gangplank,Ambessa,Ekko,Orianna,Caitlyn,Nautilus
1571,16.3,NA1_5493118910,1,,Red,0,Ambessa,Ekko,Orianna,Caitlyn,Nautilus,Kha'Zix,Syndra,Singed,Riven,Rengar,Dr. Mundo,Jayce,Viktor,Twitch,Vel'Koz
1572,16.4,NA1_5498915275,0,,Blue,1,Gwen,Pantheon,Orianna,Lucian,Nami,Zed,Twitch,Graves,Aurora,Jax,Gragas,Rengar,Ryze,Aphelios,Lulu
1573,16.4,NA1_5498915275,1,,Red,0,Gragas,Rengar,Ryze,Aphelios,Lulu,Bel'Veth,Riven,Tryndamere,,Draven,Gwen,Pantheon,Orianna,Lucian,Nami
1574,16.4,NA1_5500884993,1,,Blue,1,Zaahen,Vi,Ahri,Ezreal,Nami,Ambessa,,Draven,Kindred,Yasuo,Aatrox,Kha'Zix,Ekko,Ziggs,Blitzcrank
1575,16.4,NA1_5500884993,0,,Red,0,Aatrox,Kha'Zix,Ekko,Ziggs,Blitzcrank,Qiyana,Caitlyn,Sona,Lux,Rengar,Zaahen,Vi,Ahri,Ezreal,Nami
1576,16.3,NA1_5493866922,0,,Blue,1,Kayle,Rengar,Neeko,Jhin,Nautilus,Jayce,Alistar,,Corki,Akali,K'Sante,Lee Sin,Ambessa,Swain,Pantheon
1577,16.3,NA1_5493866922,1,,Red,0,K'Sante,Lee Sin,Ambessa,Swain,Pantheon,Sylas,Braum,Sejuani,LeBlanc,Fiora,Kayle,Rengar,Neeko,Jhin,Nautilus
1578,16.4,NA1_5497663346,0,,Blue,1,Karma,Skarner,Yasuo,Yunara,Neeko,Akali,Bel'Veth,Rengar,Ambessa,Lux,Gangplank,Shaco,Vladimir,Corki,Nami
1579,16.4,NA1_5497663346,1,,Red,0,Gangplank,Shaco,Vladimir,Corki,Nami,Riven,Draven,Pyke,Nunu & Willump,Orianna,Karma,Skarner,Yasuo,Yunara,Neeko
1580,16.4,NA1_5500002427,1,,Blue,1,Heimerdinger,Viego,Taliyah,Ezreal,Alistar,Ambessa,Karma,Rengar,Irelia,,Orianna,Wukong,Sylas,Yunara,Lee Sin
1581,16.4,NA1_5500002427,0,,Red,0,Orianna,Wukong,Sylas,Yunara,Lee Sin,Draven,Mel,Kha'Zix,Zoe,Poppy,Heimerdinger,Viego,Taliyah,Ezreal,Alistar
1582,16.4,NA1_5498149606,1,,Blue,1,Jax,Taliyah,Xerath,Ezreal,Seraphine,Rengar,Yasuo,Zed,Vladimir,Bard,Mordekaiser,Ekko,Qiyana,Jinx,Senna
1583,16.4,NA1_5498149606,0,,Red,0,Mordekaiser,Ekko,Qiyana,Jinx,Senna,Fizz,Pyke,Kindred,Karma,Gwen,Jax,Taliyah,Xerath,Ezreal,Seraphine
1584,16.4,NA1_5497900359,1,,Blue,1,Fiora,Rek'Sai,Akali,Jinx,Lulu,Graves,LeBlanc,Draven,Nautilus,Jayce,Aurora,Poppy,Yasuo,Lux,Nami
1585,16.4,NA1_5497900359,0,,Red,0,Aurora,Poppy,Yasuo,Lux,Nami,Sivir,Rengar,Riven,Fiddlesticks,Ambessa,Fiora,Rek'Sai,Akali,Jinx,Lulu
1586,16.4,NA1_5502204630,1,,Blue,1,Zilean,Sylas,Yone,Varus,Karma,Akali,Gwen,Zoe,Kha'Zix,LeBlanc,Azir,Jarvan IV,Ryze,Caitlyn,Lux
1587,16.4,NA1_5502204630,0,,Red,0,Azir,Jarvan IV,Ryze,Caitlyn,Lux,Nautilus,Rengar,Akshan,,Jayce,Zilean,Sylas,Yone,Varus,Karma
1588,16.4,NA1_5497637411,0,,Blue,1,Jax,Rek'Sai,Vladimir,Jhin,Nidalee,Fiddlesticks,Syndra,Riven,Karma,,Fiora,Taliyah,Renekton,Varus,Sona
1589,16.4,NA1_5497637411,1,,Red,0,Fiora,Taliyah,Renekton,Varus,Sona,Nautilus,Rengar,Jayce,Aurora,Sivir,Jax,Rek'Sai,Vladimir,Jhin,Nidalee
1590,16.4,NA1_5500654241,1,,Blue,1,Vayne,Graves,Zoe,Ezreal,Bard,Syndra,Kha'Zix,Sona,Fiddlesticks,Draven,Irelia,Hecarim,Akali,Udyr,Seraphine
1591,16.4,NA1_5500654241,0,,Red,0,Irelia,Hecarim,Akali,Udyr,Seraphine,Gwen,Lissandra,Malphite,Ambessa,Pyke,Vayne,Graves,Zoe,Ezreal,Bard
1592,16.4,NA1_5501933793,0,,Blue,1,Zac,Kha'Zix,Syndra,Miss Fortune,Thresh,Yasuo,Gwen,Kennen,Sivir,Sona,Yone,Aatrox,Fizz,Seraphine,Leona
1593,16.4,NA1_5501933793,1,,Red,0,Yone,Aatrox,Fizz,Seraphine,Leona,Sivir,Elise,Akali,Draven,Malphite,Zac,Kha'Zix,Syndra,Miss Fortune,Thresh
1594,16.4,NA1_5500749826,0,,Blue,1,Tryndamere,Zaahen,Zoe,Ezreal,Nautilus,Ambessa,Riven,Draven,Aatrox,Yunara,Graves,Kha'Zix,Viktor,Vel'Koz,Karma
1595,16.4,NA1_5500749826,1,,Red,0,Graves,Kha'Zix,Viktor,Vel'Koz,Karma,Jinx,Nasus,Pyke,Yasuo,Bel'Veth,Tryndamere,Zaahen,Zoe,Ezreal,Nautilus
1596,16.4,NA1_5499693600,1,,Blue,1,Ambessa,Fiddlesticks,Talon,Aphelios,Thresh,Caitlyn,Neeko,Galio,Riven,Akali,Kayle,Karthus,Yasuo,Ezreal,Karma
1597,16.4,NA1_5499693600,0,,Red,0,Kayle,Karthus,Yasuo,Ezreal,Karma,Mel,Kennen,Vex,Bel'Veth,Pyke,Ambessa,Fiddlesticks,Talon,Aphelios,Thresh
1598,16.4,NA1_5498239115,1,,Blue,1,K'Sante,Ambessa,Orianna,Ashe,Alistar,,Sylas,Malphite,Rakan,Gwen,Irelia,Sejuani,Katarina,Jinx,Nautilus
1599,16.4,NA1_5498239115,0,,Red,0,Irelia,Sejuani,Katarina,Jinx,Nautilus,Galio,Graves,Zaahen,Zac,Jax,K'Sante,Ambessa,Orianna,Ashe,Alistar
1600,16.4,NA1_5499306671,0,,Blue,1,Aurora,Briar,Azir,Yorick,Alistar,Riven,Zed,Corki,Graves,Sion,Gragas,Zac,Jayce,Lucian,Yuumi
1601,16.4,NA1_5499306671,1,,Red,0,Gragas,Zac,Jayce,Lucian,Yuumi,Gwen,Ambessa,Akali,Riven,Kha'Zix,Aurora,Briar,Azir,Yorick,Alistar
1602,16.3,NA1_5494895286,1,,Blue,1,Aurora,Qiyana,Quinn,Yunara,Nami,Blitzcrank,Rengar,Yuumi,Urgot,Gwen,Cho'Gath,Udyr,Orianna,Lucian,Milio
1603,16.3,NA1_5494895286,0,,Red,0,Cho'Gath,Udyr,Orianna,Lucian,Milio,Aatrox,Kha'Zix,Azir,,Sona,Aurora,Qiyana,Quinn,Yunara,Nami
1604,16.4,NA1_5498002338,1,,Blue,1,Gangplank,Lee Sin,Galio,Yunara,Morgana,Aurora,Yasuo,Pyke,Shaco,Naafiri,Ambessa,Jarvan IV,Syndra,Lux,Neeko
1605,16.4,NA1_5498002338,0,,Red,0,Ambessa,Jarvan IV,Syndra,Lux,Neeko,Zed,,Mel,Pyke,Shaco,Gangplank,Lee Sin,Galio,Yunara,Morgana
1606,16.4,NA1_5502378239,0,,Blue,1,Aatrox,Nidalee,LeBlanc,Aphelios,Neeko,Draven,Pyke,Fizz,Varus,Rengar,Malphite,Zac,Zed,Kai'Sa,Nami
1607,16.4,NA1_5502378239,1,,Red,0,Malphite,Zac,Zed,Kai'Sa,Nami,Poppy,Nautilus,Akali,Sylas,Rumble,Aatrox,Nidalee,LeBlanc,Aphelios,Neeko
1608,16.4,NA1_5501062224,0,,Blue,1,Karma,Kindred,Galio,Jinx,Thresh,Malphite,Kha'Zix,Ambessa,Akali,Bard,Zaahen,Lee Sin,Viktor,Smolder,Lux
1609,16.4,NA1_5501062224,1,,Red,0,Zaahen,Lee Sin,Viktor,Smolder,Lux,Akshan,Pyke,,Master Yi,Riven,Karma,Kindred,Galio,Jinx,Thresh
1610,16.4,NA1_5501738605,1,,Blue,1,Aatrox,Ivern,K'Sante,Jinx,Nami,Pyke,Viego,Syndra,Nautilus,Riven,Gwen,Sejuani,Zed,Smolder,Karma
1611,16.4,NA1_5501738605,0,,Red,0,Gwen,Sejuani,Zed,Smolder,Karma,Tristana,Pyke,Xerath,Ambessa,Talon,Aatrox,Ivern,K'Sante,Jinx,Nami
1612,16.4,NA1_5502097566,0,,Blue,1,Malphite,Rumble,Zed,Draven,Neeko,Bel'Veth,Renekton,Braum,Pyke,LeBlanc,Aurora,Xin Zhao,Ahri,Seraphine,Jarvan IV
1613,16.4,NA1_5502097566,1,,Red,0,Aurora,Xin Zhao,Ahri,Seraphine,Jarvan IV,Pyke,Ambessa,Yasuo,Sona,Riven,Malphite,Rumble,Zed,Draven,Neeko
1614,16.3,NA1_5492782897,1,,Blue,1,Riven,Dr. Mundo,Sylas,Yunara,Nidalee,Fiddlesticks,Ambessa,Yasuo,Nunu & Willump,Gwen,Ornn,Lee Sin,Cho'Gath,Vladimir,Karma
1615,16.3,NA1_5492782897,0,,Red,0,Ornn,Lee Sin,Cho'Gath,Vladimir,Karma,Nunu & Willump,Naafiri,Viktor,Braum,Fiora,Riven,Dr. Mundo,Sylas,Yunara,Nidalee
1616,16.4,NA1_5496788456,1,,Blue,1,Yone,Ambessa,Orianna,Kai'Sa,Alistar,Akali,Bard,Pyke,,Graves,Yasuo,Rek'Sai,Kassadin,Veigar,Nautilus
1617,16.4,NA1_5496788456,0,,Red,0,Yasuo,Rek'Sai,Kassadin,Veigar,Nautilus,Malphite,,Rengar,Sona,Sylas,Yone,Ambessa,Orianna,Kai'Sa,Alistar
1618,16.4,NA1_5499895444,0,,Blue,1,Dr. Mundo,Ambessa,Kassadin,Yunara,Lux,Ahri,Pyke,Azir,Twitch,Zed,Yone,Graves,Vladimir,Ezreal,Karma
1619,16.4,NA1_5499895444,1,,Red,0,Yone,Graves,Vladimir,Ezreal,Karma,Yasuo,Zilean,Nasus,Jax,Syndra,Dr. Mundo,Ambessa,Kassadin,Yunara,Lux
1620,16.3,NA1_5493546324,0,,Blue,1,Draven,Kindred,Orianna,Yunara,Bard,Lux,Gwen,Zed,Zilean,Nunu & Willump,Jax,Graves,Vladimir,Cassiopeia,Leona
1621,16.3,NA1_5493546324,1,,Red,0,Jax,Graves,Vladimir,Cassiopeia,Leona,Zed,Syndra,Rengar,Nunu & Willump,Katarina,Draven,Kindred,Orianna,Yunara,Bard
1622,16.3,NA1_5492981373,0,,Blue,1,Cho'Gath,Gragas,Pantheon,Corki,Nami,Varus,Rengar,Zilean,Gwen,Fiora,Riven,Nunu & Willump,Talon,Ezreal,Sona
1623,16.3,NA1_5492981373,1,,Red,0,Riven,Nunu & Willump,Talon,Ezreal,Sona,Azir,Zoe,Neeko,Ambessa,Orianna,Cho'Gath,Gragas,Pantheon,Corki,Nami
1624,16.4,NA1_5498806611,0,,Blue,1,Renekton,Qiyana,Azir,Lux,Bard,Rengar,Aurora,Draven,Sivir,Riven,Vayne,Ambessa,Naafiri,Mel,Senna
1625,16.4,NA1_5498806611,1,,Red,0,Vayne,Ambessa,Naafiri,Mel,Senna,Pyke,Master Yi,Ryze,Twitch,Jayce,Renekton,Qiyana,Azir,Lux,Bard
1626,16.3,NA1_5492099935,1,,Blue,1,Udyr,Nocturne,Viktor,Aphelios,Lulu,,Ambessa,Gwen,Neeko,Nunu & Willump,Gnar,Urgot,Ahri,Twitch,Blitzcrank
1627,16.3,NA1_5492099935,0,,Red,0,Gnar,Urgot,Ahri,Twitch,Blitzcrank,Nunu & Willump,Orianna,Akali,Rengar,Darius,Udyr,Nocturne,Viktor,Aphelios,Lulu
1628,16.4,NA1_5500326017,1,,Blue,1,Jax,Talon,Vex,Sivir,Lulu,Riven,Pyke,Rek'Sai,Zed,Draven,Ekko,Ambessa,Qiyana,Ziggs,Leona
1629,16.4,NA1_5500326017,0,,Red,0,Ekko,Ambessa,Qiyana,Ziggs,Leona,Akali,Miss Fortune,Sona,LeBlanc,Caitlyn,Jax,Talon,Vex,Sivir,Lulu
1630,16.4,NA1_5496977254,1,,Blue,1,Camille,Taliyah,Azir,Fiora,Pyke,Jayce,Rengar,Jax,Zed,Ezreal,Cho'Gath,Ambessa,Ahri,Swain,Nautilus
1631,16.4,NA1_5496977254,0,,Red,0,Cho'Gath,Ambessa,Ahri,Swain,Nautilus,Kha'Zix,,Aatrox,Gwen,Irelia,Camille,Taliyah,Azir,Fiora,Pyke
1632,16.4,NA1_5496862915,1,,Blue,1,Fiora,Rek'Sai,Morgana,Miss Fortune,Karma,Shaco,Graves,Pyke,Kha'Zix,Kayle,Corki,Udyr,Ryze,Jinx,Poppy
1633,16.4,NA1_5496862915,0,,Red,0,Corki,Udyr,Ryze,Jinx,Poppy,Akali,Lucian,Draven,Katarina,Talon,Fiora,Rek'Sai,Morgana,Miss Fortune,Karma
1634,16.4,NA1_5500000976,0,,Blue,1,Rek'Sai,Nidalee,Ryze,Caitlyn,Karma,Pyke,Graves,Swain,,,Riven,Teemo,Aurora,Jhin,Nautilus
1635,16.4,NA1_5500000976,1,,Red,0,Riven,Teemo,Aurora,Jhin,Nautilus,Jax,Pyke,Shaco,Nunu & Willump,Jayce,Rek'Sai,Nidalee,Ryze,Caitlyn,Karma
1636,16.3,NA1_5492001469,0,,Blue,1,Warwick,Kayn,Anivia,Qiyana,Graves,Jax,Kennen,Elise,Poppy,Sylas,Aurora,Kha'Zix,Akshan,Lux,Zoe
1637,16.3,NA1_5492001469,1,,Red,0,Aurora,Kha'Zix,Akshan,Lux,Zoe,Pyke,Riven,Akali,Yasuo,Rengar,Warwick,Kayn,Anivia,Qiyana,Graves
1638,16.4,NA1_5496602681,0,,Blue,1,Camille,Ekko,Seraphine,Corki,Alistar,Rek'Sai,Jax,,Senna,Mel,Darius,Viego,Lissandra,Kai'Sa,Neeko
1639,16.4,NA1_5496602681,1,,Red,0,Darius,Viego,Lissandra,Kai'Sa,Neeko,,Syndra,Pyke,,Ambessa,Camille,Ekko,Seraphine,Corki,Alistar
1640,16.4,NA1_5495826858,1,,Blue,1,Darius,Taliyah,Qiyana,Yunara,Alistar,Rengar,Vladimir,Renekton,Draven,Pyke,Sett,Graves,Aurora,Kog'Maw,Nami
1641,16.4,NA1_5495826858,0,,Red,0,Sett,Graves,Aurora,Kog'Maw,Nami,Kennen,Braum,Kindred,Caitlyn,Sylas,Darius,Taliyah,Qiyana,Yunara,Alistar
1642,16.4,NA1_5500719601,0,,Blue,1,Graves,Kindred,Kayle,Mel,Karma,Anivia,Ambessa,Malphite,Leona,Neeko,Singed,Xin Zhao,Viktor,Sivir,Milio
1643,16.4,NA1_5500719601,1,,Red,0,Singed,Xin Zhao,Viktor,Sivir,Milio,Nasus,,Pyke,Bel'Veth,Draven,Graves,Kindred,Kayle,Mel,Karma
1644,16.3,NA1_5493208161,1,,Blue,1,Aurora,Wukong,Katarina,Sivir,Rakan,Blitzcrank,Qiyana,Darius,Vladimir,Pyke,Urgot,Nocturne,Veigar,Nilah,Thresh
1645,16.3,NA1_5493208161,0,,Red,0,Urgot,Nocturne,Veigar,Nilah,Thresh,Bel'Veth,Janna,Gwen,Kha'Zix,Fiora,Aurora,Wukong,Katarina,Sivir,Rakan
1646,16.4,NA1_5502148083,1,,Blue,1,Varus,Jayce,Akali,Yunara,Rell,Zilean,Jax,Sivir,Rengar,Yasuo,Ambessa,Rumble,Yone,Seraphine,Rakan
1647,16.4,NA1_5502148083,0,,Red,0,Ambessa,Rumble,Yone,Seraphine,Rakan,Sivir,,Kindred,Aurora,Bel'Veth,Varus,Jayce,Akali,Yunara,Rell
1648,16.3,NA1_5492671969,0,,Blue,1,Rengar,Nunu & Willump,Yone,Zyra,Vel'Koz,Neeko,Darius,Zed,Ambessa,,Shen,Shaco,Azir,Ezreal,Leona
1649,16.3,NA1_5492671969,1,,Red,0,Shen,Shaco,Azir,Ezreal,Leona,Irelia,Lux,,Gwen,Mel,Rengar,Nunu & Willump,Yone,Zyra,Vel'Koz
1650,16.3,NA1_5493695570,1,,Blue,1,Zoe,Viego,Ahri,Aphelios,Rakan,Pyke,Ambessa,Gangplank,Urgot,Rengar,Yasuo,Vi,Aurora,Jinx,Thresh
1651,16.3,NA1_5493695570,0,,Red,0,Yasuo,Vi,Aurora,Jinx,Thresh,Shaco,Rengar,Bel'Veth,Malphite,Varus,Zoe,Viego,Ahri,Aphelios,Rakan
1652,16.4,NA1_5495730677,1,,Blue,1,Jax,Rammus,Lux,Hwei,Alistar,Akshan,Ahri,Trundle,Sivir,Rengar,Gragas,Sylas,Ambessa,Varus,Bard
1653,16.4,NA1_5495730677,0,,Red,0,Gragas,Sylas,Ambessa,Varus,Bard,Ahri,Fiora,Darius,Riven,Mel,Jax,Rammus,Lux,Hwei,Alistar
1654,16.3,NA1_5494556685,0,,Blue,1,Riven,Kha'Zix,Sylas,Varus,Mel,Rumble,Jayce,Aphelios,Akshan,Ezreal,Jax,Ambessa,Ryze,Seraphine,Senna
1655,16.3,NA1_5494556685,1,,Red,0,Jax,Ambessa,Ryze,Seraphine,Senna,Akshan,Sivir,Gwen,Pyke,,Riven,Kha'Zix,Sylas,Varus,Mel
1656,16.4,NA1_5500432359,1,,Blue,1,Varus,Wukong,Syndra,Jhin,Bard,Dr. Mundo,Master Yi,Riven,,Lux,Shen,Graves,Akali,Seraphine,Soraka
1657,16.4,NA1_5500432359,0,,Red,0,Shen,Graves,Akali,Seraphine,Soraka,Sivir,Ziggs,Jayce,Tryndamere,Rengar,Varus,Wukong,Syndra,Jhin,Bard
1658,16.4,NA1_5500198449,0,,Blue,1,Yorick,Brand,Azir,Jhin,Nami,,Jayce,,Draven,,K'Sante,Graves,Viktor,Lucian,Nautilus
1659,16.4,NA1_5500198449,1,,Red,0,K'Sante,Graves,Viktor,Lucian,Nautilus,Yasuo,Malphite,Rengar,Caitlyn,Nunu & Willump,Yorick,Brand,Azir,Jhin,Nami
1660,16.4,NA1_5501989421,1,,Blue,1,Zac,Taliyah,Jayce,Varus,Soraka,Poppy,Bel'Veth,Kayle,Zed,Zoe,Smolder,Naafiri,Viktor,Yunara,Bard
1661,16.4,NA1_5501989421,0,,Red,0,Smolder,Naafiri,Viktor,Yunara,Bard,Jax,Anivia,Ivern,Draven,Akali,Zac,Taliyah,Jayce,Varus,Soraka
1662,16.4,NA1_5496057588,0,,Blue,1,Singed,Draven,Galio,Vel'Koz,Nautilus,Ambessa,Gwen,Jinx,Fiora,Lux,Kayle,Hecarim,Syndra,Senna,Swain
1663,16.4,NA1_5496057588,1,,Red,0,Kayle,Hecarim,Syndra,Senna,Swain,Yasuo,Bel'Veth,Kha'Zix,Sylas,Jax,Singed,Draven,Galio,Vel'Koz,Nautilus
1664,16.4,NA1_5496290792,1,,Blue,1,Ambessa,Qiyana,Orianna,Ashe,Anivia,Ezreal,Riven,Zed,Draven,Rengar,Renekton,Jayce,Ahri,Aphelios,Thresh
1665,16.4,NA1_5496290792,0,,Red,0,Renekton,Jayce,Ahri,Aphelios,Thresh,,Caitlyn,Zoe,Ryze,Riven,Ambessa,Qiyana,Orianna,Ashe,Anivia
1666,16.4,NA1_5500118898,0,,Blue,1,Vladimir,Zaahen,Qiyana,Sivir,Lulu,Bel'Veth,Draven,Rengar,Nasus,Aurora,Garen,Jayce,LeBlanc,Jinx,Nautilus
1667,16.4,NA1_5500118898,1,,Red,0,Garen,Jayce,LeBlanc,Jinx,Nautilus,Karthus,Rengar,Pyke,Ambessa,Zed,Vladimir,Zaahen,Qiyana,Sivir,Lulu
1668,16.4,NA1_5499036092,1,,Blue,1,Riven,Udyr,Karthus,Caitlyn,Karma,Qiyana,Mel,Naafiri,Elise,Kha'Zix,Illaoi,Viego,Orianna,Yunara,Lulu
1669,16.4,NA1_5499036092,0,,Red,0,Illaoi,Viego,Orianna,Yunara,Lulu,Aurelion Sol,Draven,Aatrox,Malphite,Akshan,Riven,Udyr,Karthus,Caitlyn,Karma
1670,16.3,NA1_5495659804,0,,Blue,1,Fiora,Pantheon,Twisted Fate,Cassiopeia,Nautilus,Qiyana,Jayce,Yasuo,Varus,Leona,Anivia,Shaco,Annie,Aphelios,Thresh
1671,16.3,NA1_5495659804,1,,Red,0,Anivia,Shaco,Annie,Aphelios,Thresh,Dr. Mundo,Taric,,Akali,Aatrox,Fiora,Pantheon,Twisted Fate,Cassiopeia,Nautilus
1672,16.4,NA1_5497423087,1,,Blue,1,Camille,Nocturne,Orianna,Ezreal,Leona,Riven,Akali,Bel'Veth,Zoe,Yasuo,Fiora,Aurelion Sol,Irelia,Senna,Soraka
1673,16.4,NA1_5497423087,0,,Red,0,Fiora,Aurelion Sol,Irelia,Senna,Soraka,Zoe,Zilean,Pyke,Rengar,Ahri,Camille,Nocturne,Orianna,Ezreal,Leona
1674,16.3,NA1_5494459955,0,,Blue,1,Vladimir,Jayce,Syndra,Ezreal,Zyra,Gwen,Taliyah,Irelia,Yasuo,,Yone,Master Yi,Akshan,Lux,Sona
1675,16.3,NA1_5494459955,1,,Red,0,Yone,Master Yi,Akshan,Lux,Sona,Ambessa,Twitch,Zoe,Pyke,Riven,Vladimir,Jayce,Syndra,Ezreal,Zyra
1676,16.4,NA1_5498702687,0,,Blue,1,Sion,Talon,LeBlanc,Mel,Rakan,Draven,Nautilus,Naafiri,Yasuo,Riven,Ambessa,Jarvan IV,Zyra,Vayne,Bard
1677,16.4,NA1_5498702687,1,,Red,0,Ambessa,Jarvan IV,Zyra,Vayne,Bard,Rengar,Jayce,Orianna,Lucian,Rumble,Sion,Talon,LeBlanc,Mel,Rakan
1678,16.4,NA1_5502292390,0,,Blue,1,Sion,Ambessa,Mel,Corki,Bard,Kha'Zix,,Fiora,Qiyana,Pyke,Urgot,Rek'Sai,Ahri,Ezreal,Karma
1679,16.4,NA1_5502292390,1,,Red,0,Urgot,Rek'Sai,Ahri,Ezreal,Karma,Rengar,Lux,Rumble,Lucian,Graves,Sion,Ambessa,Mel,Corki,Bard
1680,16.4,NA1_5496517291,0,,Blue,1,Anivia,Qiyana,Annie,Varus,Rell,Fiora,Sivir,Zaahen,Yasuo,Akali,Darius,Taliyah,Pantheon,Aphelios,Alistar
1681,16.4,NA1_5496517291,1,,Red,0,Darius,Taliyah,Pantheon,Aphelios,Alistar,Rengar,Draven,Orianna,Fiora,Kayle,Anivia,Qiyana,Annie,Varus,Rell
1682,16.4,NA1_5502122143,0,,Blue,1,Malphite,Rumble,Quinn,Smolder,Sona,Bel'Veth,Mel,Braum,Akshan,Renekton,Ornn,Ambessa,Jayce,Seraphine,Nami
1683,16.4,NA1_5502122143,1,,Red,0,Ornn,Ambessa,Jayce,Seraphine,Nami,Pyke,Draven,Gwen,Riven,Rengar,Malphite,Rumble,Quinn,Smolder,Sona
1684,16.4,NA1_5502365466,1,,Blue,1,Swain,Malphite,Karthus,Yunara,Lulu,Mel,Caitlyn,Gwen,Graves,Jayce,Singed,Talon,Pantheon,Ezreal,Karma
1685,16.4,NA1_5502365466,0,,Red,0,Singed,Talon,Pantheon,Ezreal,Karma,Ambessa,Riven,Rengar,Caitlyn,Galio,Swain,Malphite,Karthus,Yunara,Lulu
1686,16.4,NA1_5500170844,1,,Blue,1,Sion,Graves,Akali,Veigar,Anivia,Ambessa,Pyke,Wukong,Rumble,Jayce,Dr. Mundo,Rengar,Aurelion Sol,Mel,Nami
1687,16.4,NA1_5500170844,0,,Red,0,Dr. Mundo,Rengar,Aurelion Sol,Mel,Nami,Kassadin,Ambessa,Bel'Veth,Zac,Draven,Sion,Graves,Akali,Veigar,Anivia
1688,16.4,NA1_5496918573,0,,Blue,1,Ambessa,Skarner,Morgana,Kog'Maw,Pantheon,Pyke,Rek'Sai,Zed,Bel'Veth,Graves,Renekton,Gwen,Syndra,Aphelios,Karma
1689,16.4,NA1_5496918573,1,,Red,0,Renekton,Gwen,Syndra,Aphelios,Karma,Nunu & Willump,Pyke,Zac,Zed,Riven,Ambessa,Skarner,Morgana,Kog'Maw,Pantheon
1690,16.4,NA1_5501322057,0,,Blue,1,Ambessa,Kha'Zix,Viktor,Jhin,Vel'Koz,Draven,Riven,Zoe,Master Yi,Sona,Malphite,Rumble,Yone,Kai'Sa,Karma
1691,16.4,NA1_5501322057,1,,Red,0,Malphite,Rumble,Yone,Kai'Sa,Karma,Nautilus,Renekton,,Bel'Veth,Gwen,Ambessa,Kha'Zix,Viktor,Jhin,Vel'Koz
1692,16.3,NA1_5494074097,0,,Blue,1,Vayne,Zac,Jayce,Ezreal,Bard,Lux,Ambessa,Riven,Gwen,Syndra,Aurora,Kha'Zix,Zaahen,Ziggs,Pyke
1693,16.3,NA1_5494074097,1,,Red,0,Aurora,Kha'Zix,Zaahen,Ziggs,Pyke,Caitlyn,Cassiopeia,Hecarim,,Gwen,Vayne,Zac,Jayce,Ezreal,Bard
1694,16.4,NA1_5499184950,1,,Blue,1,Jayce,Jax,Veigar,Corki,Sona,LeBlanc,Rumble,Blitzcrank,Kha'Zix,Pyke,Aurora,Xin Zhao,Yasuo,Jhin,Kennen
1695,16.4,NA1_5499184950,0,,Red,0,Aurora,Xin Zhao,Yasuo,Jhin,Kennen,Riven,Orianna,Kha'Zix,Draven,Viego,Jayce,Jax,Veigar,Corki,Sona
1696,16.4,NA1_5498269539,0,,Blue,1,Sion,Kayn,Xerath,Lucian,Nami,Jayce,Rengar,Graves,Riven,Pyke,Aatrox,Fiddlesticks,Azir,Ezreal,Nautilus
1697,16.4,NA1_5498269539,1,,Red,0,Aatrox,Fiddlesticks,Azir,Ezreal,Nautilus,Akali,Rengar,Lux,Bel'Veth,Irelia,Sion,Kayn,Xerath,Lucian,Nami
1698,16.4,NA1_5497059986,1,,Blue,1,Sion,Kha'Zix,Orianna,Syndra,Nami,Lee Sin,,Blitzcrank,Rumble,Varus,Jayce,Ambessa,Veigar,Vayne,Milio
1699,16.4,NA1_5497059986,0,,Red,0,Jayce,Ambessa,Veigar,Vayne,Milio,Malphite,Pyke,Sona,LeBlanc,Irelia,Sion,Kha'Zix,Orianna,Syndra,Nami
1700,16.4,NA1_5496318370,1,,Blue,1,Ryze,Viego,Akshan,Hwei,Nautilus,Qiyana,Yasuo,Zoe,Draven,Riven,Aatrox,Master Yi,Vladimir,Varus,Rumble
1701,16.4,NA1_5496318370,0,,Red,0,Aatrox,Master Yi,Vladimir,Varus,Rumble,Riven,Graves,Ambessa,Talon,Shaco,Ryze,Viego,Akshan,Hwei,Nautilus
1702,16.4,NA1_5499288376,1,,Blue,1,Zaahen,Graves,Ahri,Ziggs,Bard,,Pyke,Gwen,Cassiopeia,Riven,Singed,Master Yi,Yone,Caitlyn,Karma
1703,16.4,NA1_5499288376,0,,Red,0,Singed,Master Yi,Yone,Caitlyn,Karma,Jayce,Ambessa,Gwen,Vayne,Akali,Zaahen,Graves,Ahri,Ziggs,Bard
1704,16.3,NA1_5495080237,1,,Blue,1,Sion,Aatrox,Ahri,Ashe,Bard,,,Riven,Draven,Ambessa,Rek'Sai,Jarvan IV,Akshan,Jinx,Sona
1705,16.3,NA1_5495080237,0,,Red,0,Rek'Sai,Jarvan IV,Akshan,Jinx,Sona,Blitzcrank,Rengar,Gwen,Yasuo,Riven,Sion,Aatrox,Ahri,Ashe,Bard
1706,16.4,NA1_5501621824,0,,Blue,1,Sion,Qiyana,Kayle,Yunara,Janna,Rengar,Pyke,Ambessa,Kha'Zix,Orianna,Zaahen,Lee Sin,Azir,Zilean,Rakan
1707,16.4,NA1_5501621824,1,,Red,0,Zaahen,Lee Sin,Azir,Zilean,Rakan,Viktor,Ambessa,,Riven,Sona,Sion,Qiyana,Kayle,Yunara,Janna
1708,16.3,NA1_5493588261,0,,Blue,1,Zaahen,Graves,Vladimir,Jinx,Alistar,Rumble,Pyke,Jayce,Zed,Rengar,Akali,Shyvana,Sylas,Caitlyn,Lux
1709,16.3,NA1_5493588261,1,,Red,0,Akali,Shyvana,Sylas,Caitlyn,Lux,Kha'Zix,Ambessa,Nautilus,Gwen,Varus,Zaahen,Graves,Vladimir,Jinx,Alistar
1710,16.4,NA1_5500345956,0,,Blue,1,Garen,Master Yi,LeBlanc,Corki,Nami,Nasus,Aphelios,Kha'Zix,Bel'Veth,Viktor,Zaahen,Fizz,Neeko,Ashe,Seraphine
1711,16.4,NA1_5500345956,1,,Red,0,Zaahen,Fizz,Neeko,Ashe,Seraphine,Vladimir,Nunu & Willump,Zoe,Kindred,Rumble,Garen,Master Yi,LeBlanc,Corki,Nami
1712,16.3,NA1_5492621192,0,,Blue,1,Yasuo,Naafiri,Corki,Vladimir,Nami,Riven,Varus,Gwen,Rengar,Ezreal,Irelia,Ambessa,Sylas,Jhin,Brand
1713,16.3,NA1_5492621192,1,,Red,0,Irelia,Ambessa,Sylas,Jhin,Brand,Rengar,Aurelion Sol,Sivir,Yone,Caitlyn,Yasuo,Naafiri,Corki,Vladimir,Nami
1714,16.3,NA1_5493008236,1,,Blue,1,Rumble,Rengar,Taliyah,Ezreal,Alistar,Diana,Gangplank,Pyke,,Heimerdinger,Aurora,Lee Sin,Syndra,Kai'Sa,Elise
1715,16.3,NA1_5493008236,0,,Red,0,Aurora,Lee Sin,Syndra,Kai'Sa,Elise,Sona,,Zed,Poppy,Riven,Rumble,Rengar,Taliyah,Ezreal,Alistar
1716,16.4,NA1_5500296099,1,,Blue,1,Jayce,Graves,Quinn,Hwei,Lux,Poppy,Nunu & Willump,Akshan,Sivir,Rengar,Kennen,Pantheon,Vex,Ezreal,Bard
1717,16.4,NA1_5500296099,0,,Red,0,Kennen,Pantheon,Vex,Ezreal,Bard,Sona,Riven,Vayne,Zoe,Bel'Veth,Jayce,Graves,Quinn,Hwei,Lux
1718,16.4,NA1_5500319527,0,,Blue,1,Mordekaiser,Kayn,Lee Sin,Jhin,Karma,Neeko,Caitlyn,Jayce,Naafiri,Vayne,Graves,Kindred,Sylas,Karthus,Pyke
1719,16.4,NA1_5500319527,1,,Red,0,Graves,Kindred,Sylas,Karthus,Pyke,Sivir,,Orianna,Ezreal,Twisted Fate,Mordekaiser,Kayn,Lee Sin,Jhin,Karma
1720,16.4,NA1_5497189118,0,,Blue,1,Camille,Graves,Syndra,Yunara,Nautilus,Kindred,Ambessa,Zed,Riven,Jax,Zaahen,Jayce,Galio,Caitlyn,Sona
1721,16.4,NA1_5497189118,1,,Red,0,Zaahen,Jayce,Galio,Caitlyn,Sona,LeBlanc,Bel'Veth,Samira,Akali,Azir,Camille,Graves,Syndra,Yunara,Nautilus
1722,16.4,NA1_5501880593,0,,Blue,1,Jax,Kha'Zix,Orianna,Aphelios,Janna,Zoe,Jayce,Mel,Naafiri,Pyke,Azir,Viego,Galio,Zeri,Bard
1723,16.4,NA1_5501880593,1,,Red,0,Azir,Viego,Galio,Zeri,Bard,Naafiri,Anivia,Xin Zhao,Akali,Jayce,Jax,Kha'Zix,Orianna,Aphelios,Janna
1724,16.3,NA1_5491713934,0,,Blue,1,Nocturne,Zyra,Qiyana,Jinx,Janna,Graves,Rengar,Fiora,Vladimir,Nami,Gangplank,Zac,Kassadin,Aphelios,Lulu
1725,16.3,NA1_5491713934,1,,Red,0,Gangplank,Zac,Kassadin,Aphelios,Lulu,Varus,Zed,Kindred,Bard,Aurelion Sol,Nocturne,Zyra,Qiyana,Jinx,Janna
1726,16.4,NA1_5500937031,0,,Blue,1,Jayce,Ambessa,Vladimir,Nilah,Sona,,Syndra,Pyke,Rengar,Xayah,Irelia,Kha'Zix,Anivia,Jhin,Karma
1727,16.4,NA1_5500937031,1,,Red,0,Irelia,Kha'Zix,Anivia,Jhin,Karma,Graves,Master Yi,Blitzcrank,Yasuo,Malphite,Jayce,Ambessa,Vladimir,Nilah,Sona
1728,16.4,NA1_5499212988,1,,Blue,1,Vayne,Jarvan IV,Orianna,Aphelios,Lulu,Kha'Zix,Yasuo,Nautilus,Graves,Riven,Cassiopeia,Zaahen,Ahri,Corki,Nami
1729,16.4,NA1_5499212988,0,,Red,0,Cassiopeia,Zaahen,Ahri,Corki,Nami,Zilean,Yunara,Nunu & Willump,Rengar,Akali,Vayne,Jarvan IV,Orianna,Aphelios,Lulu
1730,16.3,NA1_5491738672,1,,Blue,1,Gangplank,Qiyana,Mel,Ashe,Janna,Gwen,Rengar,Jax,Ryze,Sona,Pantheon,Lee Sin,Galio,Morgana,Viego
1731,16.3,NA1_5491738672,0,,Red,0,Pantheon,Lee Sin,Galio,Morgana,Viego,Ambessa,Malphite,Yasuo,Varus,Bel'Veth,Gangplank,Qiyana,Mel,Ashe,Janna
1732,16.4,NA1_5497631134,1,,Blue,1,Akali,Taliyah,Qiyana,Lux,Karma,Mel,Rengar,Pyke,Zoe,Riven,Dr. Mundo,Brand,Akshan,Sivir,Neeko
1733,16.4,NA1_5497631134,0,,Red,0,Dr. Mundo,Brand,Akshan,Sivir,Neeko,Talon,Draven,Jax,Yasuo,Ambessa,Akali,Taliyah,Qiyana,Lux,Karma
1734,16.4,NA1_5502405433,0,,Blue,1,Sett,Kha'Zix,Ryze,Lucian,Sona,Yasuo,Gwen,Graves,Riven,Varus,Malphite,Jayce,Sylas,Corki,Nami
1735,16.4,NA1_5502405433,1,,Red,0,Malphite,Jayce,Sylas,Corki,Nami,Zoe,Jhin,Yasuo,Shen,Rengar,Sett,Kha'Zix,Ryze,Lucian,Sona
1736,16.3,NA1_5495217489,1,,Blue,1,Ornn,Zed,Jayce,Lux,Sona,Graves,Qiyana,Sivir,Rengar,Ambessa,Gnar,Xin Zhao,Ahri,Corki,Leona
1737,16.3,NA1_5495217489,0,,Red,0,Gnar,Xin Zhao,Ahri,Corki,Leona,Twitch,Gwen,Shaco,Zoe,Riven,Ornn,Zed,Jayce,Lux,Sona
1738,16.4,NA1_5498896194,0,,Blue,1,Aatrox,Lee Sin,Akali,Xayah,Senna,Rek'Sai,Fiora,Varus,Lissandra,Pyke,Volibear,Dr. Mundo,Zed,Sivir,Nami
1739,16.4,NA1_5498896194,1,,Red,0,Volibear,Dr. Mundo,Zed,Sivir,Nami,Varus,Shaco,Pyke,Nunu & Willump,Rengar,Aatrox,Lee Sin,Akali,Xayah,Senna
1740,16.4,NA1_5497563329,1,,Blue,1,Rumble,Darius,Ryze,Yunara,Senna,Draven,Bel'Veth,Kha'Zix,Zed,Riven,Zaahen,Ivern,Orianna,Aphelios,Tahm Kench
1741,16.4,NA1_5497563329,0,,Red,0,Zaahen,Ivern,Orianna,Aphelios,Tahm Kench,Bard,Vayne,Fiora,Draven,Zed,Rumble,Darius,Ryze,Yunara,Senna
1742,16.4,NA1_5499893275,1,,Blue,1,Dr. Mundo,Lee Sin,Sion,Jhin,Karma,Fiora,Jayce,Samira,Gwen,,Vayne,Nunu & Willump,Ahri,Nocturne,Brand
1743,16.4,NA1_5499893275,0,,Red,0,Vayne,Nunu & Willump,Ahri,Nocturne,Brand,Rek'Sai,Draven,Akali,Syndra,Riven,Dr. Mundo,Lee Sin,Sion,Jhin,Karma
1744,16.3,NA1_5493750581,0,,Blue,1,Volibear,Poppy,Sylas,Yunara,Yuumi,Lillia,Akali,Gwen,Jax,Rengar,Varus,Dr. Mundo,Galio,Jinx,Lulu
1745,16.3,NA1_5493750581,1,,Red,0,Varus,Dr. Mundo,Galio,Jinx,Lulu,Qiyana,Yasuo,Diana,Sona,Pyke,Volibear,Poppy,Sylas,Yunara,Yuumi
1746,16.4,NA1_5502066321,0,,Blue,1,Olaf,Aatrox,Syndra,Ezreal,Neeko,Zed,Master Yi,Sivir,Ambessa,Jax,Tryndamere,Jarvan IV,Xerath,Cassiopeia,Nautilus
1747,16.4,NA1_5502066321,1,,Red,0,Tryndamere,Jarvan IV,Xerath,Cassiopeia,Nautilus,Orianna,Lux,Rengar,Jayce,Jax,Olaf,Aatrox,Syndra,Ezreal,Neeko
1748,16.4,NA1_5498152765,0,,Blue,1,Kennen,Kha'Zix,Anivia,Caitlyn,Milio,Yorick,Blitzcrank,Naafiri,Viktor,Rengar,Heimerdinger,Jarvan IV,Diana,Ezreal,Karma
1749,16.4,NA1_5498152765,1,,Red,0,Heimerdinger,Jarvan IV,Diana,Ezreal,Karma,Zaahen,Yasuo,Irelia,Draven,Sett,Kennen,Kha'Zix,Anivia,Caitlyn,Milio
1750,16.3,NA1_5494532146,0,,Blue,1,Aurora,Dr. Mundo,Ryze,Jhin,Janna,Varus,Pyke,Zed,Sivir,Riven,Jayce,Sylas,Akshan,Draven,Blitzcrank
1751,16.3,NA1_5494532146,1,,Red,0,Jayce,Sylas,Akshan,Draven,Blitzcrank,Braum,Yasuo,Lux,Rumble,,Aurora,Dr. Mundo,Ryze,Jhin,Janna
1752,16.4,NA1_5500638931,1,,Blue,1,Varus,Rek'Sai,Tristana,Swain,Zilean,Yasuo,Sylas,Gwen,Jax,Nunu & Willump,Naafiri,Kindred,Orianna,Jhin,Tahm Kench
1753,16.4,NA1_5500638931,0,,Red,0,Naafiri,Kindred,Orianna,Jhin,Tahm Kench,Bard,Kled,Zoe,Master Yi,Draven,Varus,Rek'Sai,Tristana,Swain,Zilean
1754,16.4,NA1_5499234179,0,,Blue,1,Renekton,Shen,Aurora,Ezreal,Poppy,Kha'Zix,Yasuo,Jayce,Draven,Mel,Ambessa,Vi,Akali,Corki,Nami
1755,16.4,NA1_5499234179,1,,Red,0,Ambessa,Vi,Akali,Corki,Nami,Akshan,Sona,Jarvan IV,,Kha'Zix,Renekton,Shen,Aurora,Ezreal,Poppy
1756,16.4,NA1_5501387221,1,,Blue,1,Yone,Diana,Yasuo,Kai'Sa,Nautilus,Rengar,Bel'Veth,Jax,Jayce,Draven,Volibear,Wukong,Singed,Caitlyn,Morgana
1757,16.4,NA1_5501387221,0,,Red,0,Volibear,Wukong,Singed,Caitlyn,Morgana,Sona,Bel'Veth,Anivia,Jax,Nasus,Yone,Diana,Yasuo,Kai'Sa,Nautilus
1758,16.4,NA1_5499030755,1,,Blue,1,Akali,Talon,Zed,Ezreal,Soraka,,,Zoe,Ahri,Rengar,Nasus,Kha'Zix,Ryze,Caitlyn,Karma
1759,16.4,NA1_5499030755,0,,Red,0,Nasus,Kha'Zix,Ryze,Caitlyn,Karma,Anivia,Gwen,Riven,Draven,Jayce,Akali,Talon,Zed,Ezreal,Soraka
1760,16.3,NA1_5492310996,0,,Blue,1,Sion,Master Yi,Yasuo,Sivir,Lulu,Akali,Blitzcrank,Kha'Zix,Braum,Fiora,K'Sante,Jax,Zoe,Tristana,Katarina
1761,16.3,NA1_5492310996,1,,Red,0,K'Sante,Jax,Zoe,Tristana,Katarina,Rengar,Sona,Vayne,Tahm Kench,Bel'Veth,Sion,Master Yi,Yasuo,Sivir,Lulu
1762,16.3,NA1_5492847397,1,,Blue,1,Jax,Nidalee,Twisted Fate,Yunara,Nami,Pyke,Fiddlesticks,Fizz,Ambessa,Varus,Jayce,Cho'Gath,Kassadin,Draven,Sona
1763,16.3,NA1_5492847397,0,,Red,0,Jayce,Cho'Gath,Kassadin,Draven,Sona,Zoe,Rumble,Rengar,Nautilus,Pyke,Jax,Nidalee,Twisted Fate,Yunara,Nami
1764,16.3,NA1_5495418020,1,,Blue,1,Jayce,Ambessa,Galio,Varus,Senna,Riven,Rengar,Lux,Nunu & Willump,Sona,Irelia,Graves,Azir,Seraphine,Poppy
1765,16.3,NA1_5495418020,0,,Red,0,Irelia,Graves,Azir,Seraphine,Poppy,Lux,Nunu & Willump,Rengar,Sivir,Riven,Jayce,Ambessa,Galio,Varus,Senna
1766,16.4,NA1_5499202421,1,,Blue,1,Yone,Lee Sin,Pyke,Mel,Bard,Naafiri,Akali,Sivir,,Zoe,Zed,Jayce,Ahri,Smolder,Sona
1767,16.4,NA1_5499202421,0,,Red,0,Zed,Jayce,Ahri,Smolder,Sona,Nautilus,,Ambessa,Riven,Rengar,Yone,Lee Sin,Pyke,Mel,Bard
1768,16.4,NA1_5496469584,1,,Blue,1,Kayle,Dr. Mundo,Zoe,Miss Fortune,Pyke,Riven,Shaco,Master Yi,Jax,Syndra,Singed,Talon,Ahri,Yunara,Seraphine
1769,16.4,NA1_5496469584,0,,Red,0,Singed,Talon,Ahri,Yunara,Seraphine,Morgana,Zilean,Rengar,Kassadin,Jayce,Kayle,Dr. Mundo,Zoe,Miss Fortune,Pyke
1770,16.3,NA1_5495474007,1,,Blue,1,Jax,Hecarim,Kayle,Smolder,Alistar,Poppy,Jayce,Taliyah,Rumble,Orianna,Aurora,Ambessa,Sylas,Senna,Rakan
1771,16.3,NA1_5495474007,0,,Red,0,Aurora,Ambessa,Sylas,Senna,Rakan,Fiora,Qiyana,Nunu & Willump,Riven,Rengar,Jax,Hecarim,Kayle,Smolder,Alistar
1772,16.4,NA1_5499512503,0,,Blue,1,Kayle,Vi,Katarina,Caitlyn,Braum,Neeko,Gwen,Akali,Vladimir,Jax,Dr. Mundo,Jayce,Yasuo,Mel,LeBlanc
1773,16.4,NA1_5499512503,1,,Red,0,Dr. Mundo,Jayce,Yasuo,Mel,LeBlanc,,Kindred,Yuumi,Draven,Akali,Kayle,Vi,Katarina,Caitlyn,Braum
1774,16.4,NA1_5501800839,1,,Blue,1,Shen,Zaahen,Akali,Cassiopeia,Senna,Zed,Yasuo,Mel,Teemo,Rengar,Smolder,Dr. Mundo,Anivia,Aphelios,Nautilus
1775,16.4,NA1_5501800839,0,,Red,0,Smolder,Dr. Mundo,Anivia,Aphelios,Nautilus,Draven,Mel,Kha'Zix,Braum,Ahri,Shen,Zaahen,Akali,Cassiopeia,Senna
1776,16.3,NA1_5493451411,0,,Blue,1,Teemo,Kindred,Yone,Cassiopeia,Nidalee,Sion,Rengar,Twitch,Taliyah,Yasuo,Irelia,Jarvan IV,Anivia,Samira,Nautilus
1777,16.3,NA1_5493451411,1,,Red,0,Irelia,Jarvan IV,Anivia,Samira,Nautilus,Bel'Veth,Varus,Braum,Syndra,Jax,Teemo,Kindred,Yone,Cassiopeia,Nidalee
1778,16.4,NA1_5502520930,0,,Blue,1,Poppy,Elise,Katarina,Ashe,Zyra,Kha'Zix,Master Yi,Akshan,Vladimir,Ambessa,Varus,Graves,Yasuo,Veigar,Maokai
1779,16.4,NA1_5502520930,1,,Red,0,Varus,Graves,Yasuo,Veigar,Maokai,,Lucian,Vex,Anivia,Ambessa,Poppy,Elise,Katarina,Ashe,Zyra
1780,16.4,NA1_5497183116,1,,Blue,1,Ambessa,Xin Zhao,Anivia,Brand,Senna,Renekton,Kai'Sa,Kha'Zix,Karma,Syndra,Jax,Talon,Azir,Ezreal,Janna
1781,16.4,NA1_5497183116,0,,Red,0,Jax,Talon,Azir,Ezreal,Janna,Poppy,Lux,LeBlanc,Draven,Varus,Ambessa,Xin Zhao,Anivia,Brand,Senna
1782,16.3,NA1_5491831920,1,,Blue,1,Yorick,Kayn,Yone,Twitch,Leona,Jax,Kha'Zix,,Irelia,Akali,Mordekaiser,Talon,Taliyah,Ezreal,Pyke
1783,16.3,NA1_5491831920,0,,Red,0,Mordekaiser,Talon,Taliyah,Ezreal,Pyke,Lucian,,Rengar,Bel'Veth,Riven,Yorick,Kayn,Yone,Twitch,Leona
1784,16.4,NA1_5501078026,0,,Blue,1,Aatrox,Sejuani,Yone,Hwei,Sona,Pyke,Qiyana,Rengar,Yasuo,Ambessa,Varus,Maokai,Azir,Ezreal,Bard
1785,16.4,NA1_5501078026,1,,Red,0,Varus,Maokai,Azir,Ezreal,Bard,Lux,Jayce,Riven,Pyke,Zed,Aatrox,Sejuani,Yone,Hwei,Sona
1786,16.4,NA1_5502478569,0,,Blue,1,Vladimir,Jayce,Ambessa,Heimerdinger,Bard,Rengar,Sona,Senna,Veigar,Yorick,Darius,Maokai,Quinn,Corki,Nautilus
1787,16.4,NA1_5502478569,1,,Red,0,Darius,Maokai,Quinn,Corki,Nautilus,Gwen,Talon,Yasuo,Varus,Riven,Vladimir,Jayce,Ambessa,Heimerdinger,Bard
1788,16.4,NA1_5501080994,1,,Blue,1,Naafiri,Hecarim,Zoe,Ashe,Seraphine,Nunu & Willump,Graves,Irelia,LeBlanc,,Aurora,Kha'Zix,Ryze,Lucian,Nami
1789,16.4,NA1_5501080994,0,,Red,0,Aurora,Kha'Zix,Ryze,Lucian,Nami,Draven,Rengar,Riven,Zed,Ambessa,Naafiri,Hecarim,Zoe,Ashe,Seraphine
1790,16.4,NA1_5496830547,0,,Blue,1,Vladimir,Kindred,Orianna,Miss Fortune,Rell,Kassadin,Irelia,Braum,,Draven,Ryze,Udyr,Rakan,Jhin,Bard
1791,16.4,NA1_5496830547,1,,Red,0,Ryze,Udyr,Rakan,Jhin,Bard,Riven,Poppy,Shaco,Karma,Ezreal,Vladimir,Kindred,Orianna,Miss Fortune,Rell
1792,16.3,NA1_5491702718,0,,Blue,1,Nocturne,Ekko,Orianna,Yunara,Illaoi,Fiora,Diana,,Pyke,Rengar,Malzahar,Graves,Kassadin,Sivir,Janna
1793,16.3,NA1_5491702718,1,,Red,0,Malzahar,Graves,Kassadin,Sivir,Janna,Sona,Olaf,,,Rengar,Nocturne,Ekko,Orianna,Yunara,Illaoi
1794,16.4,NA1_5501094588,0,,Blue,1,Anivia,Ambessa,Ryze,Miss Fortune,Blitzcrank,Yasuo,Rengar,Braum,Aatrox,Lux,Yorick,Graves,Lissandra,Yunara,Pyke
1795,16.4,NA1_5501094588,1,,Red,0,Yorick,Graves,Lissandra,Yunara,Pyke,Jayce,Riven,Zoe,Neeko,Qiyana,Anivia,Ambessa,Ryze,Miss Fortune,Blitzcrank
1796,16.4,NA1_5497827666,1,,Blue,1,Renekton,Zaahen,Azir,Lux,Pyke,Viktor,Lucian,Blitzcrank,Graves,Riven,Gnar,Fizz,Jayce,Sivir,Braum
1797,16.4,NA1_5497827666,0,,Red,0,Gnar,Fizz,Jayce,Sivir,Braum,,Rengar,Zed,Riven,Yasuo,Renekton,Zaahen,Azir,Lux,Pyke
1798,16.4,NA1_5495859318,1,,Blue,1,Jax,Jayce,Katarina,Pyke,Alistar,Sylas,Braum,Gwen,Fiddlesticks,Zed,Kennen,Ambessa,Aurora,Ezreal,Bard
1799,16.4,NA1_5495859318,0,,Red,0,Kennen,Ambessa,Aurora,Ezreal,Bard,Riven,Rengar,Fiddlesticks,Yunara,Graves,Jax,Jayce,Katarina,Pyke,Alistar
1800,16.3,NA1_5493819593,1,,Blue,1,Ornn,Qiyana,Viktor,Varus,Maokai,Ambessa,Nami,Pyke,Akali,Ivern,Zaahen,Kha'Zix,Sylas,Mel,Seraphine
1801,16.3,NA1_5493819593,0,,Red,0,Zaahen,Kha'Zix,Sylas,Mel,Seraphine,Riven,Gwen,Nautilus,Hecarim,Nasus,Ornn,Qiyana,Viktor,Varus,Maokai
1802,16.4,NA1_5502050683,1,,Blue,1,Olaf,Jayce,Viktor,Akshan,Karma,Rengar,Akali,Nautilus,Jax,Mel,Cassiopeia,Ivern,Yone,Kai'Sa,Rell
1803,16.4,NA1_5502050683,0,,Red,0,Cassiopeia,Ivern,Yone,Kai'Sa,Rell,Syndra,Ambessa,Zed,Master Yi,Zaahen,Olaf,Jayce,Viktor,Akshan,Karma
1804,16.4,NA1_5497437883,1,,Blue,1,Jax,Dr. Mundo,Azir,Jhin,Karma,Draven,Viego,Kha'Zix,Neeko,Zed,Garen,Nocturne,Cassiopeia,Ezreal,Bard
1805,16.4,NA1_5497437883,0,,Red,0,Garen,Nocturne,Cassiopeia,Ezreal,Bard,Master Yi,Akali,,Ambessa,Bel'Veth,Jax,Dr. Mundo,Azir,Jhin,Karma
1806,16.3,NA1_5493737042,1,,Blue,1,Gangplank,Diana,Ryze,Aphelios,Braum,Bel'Veth,Jayce,Fiora,Gwen,Zac,Camille,Ambessa,Anivia,Jinx,Thresh
1807,16.3,NA1_5493737042,0,,Red,0,Camille,Ambessa,Anivia,Jinx,Thresh,Gwen,Jax,Neeko,Syndra,Rengar,Gangplank,Diana,Ryze,Aphelios,Braum
1808,16.4,NA1_5497648059,0,,Blue,1,Renekton,Viego,Taliyah,Lux,Rell,Mel,Riven,Lee Sin,Pyke,,Aurora,Ambessa,Galio,Vayne,Nautilus
1809,16.4,NA1_5497648059,1,,Red,0,Aurora,Ambessa,Galio,Vayne,Nautilus,Rengar,Vladimir,Riven,Nunu & Willump,Caitlyn,Renekton,Viego,Taliyah,Lux,Rell
1810,16.3,NA1_5493815534,0,,Blue,1,Jayce,Nunu & Willump,Gragas,Tristana,Yuumi,Bel'Veth,Pyke,Tryndamere,Mel,Draven,Ornn,Aatrox,Katarina,Jinx,Zilean
1811,16.3,NA1_5493815534,1,,Red,0,Ornn,Aatrox,Katarina,Jinx,Zilean,Draven,Malphite,Karma,Vladimir,,Jayce,Nunu & Willump,Gragas,Tristana,Yuumi
1812,16.4,NA1_5495860866,0,,Blue,1,Kled,Shaco,Aurelion Sol,Kai'Sa,Thresh,Fiora,Caitlyn,Syndra,Graves,Bard,Nasus,Lee Sin,Twisted Fate,Ezreal,Neeko
1813,16.4,NA1_5495860866,1,,Red,0,Nasus,Lee Sin,Twisted Fate,Ezreal,Neeko,Katarina,Zed,Pyke,Swain,Master Yi,Kled,Shaco,Aurelion Sol,Kai'Sa,Thresh
1814,16.4,NA1_5496848114,0,,Blue,1,Jayce,Kha'Zix,Zed,Aurelion Sol,Renata Glasc,Nunu & Willump,Draven,Udyr,Ezreal,Riven,Camille,Graves,Akali,Jhin,Thresh
1815,16.4,NA1_5496848114,1,,Red,0,Camille,Graves,Akali,Jhin,Thresh,,LeBlanc,Vladimir,Draven,Jax,Jayce,Kha'Zix,Zed,Aurelion Sol,Renata Glasc
1816,16.4,NA1_5501517252,1,,Blue,1,Zilean,Kayn,Yasuo,Syndra,Nautilus,Mel,Akali,Riven,Rengar,Kha'Zix,Malphite,Sylas,Zed,Caitlyn,Karma
1817,16.4,NA1_5501517252,0,,Red,0,Malphite,Sylas,Zed,Caitlyn,Karma,Alistar,Graves,Ambessa,Morgana,Bel'Veth,Zilean,Kayn,Yasuo,Syndra,Nautilus
1818,16.4,NA1_5499413784,0,,Blue,1,Gnar,Ambessa,Ahri,Lux,Zilean,Sona,Ekko,Bel'Veth,Zoe,Kennen,Sylas,Jayce,Ezreal,Seraphine,Neeko
1819,16.4,NA1_5499413784,1,,Red,0,Sylas,Jayce,Ezreal,Seraphine,Neeko,Riven,,Pyke,Rengar,Mel,Gnar,Ambessa,Ahri,Lux,Zilean
1820,16.4,NA1_5501542536,0,,Blue,1,Fizz,Taliyah,Yone,Yunara,Pyke,Yasuo,Nautilus,Fiddlesticks,Rengar,Akali,Kennen,Sylas,Zoe,Corki,Nidalee
1821,16.4,NA1_5501542536,1,,Red,0,Kennen,Sylas,Zoe,Corki,Nidalee,Rengar,Jayce,,Blitzcrank,Akali,Fizz,Taliyah,Yone,Yunara,Pyke
1822,16.4,NA1_5500136339,1,,Blue,1,Aatrox,Jayce,Ziggs,Corki,Nami,Draven,Bel'Veth,,Ambessa,Renekton,Akali,Kha'Zix,Azir,Jhin,Bard
1823,16.4,NA1_5500136339,0,,Red,0,Akali,Kha'Zix,Azir,Jhin,Bard,,Mel,,,Riven,Aatrox,Jayce,Ziggs,Corki,Nami
1824,16.4,NA1_5496816683,1,,Blue,1,Wukong,Talon,Xerath,Jhin,Rakan,Jax,Akali,Ambessa,Shaco,Jarvan IV,Zaahen,Qiyana,Hwei,Lux,Zoe
1825,16.4,NA1_5496816683,0,,Red,0,Zaahen,Qiyana,Hwei,Lux,Zoe,Mel,,Rengar,Yorick,Sivir,Wukong,Talon,Xerath,Jhin,Rakan
1826,16.4,NA1_5498376850,1,,Blue,1,Teemo,Lillia,Yone,Ezreal,Soraka,Yasuo,Zaahen,Rengar,Kha'Zix,Ambessa,Zoe,Nidalee,Corki,Varus,Nami
1827,16.4,NA1_5498376850,0,,Red,0,Zoe,Nidalee,Corki,Varus,Nami,Zed,Syndra,Jayce,Talon,Mel,Teemo,Lillia,Yone,Ezreal,Soraka
1828,16.4,NA1_5501011841,1,,Blue,1,Zed,Master Yi,Lulu,Zeri,Yuumi,Kha'Zix,Draven,Ambessa,Zoe,Jax,Riven,Hecarim,Fizz,Varus,Karma
1829,16.4,NA1_5501011841,0,,Red,0,Riven,Hecarim,Fizz,Varus,Karma,Jayce,Kha'Zix,Pyke,Zilean,Sylas,Zed,Master Yi,Lulu,Zeri,Yuumi
1830,16.4,NA1_5499973050,0,,Blue,1,Aurora,Udyr,Yone,Kai'Sa,Taric,Riven,Jayce,Pyke,Ambessa,Zoe,Zaahen,Graves,Akali,Seraphine,Neeko
1831,16.4,NA1_5499973050,1,,Red,0,Zaahen,Graves,Akali,Seraphine,Neeko,Bel'Veth,Rengar,Pyke,Rumble,Mel,Aurora,Udyr,Yone,Kai'Sa,Taric
1832,16.4,NA1_5500381174,1,,Blue,1,Jayce,Vi,Ahri,Vladimir,Poppy,,Fiddlesticks,Ambessa,Graves,Karthus,Shen,Wukong,Sylas,Tristana,Bard
1833,16.4,NA1_5500381174,0,,Red,0,Shen,Wukong,Sylas,Tristana,Bard,Riven,Taliyah,Zed,Rengar,Tryndamere,Jayce,Vi,Ahri,Vladimir,Poppy
1834,16.4,NA1_5496458447,1,,Blue,1,Yasuo,Diana,Zed,Jinx,Soraka,Gwen,Lee Sin,,Zoe,Jhin,Sett,Hecarim,Anivia,Ezreal,Neeko
1835,16.4,NA1_5496458447,0,,Red,0,Sett,Hecarim,Anivia,Ezreal,Neeko,Lucian,Karma,Syndra,Kayle,Riven,Yasuo,Diana,Zed,Jinx,Soraka
1836,16.4,NA1_5499018017,0,,Blue,1,Sion,Zac,Twisted Fate,Ezreal,Neeko,Nami,,Mel,,Rengar,Mordekaiser,Talon,Anivia,Jhin,Karma
1837,16.4,NA1_5499018017,1,,Red,0,Mordekaiser,Talon,Anivia,Jhin,Karma,Karthus,,Ambessa,Yasuo,Irelia,Sion,Zac,Twisted Fate,Ezreal,Neeko
1838,16.4,NA1_5496166096,0,,Blue,1,Aatrox,Kha'Zix,Kassadin,Jinx,Thresh,Jax,Hwei,Caitlyn,Kennen,Pyke,LeBlanc,Jayce,Lucian,Aurelion Sol,Nautilus
1839,16.4,NA1_5496166096,1,,Red,0,LeBlanc,Jayce,Lucian,Aurelion Sol,Nautilus,Zoe,Bel'Veth,Ryze,Sion,Draven,Aatrox,Kha'Zix,Kassadin,Jinx,Thresh
1840,16.4,NA1_5498896964,1,,Blue,1,Olaf,Lee Sin,Karma,Varus,Blitzcrank,Mel,,Rengar,Zed,Graves,Vayne,Ambessa,Ahri,Seraphine,Senna
1841,16.4,NA1_5498896964,0,,Red,0,Vayne,Ambessa,Ahri,Seraphine,Senna,Pyke,Poppy,Rengar,,Sivir,Olaf,Lee Sin,Karma,Varus,Blitzcrank
1842,16.3,NA1_5494565925,0,,Blue,1,Zed,Ekko,Sylas,Senna,Pyke,Rengar,Ambessa,Fiddlesticks,Riven,Mel,Briar,Shaco,Malphite,Yunara,Lulu
1843,16.3,NA1_5494565925,1,,Red,0,Briar,Shaco,Malphite,Yunara,Lulu,Ambessa,Akali,Nidalee,Rengar,Jax,Zed,Ekko,Sylas,Senna,Pyke
1844,16.4,NA1_5502041423,0,,Blue,1,Varus,Rengar,Ahri,Twitch,Alistar,Zoe,Riven,Gwen,Pyke,Zed,Urgot,Udyr,Vladimir,Jinx,Braum
1845,16.4,NA1_5502041423,1,,Red,0,Urgot,Udyr,Vladimir,Jinx,Braum,Mel,Orianna,,Rumble,Master Yi,Varus,Rengar,Ahri,Twitch,Alistar
1846,16.4,NA1_5496781969,1,,Blue,1,Aatrox,Darius,LeBlanc,Vladimir,Nidalee,,Bel'Veth,Kha'Zix,Rengar,Fiddlesticks,Tahm Kench,Ambessa,Ahri,Senna,Karma
1847,16.4,NA1_5496781969,0,,Red,0,Tahm Kench,Ambessa,Ahri,Senna,Karma,Ziggs,Rengar,Gwen,Yasuo,Riven,Aatrox,Darius,LeBlanc,Vladimir,Nidalee
1848,16.4,NA1_5501106613,1,,Blue,1,Singed,Lillia,Naafiri,Jhin,Neeko,Irelia,Rengar,Zoe,Riven,Thresh,K'Sante,Poppy,Ryze,Varus,Anivia
1849,16.4,NA1_5501106613,0,,Red,0,K'Sante,Poppy,Ryze,Varus,Anivia,Braum,Rengar,Ambessa,Zoe,Vayne,Singed,Lillia,Naafiri,Jhin,Neeko
1850,16.3,NA1_5493800253,0,,Blue,1,Ambessa,Lee Sin,Akali,Mel,Pyke,Aphelios,Qiyana,Naafiri,Yasuo,Kennen,Rengar,Shaco,Katarina,Brand,Bard
1851,16.3,NA1_5493800253,1,,Red,0,Rengar,Shaco,Katarina,Brand,Bard,,Yunara,Ryze,Darius,Nidalee,Ambessa,Lee Sin,Akali,Mel,Pyke
1852,16.4,NA1_5495904438,1,,Blue,1,Nasus,Nocturne,Syndra,Hwei,Fiddlesticks,Sivir,Ambessa,Milio,Yasuo,Rengar,Yone,Pantheon,Ahri,Ziggs,Trundle
1853,16.4,NA1_5495904438,0,,Red,0,Yone,Pantheon,Ahri,Ziggs,Trundle,Pyke,Teemo,Shaco,Zed,Darius,Nasus,Nocturne,Syndra,Hwei,Fiddlesticks
1854,16.4,NA1_5499273240,1,,Blue,1,K'Sante,Shaco,Zed,Corki,Yuumi,Talon,Akali,Graves,Draven,Riven,Tryndamere,Skarner,Ahri,Ezreal,Leona
1855,16.4,NA1_5499273240,0,,Red,0,Tryndamere,Skarner,Ahri,Ezreal,Leona,Irelia,Lux,Neeko,Malphite,Kha'Zix,K'Sante,Shaco,Zed,Corki,Yuumi
1856,16.4,NA1_5502265715,1,,Blue,1,Varus,Shen,Qiyana,Aurelion Sol,Lux,Caitlyn,Yasuo,,Draven,Riven,Illaoi,Graves,Yone,Swain,Nami
1857,16.4,NA1_5502265715,0,,Red,0,Illaoi,Graves,Yone,Swain,Nami,Gwen,Rengar,Ambessa,,Twitch,Varus,Shen,Qiyana,Aurelion Sol,Lux
1858,16.3,NA1_5491759145,0,,Blue,1,Tryndamere,Zaahen,Qiyana,Hwei,Poppy,Rengar,Zed,Gragas,LeBlanc,,Jax,Bel'Veth,Galio,Yasuo,Rakan
1859,16.3,NA1_5491759145,1,,Red,0,Jax,Bel'Veth,Galio,Yasuo,Rakan,Ambessa,Braum,Riven,Illaoi,Bard,Tryndamere,Zaahen,Qiyana,Hwei,Poppy
1860,16.3,NA1_5492383321,1,,Blue,1,Morgana,Shyvana,Twisted Fate,Varus,Alistar,Naafiri,Illaoi,Zoe,Bard,Gwen,Corki,Kha'Zix,Akali,Jhin,Tahm Kench
1861,16.3,NA1_5492383321,0,,Red,0,Corki,Kha'Zix,Akali,Jhin,Tahm Kench,Galio,Naafiri,Mel,Riven,Draven,Morgana,Shyvana,Twisted Fate,Varus,Alistar
1862,16.4,NA1_5501305255,0,,Blue,1,Vladimir,Jarvan IV,Yasuo,Varus,Bard,Hecarim,Fiddlesticks,Yunara,Master Yi,Fiora,Garen,Ambessa,Aurora,Swain,Sona
1863,16.4,NA1_5501305255,1,,Red,0,Garen,Ambessa,Aurora,Swain,Sona,Ahri,Riven,Leona,Zilean,Sylas,Vladimir,Jarvan IV,Yasuo,Varus,Bard
1864,16.4,NA1_5501921423,1,,Blue,1,Ambessa,Fiddlesticks,Orianna,Kai'Sa,Nautilus,Xerath,Zed,,Mel,Sylas,Varus,Graves,Galio,Brand,Nami
1865,16.4,NA1_5501921423,0,,Red,0,Varus,Graves,Galio,Brand,Nami,Blitzcrank,Pyke,Aurora,Gwen,LeBlanc,Ambessa,Fiddlesticks,Orianna,Kai'Sa,Nautilus
1866,16.4,NA1_5496920484,1,,Blue,1,Gnar,Rek'Sai,Viktor,Corki,Nami,Yasuo,Rengar,Kindred,Jayce,Nunu & Willump,Kennen,Graves,Ryze,Yunara,Nautilus
1867,16.4,NA1_5496920484,0,,Red,0,Kennen,Graves,Ryze,Yunara,Nautilus,Ambessa,Draven,Vayne,,Riven,Gnar,Rek'Sai,Viktor,Corki,Nami
1868,16.3,NA1_5491926707,0,,Blue,1,Mordekaiser,Vi,Yasuo,Seraphine,Thresh,Sivir,Kha'Zix,Anivia,Gwen,Ambessa,Ryze,Bel'Veth,Akali,Aphelios,Tahm Kench
1869,16.3,NA1_5491926707,1,,Red,0,Ryze,Bel'Veth,Akali,Aphelios,Tahm Kench,Draven,Jax,Tryndamere,Gwen,Riven,Mordekaiser,Vi,Yasuo,Seraphine,Thresh
1870,16.4,NA1_5499179704,0,,Blue,1,Gnar,Graves,Ahri,Kai'Sa,Braum,Zed,Rengar,Pyke,Ambessa,Bel'Veth,Volibear,Taliyah,Yasuo,Aphelios,Poppy
1871,16.4,NA1_5499179704,1,,Red,0,Volibear,Taliyah,Yasuo,Aphelios,Poppy,Lux,Jax,Akali,Jayce,Sona,Gnar,Graves,Ahri,Kai'Sa,Braum
1872,16.4,NA1_5497718153,1,,Blue,1,Azir,Graves,Anivia,Aphelios,Bard,Caitlyn,Jayce,Irelia,Pyke,Syndra,Malphite,Teemo,Diana,Jhin,Vel'Koz
1873,16.4,NA1_5497718153,0,,Red,0,Malphite,Teemo,Diana,Jhin,Vel'Koz,Ambessa,Fiora,Hecarim,Kha'Zix,Draven,Azir,Graves,Anivia,Aphelios,Bard
1874,16.4,NA1_5495970891,1,,Blue,1,Rumble,Graves,Twisted Fate,Senna,Thresh,Sona,Naafiri,Gwen,Nasus,Fiddlesticks,Teemo,Xin Zhao,Taliyah,Aphelios,Braum
1875,16.4,NA1_5495970891,0,,Red,0,Teemo,Xin Zhao,Taliyah,Aphelios,Braum,Syndra,Rengar,Sion,Katarina,Nautilus,Rumble,Graves,Twisted Fate,Senna,Thresh
1876,16.4,NA1_5498771856,1,,Blue,1,Darius,Talon,Zed,Kai'Sa,Alistar,Riven,Mel,Sivir,Poppy,Rek'Sai,Yasuo,Graves,Nasus,Ziggs,Nautilus
1877,16.4,NA1_5498771856,0,,Red,0,Yasuo,Graves,Nasus,Ziggs,Nautilus,Blitzcrank,Jax,Ambessa,Draven,Kindred,Darius,Talon,Zed,Kai'Sa,Alistar
1878,16.4,NA1_5500071678,0,,Blue,1,Sion,Rengar,Vladimir,Varus,Nami,Akali,Graves,Braum,Nautilus,Aatrox,Kayle,Master Yi,Ahri,Ezreal,Neeko
1879,16.4,NA1_5500071678,1,,Red,0,Kayle,Master Yi,Ahri,Ezreal,Neeko,Irelia,Yasuo,Pyke,Kha'Zix,Jax,Sion,Rengar,Vladimir,Varus,Nami
1880,16.4,NA1_5501186024,0,,Blue,1,Soraka,Graves,Naafiri,Pantheon,Sona,Pyke,Lee Sin,Akshan,,Riven,Jax,Hecarim,Zoe,Caitlyn,Milio
1881,16.4,NA1_5501186024,1,,Red,0,Jax,Hecarim,Zoe,Caitlyn,Milio,Gwen,Kindred,LeBlanc,Ambessa,Zed,Soraka,Graves,Naafiri,Pantheon,Sona
1882,16.4,NA1_5501196945,1,,Blue,1,Jax,Kha'Zix,Neeko,Draven,Nautilus,Qiyana,Varus,LeBlanc,Riven,Zac,Dr. Mundo,Nidalee,Xin Zhao,Ziggs,Senna
1883,16.4,NA1_5501196945,0,,Red,0,Dr. Mundo,Nidalee,Xin Zhao,Ziggs,Senna,Pyke,Fiddlesticks,Mel,Janna,,Jax,Kha'Zix,Neeko,Draven,Nautilus
1884,16.4,NA1_5499215715,1,,Blue,1,Varus,Jarvan IV,Galio,Jhin,Bard,Ambessa,Jax,Taliyah,Akshan,Sona,Nasus,Fizz,Qiyana,Caitlyn,Karma
1885,16.4,NA1_5499215715,0,,Red,0,Nasus,Fizz,Qiyana,Caitlyn,Karma,Rengar,,Kindred,Vladimir,Udyr,Varus,Jarvan IV,Galio,Jhin,Bard
1886,16.4,NA1_5499832239,0,,Blue,1,Aurora,Graves,Zac,Aphelios,Blitzcrank,Cassiopeia,Nautilus,Talon,Shaco,Poppy,Jarvan IV,Darius,Ahri,Veigar,Sona
1887,16.4,NA1_5499832239,1,,Red,0,Jarvan IV,Darius,Ahri,Veigar,Sona,Rengar,Yasuo,Rell,Rek'Sai,Jayce,Aurora,Graves,Zac,Aphelios,Blitzcrank
1888,16.4,NA1_5502010936,0,,Blue,1,Kayle,Ambessa,Aurora,Miss Fortune,Vel'Koz,Morgana,Jax,Dr. Mundo,Riven,Yasuo,Volibear,Kha'Zix,Zoe,Kog'Maw,Braum
1889,16.4,NA1_5502010936,1,,Red,0,Volibear,Kha'Zix,Zoe,Kog'Maw,Braum,Yasuo,Karma,Bel'Veth,Draven,,Kayle,Ambessa,Aurora,Miss Fortune,Vel'Koz
1890,16.4,NA1_5499239003,0,,Blue,1,Gnar,Zaahen,Xerath,Jinx,Senna,Nautilus,Akali,Seraphine,Bel'Veth,Jax,Singed,Jarvan IV,Ahri,Jhin,Leona
1891,16.4,NA1_5499239003,1,,Red,0,Singed,Jarvan IV,Ahri,Jhin,Leona,,Vladimir,Rengar,Akali,Fiora,Gnar,Zaahen,Xerath,Jinx,Senna
1892,16.4,NA1_5500302556,1,,Blue,1,Gnar,Kha'Zix,Diana,Kai'Sa,Nautilus,Orianna,Yasuo,Caitlyn,Riven,Rengar,Vayne,Ambessa,Zac,Sivir,Nami
1893,16.4,NA1_5500302556,0,,Red,0,Vayne,Ambessa,Zac,Sivir,Nami,Poppy,Taliyah,Karma,Draven,Jayce,Gnar,Kha'Zix,Diana,Kai'Sa,Nautilus
1894,16.4,NA1_5499533329,0,,Blue,1,Aatrox,Lee Sin,Viktor,Lux,Zoe,Naafiri,Irelia,Rengar,Sivir,Akali,Camille,Vi,Taliyah,Yasuo,Neeko
1895,16.4,NA1_5499533329,1,,Red,0,Camille,Vi,Taliyah,Yasuo,Neeko,Graves,Ambessa,Riven,Sona,,Aatrox,Lee Sin,Viktor,Lux,Zoe
1896,16.4,NA1_5496282384,1,,Blue,1,Fiora,Master Yi,Annie,Aurora,Soraka,Rumble,Azir,Jayce,Nunu & Willump,Ambessa,Jax,Darius,Zoe,Ezreal,Bard
1897,16.4,NA1_5496282384,0,,Red,0,Jax,Darius,Zoe,Ezreal,Bard,Sona,Lux,Poppy,,Rengar,Fiora,Master Yi,Annie,Aurora,Soraka
1898,16.4,NA1_5495723913,1,,Blue,1,Aatrox,Sylas,Galio,Twitch,Bard,Riven,Syndra,Ambessa,Akali,Yasuo,Urgot,Rumble,Smolder,Seraphine,Nautilus
1899,16.4,NA1_5495723913,0,,Red,0,Urgot,Rumble,Smolder,Seraphine,Nautilus,Jax,Diana,Gwen,Sona,Kassadin,Aatrox,Sylas,Galio,Twitch,Bard
1900,16.4,NA1_5496635883,1,,Blue,1,Renekton,Graves,Ahri,Yunara,Lulu,Mel,Jax,Ambessa,Gwen,Malphite,Gnar,Aatrox,Aurora,Twitch,Yuumi
1901,16.4,NA1_5496635883,0,,Red,0,Gnar,Aatrox,Aurora,Twitch,Yuumi,Jayce,Yasuo,,Jax,Riven,Renekton,Graves,Ahri,Yunara,Lulu
1902,16.4,NA1_5501234115,0,,Blue,1,Azir,Graves,Riven,Aphelios,Milio,Pyke,Janna,Nami,Syndra,Renekton,Kled,Diana,Zed,Jinx,Blitzcrank
1903,16.4,NA1_5501234115,1,,Red,0,Kled,Diana,Zed,Jinx,Blitzcrank,,Zac,,Fiora,Zilean,Azir,Graves,Riven,Aphelios,Milio
1904,16.3,NA1_5491967315,1,,Blue,1,Rumble,Master Yi,Orianna,Yasuo,Poppy,,Bel'Veth,Jayce,Qiyana,Kha'Zix,Varus,Kayn,Yone,Ziggs,Leona
1905,16.3,NA1_5491967315,0,,Red,0,Varus,Kayn,Yone,Ziggs,Leona,Jax,Zed,Pyke,Draven,Ambessa,Rumble,Master Yi,Orianna,Yasuo,Poppy
1906,16.3,NA1_5492533777,0,,Blue,1,Ambessa,Master Yi,Anivia,Sivir,Karma,Nautilus,Kha'Zix,Yasuo,Riven,Aphelios,Gnar,Zac,Qiyana,Caitlyn,Bard
1907,16.3,NA1_5492533777,1,,Red,0,Gnar,Zac,Qiyana,Caitlyn,Bard,Kindred,Malphite,LeBlanc,Mel,Draven,Ambessa,Master Yi,Anivia,Sivir,Karma
1908,16.4,NA1_5501485537,1,,Blue,1,Fiora,Sylas,Zed,Xerath,Sion,Riven,Malphite,Bel'Veth,Pyke,Katarina,Kennen,Ekko,Corki,Draven,Thresh
1909,16.4,NA1_5501485537,0,,Red,0,Kennen,Ekko,Corki,Draven,Thresh,Mel,,Teemo,Rengar,Neeko,Fiora,Sylas,Zed,Xerath,Sion
1910,16.4,NA1_5498014791,0,,Blue,1,Renekton,Xin Zhao,Galio,Caitlyn,Morgana,Lucian,Yasuo,,Azir,Riven,Darius,Ambessa,Orianna,Xerath,Karma
1911,16.4,NA1_5498014791,1,,Red,0,Darius,Ambessa,Orianna,Xerath,Karma,Graves,Akshan,Katarina,Jayce,Neeko,Renekton,Xin Zhao,Galio,Caitlyn,Morgana
1912,16.4,NA1_5499147843,1,,Blue,1,Briar,Kha'Zix,Ahri,Xerath,Nautilus,Sona,Shaco,Kai'Sa,Jax,,Malphite,Rek'Sai,Aurora,Caitlyn,Neeko
1913,16.4,NA1_5499147843,0,,Red,0,Malphite,Rek'Sai,Aurora,Caitlyn,Neeko,Ambessa,Draven,Yasuo,Graves,Gangplank,Briar,Kha'Zix,Ahri,Xerath,Nautilus
1914,16.3,NA1_5494914213,0,,Blue,1,Yone,Sylas,Azir,Seraphine,Sona,Katarina,,Jayce,Akali,Riven,Urgot,Udyr,Cho'Gath,Miss Fortune,Blitzcrank
1915,16.3,NA1_5494914213,1,,Red,0,Urgot,Udyr,Cho'Gath,Miss Fortune,Blitzcrank,Ahri,Kha'Zix,Lucian,Fiora,Braum,Yone,Sylas,Azir,Seraphine,Sona
1916,16.4,NA1_5500971161,0,,Blue,1,Graves,Xin Zhao,Anivia,Miss Fortune,Neeko,Zoe,Gwen,Ahri,Nunu & Willump,Rengar,Shen,Jayce,Aurora,Varus,Bard
1917,16.4,NA1_5500971161,1,,Red,0,Shen,Jayce,Aurora,Varus,Bard,Shaco,Rengar,Zaahen,Sivir,Tryndamere,Graves,Xin Zhao,Anivia,Miss Fortune,Neeko
1918,16.3,NA1_5493063342,0,,Blue,1,Jax,Rammus,Graves,Ashe,Anivia,Rumble,Braum,,Zed,Rengar,Kennen,Shaco,Ahri,Corki,Pyke
1919,16.3,NA1_5493063342,1,,Red,0,Kennen,Shaco,Ahri,Corki,Pyke,Aatrox,Gwen,Ambessa,,Lee Sin,Jax,Rammus,Graves,Ashe,Anivia
1920,16.4,NA1_5502430026,1,,Blue,1,Riven,Maokai,Yasuo,Sona,Rell,Azir,Janna,Nautilus,LeBlanc,Zyra,K'Sante,Lee Sin,Viktor,Sivir,Senna
1921,16.4,NA1_5502430026,0,,Red,0,K'Sante,Lee Sin,Viktor,Sivir,Senna,Pyke,Karma,Zoe,Poppy,Zed,Riven,Maokai,Yasuo,Sona,Rell
1922,16.4,NA1_5501027515,0,,Blue,1,Ornn,Jayce,Corki,Lux,Zoe,Rengar,Sona,Shaco,Sivir,Ambessa,Shen,Kindred,Zilean,Sylas,Karma
1923,16.4,NA1_5501027515,1,,Red,0,Shen,Kindred,Zilean,Sylas,Karma,Sivir,Rengar,Yasuo,Tryndamere,Pyke,Ornn,Jayce,Corki,Lux,Zoe
1924,16.3,NA1_5494788636,0,,Blue,1,Dr. Mundo,Kha'Zix,Morgana,Hwei,Janna,Rengar,,Nautilus,Qiyana,Pyke,Gwen,Hecarim,Zoe,Lucian,Blitzcrank
1925,16.3,NA1_5494788636,1,,Red,0,Gwen,Hecarim,Zoe,Lucian,Blitzcrank,,Riven,Talon,,Diana,Dr. Mundo,Kha'Zix,Morgana,Hwei,Janna
1926,16.3,NA1_5493927588,1,,Blue,1,Renekton,Vi,Anivia,Akshan,Poppy,Rengar,Elise,Qiyana,Syndra,Sona,Gnar,Ambessa,Ryze,Xayah,Rakan
1927,16.3,NA1_5493927588,0,,Red,0,Gnar,Ambessa,Ryze,Xayah,Rakan,Rengar,Jayce,Yasuo,Riven,Lux,Renekton,Vi,Anivia,Akshan,Poppy
1928,16.3,NA1_5494429799,0,,Blue,1,Zaahen,Zyra,Sylas,Tristana,Nautilus,Braum,Ambessa,Azir,Qiyana,Rengar,Jax,Jayce,Ahri,Yunara,Renata Glasc
1929,16.3,NA1_5494429799,1,,Red,0,Jax,Jayce,Ahri,Yunara,Renata Glasc,Ambessa,Gwen,Blitzcrank,Sona,Milio,Zaahen,Zyra,Sylas,Tristana,Nautilus
1930,16.4,NA1_5499190637,1,,Blue,1,Renekton,Graves,Ahri,Ezreal,Nidalee,Irelia,Kindred,Sylas,Yasuo,Sona,Sion,Talon,LeBlanc,Lux,Neeko
1931,16.4,NA1_5499190637,0,,Red,0,Sion,Talon,LeBlanc,Lux,Neeko,Pyke,Mel,Ambessa,Gwen,Rumble,Renekton,Graves,Ahri,Ezreal,Nidalee
1932,16.3,NA1_5492903369,1,,Blue,1,Aurora,Ambessa,Akali,Varus,Neeko,Qiyana,Nunu & Willump,,Rengar,Riven,Gwen,Talon,Ryze,Kai'Sa,Rell
1933,16.3,NA1_5492903369,0,,Red,0,Gwen,Talon,Ryze,Kai'Sa,Rell,Mel,Zilean,,,Katarina,Aurora,Ambessa,Akali,Varus,Neeko
1934,16.4,NA1_5500238888,0,,Blue,1,Ambessa,Sylas,Ahri,Aphelios,Pyke,Irelia,Zilean,Rengar,Sona,Riven,Camille,Jayce,Ryze,Yunara,Lulu
1935,16.4,NA1_5500238888,1,,Red,0,Camille,Jayce,Ryze,Yunara,Lulu,Yasuo,,Nunu & Willump,Caitlyn,Jax,Ambessa,Sylas,Ahri,Aphelios,Pyke
1936,16.4,NA1_5499418170,1,,Blue,1,Rumble,Talon,Morgana,Caitlyn,Braum,Bel'Veth,Mel,Riven,Naafiri,Ambessa,Graves,Xin Zhao,Zoe,Jhin,Swain
1937,16.4,NA1_5499418170,0,,Red,0,Graves,Xin Zhao,Zoe,Jhin,Swain,LeBlanc,Sylas,Rengar,Jax,Nunu & Willump,Rumble,Talon,Morgana,Caitlyn,Braum
1938,16.4,NA1_5502553399,1,,Blue,1,Rumble,Graves,Anivia,Kai'Sa,Alistar,Mel,Ahri,Akali,Jayce,Draven,Ornn,Hecarim,Zoe,Vladimir,Leona
1939,16.4,NA1_5502553399,0,,Red,0,Ornn,Hecarim,Zoe,Vladimir,Leona,Kindred,Neeko,Mel,Fiora,Fiddlesticks,Rumble,Graves,Anivia,Kai'Sa,Alistar
1940,16.4,NA1_5497054029,1,,Blue,1,Camille,Lee Sin,Katarina,Brand,Nami,Ziggs,Jax,Jhin,Fiora,Kha'Zix,Sett,Graves,Diana,Ezreal,Seraphine
1941,16.4,NA1_5497054029,0,,Red,0,Sett,Graves,Diana,Ezreal,Seraphine,Gwen,Mel,Riven,Kindred,Yasuo,Camille,Lee Sin,Katarina,Brand,Nami
1942,16.3,NA1_5493183565,1,,Blue,1,Riven,Gwen,Syndra,Jinx,Sona,Zilean,Ambessa,Rumble,,Lux,Fiora,Graves,Azir,Mel,Karma
1943,16.3,NA1_5493183565,0,,Red,0,Fiora,Graves,Azir,Mel,Karma,Leona,Kindred,Qiyana,Ambessa,Kha'Zix,Riven,Gwen,Syndra,Jinx,Sona
1944,16.4,NA1_5498046064,1,,Blue,1,Ambessa,Nocturne,Orianna,Kai'Sa,Blitzcrank,Azir,Bel'Veth,Akshan,,Lucian,Vayne,Kha'Zix,Mel,Yunara,Janna
1945,16.4,NA1_5498046064,0,,Red,0,Vayne,Kha'Zix,Mel,Yunara,Janna,Akshan,Riven,Varus,Lee Sin,Aurora,Ambessa,Nocturne,Orianna,Kai'Sa,Blitzcrank
1946,16.4,NA1_5498719156,1,,Blue,1,Renekton,Lee Sin,Jayce,Mel,Karma,Sona,Rengar,Kha'Zix,Pyke,,Zaahen,Qiyana,Kassadin,Aphelios,Lulu
1947,16.4,NA1_5498719156,0,,Red,0,Zaahen,Qiyana,Kassadin,Aphelios,Lulu,Caitlyn,Malphite,Darius,Yasuo,Bel'Veth,Renekton,Lee Sin,Jayce,Mel,Karma
1948,16.3,NA1_5491999287,0,,Blue,1,Rengar,Zyra,Varus,Kai'Sa,Nautilus,Darius,Jayce,Ambessa,Akali,Ryze,Sion,Kindred,Mel,Ezreal,Rakan
1949,16.3,NA1_5491999287,1,,Red,0,Sion,Kindred,Mel,Ezreal,Rakan,Riven,,,Akali,Zilean,Rengar,Zyra,Varus,Kai'Sa,Nautilus
1950,16.3,NA1_5495110505,1,,Blue,1,Gnar,Rengar,Quinn,Lux,Lee Sin,Sylas,Malphite,Jayce,Gwen,Poppy,Rumble,Kha'Zix,Xerath,Miss Fortune,Seraphine
1951,16.3,NA1_5495110505,0,,Red,0,Rumble,Kha'Zix,Xerath,Miss Fortune,Seraphine,Pyke,Zed,Gwen,Fiora,Graves,Gnar,Rengar,Quinn,Lux,Lee Sin
1952,16.3,NA1_5492355786,1,,Blue,1,Volibear,Naafiri,Kai'Sa,Jinx,Karma,Aphelios,Rengar,Jax,Ambessa,Shaco,Gwen,Brand,Zed,Jhin,Nautilus
1953,16.3,NA1_5492355786,0,,Red,0,Gwen,Brand,Zed,Jhin,Nautilus,Riven,Talon,Sona,Graves,Syndra,Volibear,Naafiri,Kai'Sa,Jinx,Karma
1954,16.3,NA1_5495386565,0,,Blue,1,Riven,Draven,Aurora,Ezreal,Leona,Mel,Nunu & Willump,Jayce,Pyke,Poppy,Kennen,Ambessa,Zed,Yunara,Seraphine
1955,16.3,NA1_5495386565,1,,Red,0,Kennen,Ambessa,Zed,Yunara,Seraphine,Rengar,Lux,Zoe,Jayce,Sivir,Riven,Draven,Aurora,Ezreal,Leona
1956,16.4,NA1_5501354100,1,,Blue,1,Varus,Rek'Sai,Annie,Ornn,Senna,Taliyah,Rengar,Pyke,Yasuo,Jax,Zaahen,Viego,Ekko,Caitlyn,Bard
1957,16.4,NA1_5501354100,0,,Red,0,Zaahen,Viego,Ekko,Caitlyn,Bard,Elise,Gwen,Azir,Rengar,Ambessa,Varus,Rek'Sai,Annie,Ornn,Senna
1958,16.4,NA1_5499178820,1,,Blue,1,Kennen,Ekko,Naafiri,Ashe,Seraphine,Rengar,LeBlanc,Teemo,Soraka,,Varus,Rek'Sai,Zoe,Jhin,Rakan
1959,16.4,NA1_5499178820,0,,Red,0,Varus,Rek'Sai,Zoe,Jhin,Rakan,Yasuo,Azir,Zed,Pyke,Jax,Kennen,Ekko,Naafiri,Ashe,Seraphine
1960,16.4,NA1_5496544131,0,,Blue,1,Gwen,Kindred,Viktor,Samira,Leona,Zed,Jax,Kha'Zix,Pyke,Sona,Aurora,Talon,Irelia,Corki,Nami
1961,16.4,NA1_5496544131,1,,Red,0,Aurora,Talon,Irelia,Corki,Nami,Master Yi,Lee Sin,Akali,Zac,Rengar,Gwen,Kindred,Viktor,Samira,Leona
1962,16.4,NA1_5500383126,0,,Blue,1,Yone,Jayce,Kassadin,Yunara,Pyke,Ambessa,Akali,,Bel'Veth,,Ryze,Dr. Mundo,Qiyana,Tahm Kench,Bard
1963,16.4,NA1_5500383126,1,,Red,0,Ryze,Dr. Mundo,Qiyana,Tahm Kench,Bard,Riven,Anivia,Varus,Ambessa,Bel'Veth,Yone,Jayce,Kassadin,Yunara,Pyke
1964,16.3,NA1_5495127812,1,,Blue,1,Teemo,Lee Sin,Twisted Fate,Varus,Karma,Naafiri,Nautilus,Jayce,Kha'Zix,Ryze,Kennen,Rek'Sai,Akali,Aphelios,Blitzcrank
1965,16.3,NA1_5495127812,0,,Red,0,Kennen,Rek'Sai,Akali,Aphelios,Blitzcrank,Jayce,Riven,Braum,Mel,Yasuo,Teemo,Lee Sin,Twisted Fate,Varus,Karma
1966,16.4,NA1_5500557323,1,,Blue,1,Varus,Vi,Riven,Swain,Senna,Mel,,Yasuo,Aurora,Fiddlesticks,Zaahen,Nocturne,Zoe,Miss Fortune,Seraphine
1967,16.4,NA1_5500557323,0,,Red,0,Zaahen,Nocturne,Zoe,Miss Fortune,Seraphine,Kha'Zix,Hecarim,Akshan,Olaf,Yunara,Varus,Vi,Riven,Swain,Senna
1968,16.4,NA1_5502039365,0,,Blue,1,Varus,Zed,Sylas,Aphelios,Thresh,Malzahar,Aurora,Zoe,Draven,Yasuo,Sion,Graves,Twisted Fate,Vladimir,Nami
1969,16.4,NA1_5502039365,1,,Red,0,Sion,Graves,Twisted Fate,Vladimir,Nami,Anivia,Jayce,Fiora,Draven,Fiddlesticks,Varus,Zed,Sylas,Aphelios,Thresh
1970,16.3,NA1_5492210986,0,,Blue,1,Gangplank,Kha'Zix,Ahri,Ezreal,Karma,Zed,Aphelios,Volibear,Riven,Ambessa,Diana,Zyra,Tristana,Swain,Zilean
1971,16.3,NA1_5492210986,1,,Red,0,Diana,Zyra,Tristana,Swain,Zilean,Sylas,Akali,Urgot,Talon,Yasuo,Gangplank,Kha'Zix,Ahri,Ezreal,Karma
1972,16.4,NA1_5500219796,0,,Blue,1,Azir,Zaahen,Teemo,Tristana,Nautilus,Orianna,Anivia,Nunu & Willump,Jax,Dr. Mundo,Gnar,Ambessa,Ryze,Yunara,Lulu
1973,16.4,NA1_5500219796,1,,Red,0,Gnar,Ambessa,Ryze,Yunara,Lulu,Riven,Rengar,,Seraphine,Yasuo,Azir,Zaahen,Teemo,Tristana,Nautilus
1974,16.3,NA1_5492744064,1,,Blue,1,Garen,Kha'Zix,Galio,Varus,Nami,Pyke,Shaco,Jayce,Darius,Zoe,Nasus,Qiyana,Ziggs,Lux,Bard
1975,16.3,NA1_5492744064,0,,Red,0,Nasus,Qiyana,Ziggs,Lux,Bard,Mel,Pyke,,Rengar,Ambessa,Garen,Kha'Zix,Galio,Varus,Nami
1976,16.4,NA1_5495898696,1,,Blue,1,Kassadin,Graves,Nasus,Varus,Rell,Ambessa,Kindred,Riven,Anivia,Katarina,Singed,Naafiri,Vladimir,Swain,Senna
1977,16.4,NA1_5495898696,0,,Red,0,Singed,Naafiri,Vladimir,Swain,Senna,Sylas,Ezreal,Fiddlesticks,Rek'Sai,Fiora,Kassadin,Graves,Nasus,Varus,Rell
1978,16.4,NA1_5499244757,1,,Blue,1,Zaahen,Zac,Kassadin,Lux,Zoe,Zed,Poppy,Mel,Rengar,Sivir,Cho'Gath,Ambessa,Naafiri,Kai'Sa,Blitzcrank
1979,16.4,NA1_5499244757,0,,Red,0,Cho'Gath,Ambessa,Naafiri,Kai'Sa,Blitzcrank,LeBlanc,Gwen,Fiora,Azir,Poppy,Zaahen,Zac,Kassadin,Lux,Zoe
1980,16.4,NA1_5499439738,1,,Blue,1,Renekton,Vi,Ahri,Ezreal,Elise,Draven,Ekko,Riven,Sona,Ryze,Malphite,Zed,Cassiopeia,Zeri,Lulu
1981,16.4,NA1_5499439738,0,,Red,0,Malphite,Zed,Cassiopeia,Zeri,Lulu,Fiora,,Lux,Yasuo,Bel'Veth,Renekton,Vi,Ahri,Ezreal,Elise
1982,16.4,NA1_5497962777,1,,Blue,1,Ambessa,Vayne,Taliyah,Varus,Nautilus,Viktor,Jayce,,Mel,Camille,Jax,Kha'Zix,Kog'Maw,Yunara,Karma
1983,16.4,NA1_5497962777,0,,Red,0,Jax,Kha'Zix,Kog'Maw,Yunara,Karma,Ashe,Azir,Aurora,Nocturne,Lucian,Ambessa,Vayne,Taliyah,Varus,Nautilus
1984,16.4,NA1_5500484571,1,,Blue,1,Riven,Graves,Camille,Cassiopeia,Thresh,Mel,Karma,Renekton,Ambessa,Rengar,Darius,Kindred,Twisted Fate,Smolder,Anivia
1985,16.4,NA1_5500484571,0,,Red,0,Darius,Kindred,Twisted Fate,Smolder,Anivia,Nautilus,Zed,Braum,Ambessa,Illaoi,Riven,Graves,Camille,Cassiopeia,Thresh
1986,16.4,NA1_5502404989,1,,Blue,1,Fiora,Graves,Hwei,Corki,Nami,Gwen,Akali,Kha'Zix,Zed,Bard,Malphite,Talon,Orianna,Aphelios,Nautilus
1987,16.4,NA1_5502404989,0,,Red,0,Malphite,Talon,Orianna,Aphelios,Nautilus,Varus,Bel'Veth,Sylas,Zoe,Zed,Fiora,Graves,Hwei,Corki,Nami
1988,16.4,NA1_5500186078,1,,Blue,1,Akali,Graves,Teemo,Yunara,Lee Sin,Orianna,Jax,Poppy,Jayce,Ambessa,Yorick,Viego,Ahri,Swain,Annie
1989,16.4,NA1_5500186078,0,,Red,0,Yorick,Viego,Ahri,Swain,Annie,Riven,Rengar,Ambessa,Yasuo,Karma,Akali,Graves,Teemo,Yunara,Lee Sin
1990,16.4,NA1_5502153880,1,,Blue,1,Malphite,Kindred,Neeko,Draven,Nami,Akshan,,Lissandra,Sylas,Braum,Ornn,Ambessa,Syndra,Seraphine,Alistar
1991,16.4,NA1_5502153880,0,,Red,0,Ornn,Ambessa,Syndra,Seraphine,Alistar,Riven,Gwen,Pyke,Poppy,Jax,Malphite,Kindred,Neeko,Draven,Nami
1992,16.4,NA1_5500245570,1,,Blue,1,Akali,Udyr,Zeri,Corki,Nami,Graves,Ambessa,,Draven,Nunu & Willump,Kayle,Zaahen,Anivia,Aphelios,Neeko
1993,16.4,NA1_5500245570,0,,Red,0,Kayle,Zaahen,Anivia,Aphelios,Neeko,Jax,Ahri,Pyke,Graves,Ezreal,Akali,Udyr,Zeri,Corki,Nami
1994,16.3,NA1_5492952703,0,,Blue,1,Singed,Malphite,Nasus,Senna,Blitzcrank,Talon,Swain,Fiora,Zed,Lux,Jayce,Rumble,Anivia,Varus,Thresh
1995,16.3,NA1_5492952703,1,,Red,0,Jayce,Rumble,Anivia,Varus,Thresh,,Syndra,Sylas,Talon,Irelia,Singed,Malphite,Nasus,Senna,Blitzcrank
1996,16.4,NA1_5499861489,0,,Blue,1,Cho'Gath,Udyr,Yone,Ashe,Nautilus,Aatrox,Graves,Akali,Kha'Zix,Sona,Smolder,Ambessa,Heimerdinger,Ahri,Blitzcrank
1997,16.4,NA1_5499861489,1,,Red,0,Smolder,Ambessa,Heimerdinger,Ahri,Blitzcrank,Rengar,Poppy,Jayce,Akali,Mel,Cho'Gath,Udyr,Yone,Ashe,Nautilus
1998,16.4,NA1_5500177216,1,,Blue,1,Rumble,Ambessa,Ahri,Xayah,Elise,Irelia,Naafiri,Rengar,Akshan,Nunu & Willump,Aurora,Kha'Zix,Zoe,Ashe,Nidalee
1999,16.4,NA1_5500177216,0,,Red,0,Aurora,Kha'Zix,Zoe,Ashe,Nidalee,,Sona,Jayce,Riven,Sylas,Rumble,Ambessa,Ahri,Xayah,Elise
2000,16.4,NA1_5501914700,1,,Blue,1,Fiora,Udyr,Azir,Draven,Janna,Ambessa,Viktor,Varus,Aurora,Nautilus,Tryndamere,Rek'Sai,Hwei,Kai'Sa,Leona
2001,16.4,NA1_5501914700,0,,Red,0,Tryndamere,Rek'Sai,Hwei,Kai'Sa,Leona,Yasuo,Pyke,,Zed,Jax,Fiora,Udyr,Azir,Draven,Janna
2002,16.4,NA1_5497077937,1,,Blue,1,Jayce,Naafiri,Sylas,Caitlyn,Poppy,Ambessa,Bel'Veth,Heimerdinger,,Gwen,Mordekaiser,Graves,Ahri,Yunara,Nautilus
2003,16.4,NA1_5497077937,0,,Red,0,Mordekaiser,Graves,Ahri,Yunara,Nautilus,Nunu & Willump,Sona,Draven,Vladimir,Akali,Jayce,Naafiri,Sylas,Caitlyn,Poppy
2004,16.4,NA1_5497283184,0,,Blue,1,Fiora,Shaco,Malphite,Kai'Sa,Rakan,Graves,Poppy,Aphelios,Sylas,Katarina,Riven,Hecarim,Zed,Hwei,Lux
2005,16.4,NA1_5497283184,1,,Red,0,Riven,Hecarim,Zed,Hwei,Lux,Ambessa,Yasuo,Sivir,Kindred,Renekton,Fiora,Shaco,Malphite,Kai'Sa,Rakan
2006,16.4,NA1_5500707505,0,,Blue,1,Irelia,Ambessa,Mel,Corki,Rakan,LeBlanc,Sona,Riven,Shaco,Draven,Rengar,Jarvan IV,Aurelion Sol,Swain,Soraka
2007,16.4,NA1_5500707505,1,,Red,0,Rengar,Jarvan IV,Aurelion Sol,Swain,Soraka,Vladimir,Gwen,Pyke,Yunara,Darius,Irelia,Ambessa,Mel,Corki,Rakan
2008,16.4,NA1_5498953922,1,,Blue,1,Sion,Maokai,Syndra,Samira,Amumu,Zed,,Jayce,Riven,Rammus,Vel'Koz,Rek'Sai,Galio,Ashe,Zilean
2009,16.4,NA1_5498953922,0,,Red,0,Vel'Koz,Rek'Sai,Galio,Ashe,Zilean,Akshan,Gwen,Nautilus,Pyke,Katarina,Sion,Maokai,Syndra,Samira,Amumu
2010,16.3,NA1_5495181478,1,,Blue,1,Azir,Jarvan IV,Ahri,Varus,Rakan,Akali,,Ambessa,Jayce,Riven,Rumble,Shaco,Taliyah,Kled,Bard
2011,16.3,NA1_5495181478,0,,Red,0,Rumble,Shaco,Taliyah,Kled,Bard,Nunu & Willump,Draven,Gwen,Irelia,Akali,Azir,Jarvan IV,Ahri,Varus,Rakan
2012,16.4,NA1_5496480514,0,,Blue,1,Jayce,Talon,Kayle,Corki,Nami,Sona,Malphite,Nautilus,Akali,Rengar,Jax,Kha'Zix,Mel,Tristana,Yuumi
2013,16.4,NA1_5496480514,1,,Red,0,Jax,Kha'Zix,Mel,Tristana,Yuumi,Rengar,Yasuo,Shaco,Nautilus,,Jayce,Talon,Kayle,Corki,Nami
2014,16.4,NA1_5498945331,0,,Blue,1,Renekton,Aatrox,Ekko,Caitlyn,Lux,Graves,Varus,Vladimir,Qiyana,Lee Sin,Teemo,Riven,Yasuo,Jhin,Annie
2015,16.4,NA1_5498945331,1,,Red,0,Teemo,Riven,Yasuo,Jhin,Annie,Akali,Sona,Vi,Jax,Graves,Renekton,Aatrox,Ekko,Caitlyn,Lux
2016,16.4,NA1_5501737163,1,,Blue,1,Tryndamere,Fiddlesticks,Riven,Jinx,Pyke,Galio,Rengar,Kindred,Azir,Malphite,Irelia,Viego,Zoe,Yunara,Karma
2017,16.4,NA1_5501737163,0,,Red,0,Irelia,Viego,Zoe,Yunara,Karma,,Rengar,Neeko,,Jax,Tryndamere,Fiddlesticks,Riven,Jinx,Pyke
2018,16.4,NA1_5502251199,0,,Blue,1,Zaahen,Hecarim,Aurora,Sivir,Yuumi,,Poppy,Pyke,Zed,Vayne,Kayle,Talon,Sion,Yunara,Maokai
2019,16.4,NA1_5502251199,1,,Red,0,Kayle,Talon,Sion,Yunara,Maokai,Yone,Draven,Lee Sin,Azir,Pyke,Zaahen,Hecarim,Aurora,Sivir,Yuumi
2020,16.4,NA1_5502346002,0,,Blue,1,Sion,Hecarim,Zoe,Veigar,Blitzcrank,Yasuo,Braum,Shaco,,Kindred,Yone,Jarvan IV,Taliyah,Miss Fortune,Alistar
2021,16.4,NA1_5502346002,1,,Red,0,Yone,Jarvan IV,Taliyah,Miss Fortune,Alistar,Pyke,Vladimir,Lux,Orianna,,Sion,Hecarim,Zoe,Veigar,Blitzcrank
2022,16.4,NA1_5497032824,0,,Blue,1,Zaahen,Ambessa,Malzahar,Ezreal,Sona,Alistar,Yunara,Rengar,Jayce,Viktor,Aurora,Diana,Camille,Corki,Nautilus
2023,16.4,NA1_5497032824,1,,Red,0,Aurora,Diana,Camille,Corki,Nautilus,Mel,Ashe,Rengar,Ahri,Riven,Zaahen,Ambessa,Malzahar,Ezreal,Sona
2024,16.4,NA1_5501706174,1,,Blue,1,Aatrox,Graves,Akali,Mel,Trundle,Naafiri,Sivir,Fizz,,Varus,Sion,Ambessa,Orianna,Jhin,Bard
2025,16.4,NA1_5501706174,0,,Red,0,Sion,Ambessa,Orianna,Jhin,Bard,Lux,Poppy,Rengar,Kha'Zix,Nunu & Willump,Aatrox,Graves,Akali,Mel,Trundle
2026,16.4,NA1_5501344952,1,,Blue,1,Ambessa,Hecarim,Viktor,Xayah,Rakan,Nunu & Willump,Zed,Akali,Naafiri,Rengar,Jayce,Volibear,Yone,Kai'Sa,Maokai
2027,16.4,NA1_5501344952,0,,Red,0,Jayce,Volibear,Yone,Kai'Sa,Maokai,,Akali,Syndra,Bel'Veth,Lulu,Ambessa,Hecarim,Viktor,Xayah,Rakan
2028,16.4,NA1_5499262291,1,,Blue,1,Ornn,Naafiri,Syndra,Kog'Maw,Senna,Taliyah,Zed,Jax,Ambessa,Pyke,K'Sante,Teemo,Irelia,Lux,Bard
2029,16.4,NA1_5499262291,0,,Red,0,K'Sante,Teemo,Irelia,Lux,Bard,Zoe,Gwen,Yasuo,Varus,Kled,Ornn,Naafiri,Syndra,Kog'Maw,Senna
2030,16.4,NA1_5498066205,0,,Blue,1,Mordekaiser,Kha'Zix,Ryze,Draven,Nautilus,Braum,Vayne,Rengar,Elise,Akali,Jayce,Ambessa,Cassiopeia,Xayah,Maokai
2031,16.4,NA1_5498066205,1,,Red,0,Jayce,Ambessa,Cassiopeia,Xayah,Maokai,Bel'Veth,Malphite,Diana,Karthus,Samira,Mordekaiser,Kha'Zix,Ryze,Draven,Nautilus
2032,16.4,NA1_5495896828,1,,Blue,1,Aatrox,Lee Sin,Zoe,Ezreal,Nami,,Draven,Akshan,Rengar,Pyke,Irelia,Jayce,Orianna,Qiyana,Alistar
2033,16.4,NA1_5495896828,0,,Red,0,Irelia,Jayce,Orianna,Qiyana,Alistar,Ambessa,Vladimir,Sylas,Braum,Fiddlesticks,Aatrox,Lee Sin,Zoe,Ezreal,Nami
2034,16.4,NA1_5500341688,0,,Blue,1,Graves,Vayne,Vladimir,Mel,Janna,Pyke,Akshan,Nunu & Willump,Twisted Fate,Blitzcrank,Gnar,Karthus,Corki,Yasuo,Ornn
2035,16.4,NA1_5500341688,1,,Red,0,Gnar,Karthus,Corki,Yasuo,Ornn,Kha'Zix,Riven,Alistar,Karma,Orianna,Graves,Vayne,Vladimir,Mel,Janna
2036,16.4,NA1_5501912590,0,,Blue,1,Jax,Dr. Mundo,Syndra,Varus,Blitzcrank,Riven,Udyr,Gwen,Ezreal,Yasuo,Renekton,Graves,Azir,Lucian,Milio
2037,16.4,NA1_5501912590,1,,Red,0,Renekton,Graves,Azir,Lucian,Milio,Qiyana,Anivia,Ekko,Udyr,Kha'Zix,Jax,Dr. Mundo,Syndra,Varus,Blitzcrank
2038,16.4,NA1_5501353567,1,,Blue,1,Kayle,Lee Sin,Qiyana,Lux,Neeko,Bel'Veth,Jax,Zoe,Pyke,Yasuo,Pantheon,Ambessa,Viego,Seraphine,Xerath
2039,16.4,NA1_5501353567,0,,Red,0,Pantheon,Ambessa,Viego,Seraphine,Xerath,Bel'Veth,Lucian,Syndra,Ezreal,Kha'Zix,Kayle,Lee Sin,Qiyana,Lux,Neeko
2040,16.3,NA1_5493668278,1,,Blue,1,K'Sante,Jayce,Cassiopeia,Ziggs,Sona,Fiora,Riven,Sivir,Akali,Kindred,Volibear,Tryndamere,Sylas,Yunara,Yuumi
2041,16.3,NA1_5493668278,0,,Red,0,Volibear,Tryndamere,Sylas,Yunara,Yuumi,Gangplank,Lux,Gwen,Zoe,Jax,K'Sante,Jayce,Cassiopeia,Ziggs,Sona
2042,16.4,NA1_5498424042,1,,Blue,1,Aatrox,Jayce,Neeko,Lux,Seraphine,Karma,Mel,Bel'Veth,Braum,Irelia,Jax,Graves,Sivir,Hwei,Alistar
2043,16.4,NA1_5498424042,0,,Red,0,Jax,Graves,Sivir,Hwei,Alistar,Draven,Ambessa,Riven,Shaco,Akali,Aatrox,Jayce,Neeko,Lux,Seraphine
2044,16.3,NA1_5493928025,0,,Blue,1,Kayle,Shaco,Talon,Kai'Sa,Pyke,Jax,Bel'Veth,Caitlyn,Yasuo,Braum,Akali,Ambessa,LeBlanc,Yunara,Nami
2045,16.3,NA1_5493928025,1,,Red,0,Akali,Ambessa,LeBlanc,Yunara,Nami,Sona,Draven,Syndra,Rengar,Renekton,Kayle,Shaco,Talon,Kai'Sa,Pyke
2046,16.3,NA1_5493606550,1,,Blue,1,Gwen,Bel'Veth,Ahri,Yunara,Lulu,Jax,Rumble,Vladimir,Shyvana,Ambessa,Fiora,Zaahen,Viktor,Lucian,Bard
2047,16.3,NA1_5493606550,0,,Red,0,Fiora,Zaahen,Viktor,Lucian,Bard,Varus,Jayce,Nunu & Willump,Akali,Syndra,Gwen,Bel'Veth,Ahri,Yunara,Lulu
2048,16.3,NA1_5493562871,1,,Blue,1,Varus,Qiyana,Galio,Jhin,Heimerdinger,Kha'Zix,Vladimir,Syndra,Ambessa,Pyke,Kled,Teemo,Aurora,Aphelios,Leona
2049,16.3,NA1_5493562871,0,,Red,0,Kled,Teemo,Aurora,Aphelios,Leona,Kha'Zix,Syndra,Zaahen,Nami,Vayne,Varus,Qiyana,Galio,Jhin,Heimerdinger
2050,16.4,NA1_5501951052,1,,Blue,1,Zaahen,Brand,Galio,Varus,Blitzcrank,Rengar,Talon,Mel,Yuumi,,Olaf,Zac,Sylas,Draven,Leona
2051,16.4,NA1_5501951052,0,,Red,0,Olaf,Zac,Sylas,Draven,Leona,Zed,Gwen,Graves,Zoe,Jax,Zaahen,Brand,Galio,Varus,Blitzcrank
2052,16.3,NA1_5491897773,0,,Blue,1,Fiora,Nidalee,Zoe,Kai'Sa,Nautilus,Gwen,Jax,Riven,Rengar,Aurelion Sol,Rumble,Kha'Zix,Pantheon,Seraphine,Bard
2053,16.3,NA1_5491897773,1,,Red,0,Rumble,Kha'Zix,Pantheon,Seraphine,Bard,Naafiri,Quinn,Azir,Sivir,Zilean,Fiora,Nidalee,Zoe,Kai'Sa,Nautilus
2054,16.4,NA1_5501908039,1,,Blue,1,Tahm Kench,Talon,Ahri,Yunara,Alistar,Yasuo,Rengar,Draven,,Gwen,Varus,Viego,Zilean,Aphelios,Soraka
2055,16.4,NA1_5501908039,0,,Red,0,Varus,Viego,Zilean,Aphelios,Soraka,Aurora,Anivia,Bel'Veth,Zed,Rengar,Tahm Kench,Talon,Ahri,Yunara,Alistar
2056,16.4,NA1_5499043907,1,,Blue,1,Varus,Jarvan IV,Galio,Morgana,Senna,Anivia,Pyke,Kha'Zix,Jax,Sivir,Vladimir,Shaco,Viktor,Samira,Thresh
2057,16.4,NA1_5499043907,0,,Red,0,Vladimir,Shaco,Viktor,Samira,Thresh,,Fiora,Alistar,Milio,Graves,Varus,Jarvan IV,Galio,Morgana,Senna
2058,16.4,NA1_5500739211,0,,Blue,1,Gwen,Rengar,Yone,Jhin,Nautilus,Graves,Akali,Jarvan IV,Draven,Fiora,Dr. Mundo,Sion,Zaahen,Swain,Pyke
2059,16.4,NA1_5500739211,1,,Red,0,Dr. Mundo,Sion,Zaahen,Swain,Pyke,Jarvan IV,,Akali,Syndra,Elise,Gwen,Rengar,Yone,Jhin,Nautilus
2060,16.3,NA1_5493068077,0,,Blue,1,Zoe,Maokai,Pantheon,Aphelios,Lulu,Nunu & Willump,Fiora,Rengar,Varus,Zilean,Aurora,Evelynn,Qiyana,Yunara,Nami
2061,16.3,NA1_5493068077,1,,Red,0,Aurora,Evelynn,Qiyana,Yunara,Nami,Draven,LeBlanc,Pyke,Diana,Riven,Zoe,Maokai,Pantheon,Aphelios,Lulu
2062,16.4,NA1_5496957056,1,,Blue,1,Rumble,Talon,Naafiri,Swain,Nami,Nunu & Willump,Samira,Draven,Riven,Rengar,Azir,Graves,Syndra,Aphelios,Alistar
2063,16.4,NA1_5496957056,0,,Red,0,Azir,Graves,Syndra,Aphelios,Alistar,Bel'Veth,Nunu & Willump,Ambessa,Draven,Zed,Rumble,Talon,Naafiri,Swain,Nami
2064,16.4,NA1_5499867102,0,,Blue,1,Renekton,Rengar,Galio,Xerath,Nami,Kai'Sa,Riven,Graves,Nautilus,Akshan,Cho'Gath,Talon,Fizz,Corki,Bard
2065,16.4,NA1_5499867102,1,,Red,0,Cho'Gath,Talon,Fizz,Corki,Bard,Lee Sin,Ambessa,Rumble,Gwen,Ezreal,Renekton,Rengar,Galio,Xerath,Nami
2066,16.4,NA1_5499146416,0,,Blue,1,Tahm Kench,Kha'Zix,Ryze,Yunara,Nautilus,Qiyana,Zoe,Jax,Aurora,Ambessa,Graves,Dr. Mundo,Vladimir,Corki,Neeko
2067,16.4,NA1_5499146416,1,,Red,0,Graves,Dr. Mundo,Vladimir,Corki,Neeko,Nunu & Willump,Aurora,Qiyana,Ambessa,Pyke,Tahm Kench,Kha'Zix,Ryze,Yunara,Nautilus
2068,16.3,NA1_5492042231,1,,Blue,1,Olaf,Kha'Zix,Akali,Yunara,Sona,Fiora,Jayce,Rengar,Pyke,Viktor,Akshan,Kayn,Xerath,Lux,Nami
2069,16.3,NA1_5492042231,0,,Red,0,Akshan,Kayn,Xerath,Lux,Nami,Ambessa,Karma,Katarina,Yasuo,Pyke,Olaf,Kha'Zix,Akali,Yunara,Sona
2070,16.4,NA1_5497441911,1,,Blue,1,Riven,Zed,Viktor,Lucian,Nami,Draven,Renekton,Pyke,Kha'Zix,Vladimir,Garen,Graves,Sion,Hwei,Sona
2071,16.4,NA1_5497441911,0,,Red,0,Garen,Graves,Sion,Hwei,Sona,Galio,Nautilus,Fiora,Syndra,Ambessa,Riven,Zed,Viktor,Lucian,Nami
2072,16.4,NA1_5498342023,0,,Blue,1,K'Sante,Zaahen,Orianna,Kog'Maw,Sona,Bel'Veth,Pyke,Malphite,Lux,Ambessa,Zed,Udyr,Syndra,Xayah,Senna
2073,16.4,NA1_5498342023,1,,Red,0,Zed,Udyr,Syndra,Xayah,Senna,Draven,Akali,,Pyke,Jax,K'Sante,Zaahen,Orianna,Kog'Maw,Sona
2074,16.4,NA1_5502354646,1,,Blue,1,Volibear,Graves,Zoe,Yunara,Thresh,Jayce,Neeko,Jax,Nami,Akshan,Rek'Sai,Ambessa,Veigar,Kai'Sa,Rell
2075,16.4,NA1_5502354646,0,,Red,0,Rek'Sai,Ambessa,Veigar,Kai'Sa,Rell,Mel,Rengar,Kassadin,Tryndamere,Janna,Volibear,Graves,Zoe,Yunara,Thresh
2076,16.4,NA1_5499776287,1,,Blue,1,Neeko,Nidalee,Kayle,Jhin,Bard,Master Yi,Irelia,Graves,Ambessa,Jax,Vladimir,Sylas,Yasuo,Ashe,Rakan
2077,16.4,NA1_5499776287,0,,Red,0,Vladimir,Sylas,Yasuo,Ashe,Rakan,Nasus,Ambessa,Gwen,Katarina,Akali,Neeko,Nidalee,Kayle,Jhin,Bard
2078,16.3,NA1_5492673382,1,,Blue,1,Zed,Volibear,Syndra,Corki,Nami,LeBlanc,Malphite,Yasuo,Zaahen,Rengar,Nasus,Nunu & Willump,Veigar,Caitlyn,Brand
2079,16.3,NA1_5492673382,0,,Red,0,Nasus,Nunu & Willump,Veigar,Caitlyn,Brand,Gwen,Ambessa,Rengar,Riven,LeBlanc,Zed,Volibear,Syndra,Corki,Nami
2080,16.4,NA1_5497111463,0,,Blue,1,Renekton,Graves,Taliyah,Senna,Leona,Kindred,Rengar,Akali,Bel'Veth,Riven,Kayle,Dr. Mundo,Ezreal,Smolder,Sona
2081,16.4,NA1_5497111463,1,,Red,0,Kayle,Dr. Mundo,Ezreal,Smolder,Sona,Ambessa,Jayce,Rengar,Shaco,Pyke,Renekton,Graves,Taliyah,Senna,Leona
2082,16.4,NA1_5499723575,1,,Blue,1,Riven,Xin Zhao,Hwei,Mel,Neeko,Syndra,Pyke,Jayce,Ezreal,Lee Sin,Ambessa,Jarvan IV,Aurelion Sol,Yunara,Bard
2083,16.4,NA1_5499723575,0,,Red,0,Ambessa,Jarvan IV,Aurelion Sol,Yunara,Bard,Irelia,Zoe,Aurora,Naafiri,Twitch,Riven,Xin Zhao,Hwei,Mel,Neeko
2084,16.3,NA1_5494847777,0,,Blue,1,Renekton,Lee Sin,Katarina,Ezreal,Alistar,Vladimir,Shaco,,Rumble,,Zoe,Hecarim,Syndra,Zeri,Janna
2085,16.3,NA1_5494847777,1,,Red,0,Zoe,Hecarim,Syndra,Zeri,Janna,Gangplank,Pyke,Talon,Viktor,Nautilus,Renekton,Lee Sin,Katarina,Ezreal,Alistar
2086,16.3,NA1_5492108222,1,,Blue,1,Gwen,Qiyana,Ryze,Jhin,Janna,Senna,Ziggs,Riven,Rengar,Yasuo,Singed,Kayn,Akshan,Mel,Blitzcrank
2087,16.3,NA1_5492108222,0,,Red,0,Singed,Kayn,Akshan,Mel,Blitzcrank,,Ambessa,Jayce,Bel'Veth,Varus,Gwen,Qiyana,Ryze,Jhin,Janna
2088,16.3,NA1_5495601641,0,,Blue,1,Zaahen,Graves,Aurora,Yunara,Nami,Corki,Blitzcrank,Akshan,Jayce,Kled,Viego,Dr. Mundo,Lissandra,Aphelios,Lulu
2089,16.3,NA1_5495601641,1,,Red,0,Viego,Dr. Mundo,Lissandra,Aphelios,Lulu,Gwen,,Riven,Varus,Kha'Zix,Zaahen,Graves,Aurora,Yunara,Nami
2090,16.4,NA1_5500610081,0,,Blue,1,Graves,Wukong,Kassadin,Varus,Janna,Jax,Zed,Rengar,Nunu & Willump,Sona,Singed,Vayne,Ambessa,Lux,Zoe
2091,16.4,NA1_5500610081,1,,Red,0,Singed,Vayne,Ambessa,Lux,Zoe,,Sivir,Rengar,Rumble,Jayce,Graves,Wukong,Kassadin,Varus,Janna
2092,16.4,NA1_5496032147,1,,Blue,1,Rumble,Lee Sin,Annie,Lucian,Rell,Ambessa,Nunu & Willump,Riven,Zaahen,Caitlyn,Ryze,Kha'Zix,Vex,Yunara,Lulu
2093,16.4,NA1_5496032147,0,,Red,0,Ryze,Kha'Zix,Vex,Yunara,Lulu,Fiora,Rengar,LeBlanc,Nautilus,Sion,Rumble,Lee Sin,Annie,Lucian,Rell
2094,16.4,NA1_5500379250,0,,Blue,1,Zaahen,Jarvan IV,Ekko,Lucian,Braum,Aphelios,Malphite,Akshan,Graves,Vladimir,Nasus,Kayn,Syndra,Miss Fortune,Taric
2095,16.4,NA1_5500379250,1,,Red,0,Nasus,Kayn,Syndra,Miss Fortune,Taric,Bel'Veth,Mel,Pyke,Kha'Zix,Ambessa,Zaahen,Jarvan IV,Ekko,Lucian,Braum
2096,16.3,NA1_5495163635,0,,Blue,1,Aatrox,Master Yi,Akali,Yunara,Lulu,Riven,,Ambessa,Darius,Aurora,Jayce,Xin Zhao,Azir,Ziggs,Sona
2097,16.3,NA1_5495163635,1,,Red,0,Jayce,Xin Zhao,Azir,Ziggs,Sona,Rengar,,Ambessa,Nunu & Willump,Sivir,Aatrox,Master Yi,Akali,Yunara,Lulu
2098,16.3,NA1_5493547595,1,,Blue,1,K'Sante,Kha'Zix,Irelia,Varus,Vel'Koz,Bel'Veth,Yasuo,Gwen,,Sona,Volibear,Jayce,Viktor,Mel,Lux
2099,16.3,NA1_5493547595,0,,Red,0,Volibear,Jayce,Viktor,Mel,Lux,Sivir,Naafiri,Akali,Rengar,Urgot,K'Sante,Kha'Zix,Irelia,Varus,Vel'Koz
2100,16.4,NA1_5502449803,0,,Blue,1,Kayle,Vayne,Heimerdinger,Smolder,Yuumi,Blitzcrank,Jax,Mel,Shen,Viktor,Renekton,Naafiri,Orianna,Yunara,Camille
2101,16.4,NA1_5502449803,1,,Red,0,Renekton,Naafiri,Orianna,Yunara,Camille,Katarina,Shaco,Riven,Janna,Caitlyn,Kayle,Vayne,Heimerdinger,Smolder,Yuumi
2102,16.4,NA1_5502005098,0,,Blue,1,Ambessa,Xin Zhao,Cassiopeia,Varus,Bard,Ahri,Udyr,Gwen,Akali,Azir,Yorick,Pantheon,Sylas,Mel,Pyke
2103,16.4,NA1_5502005098,1,,Red,0,Yorick,Pantheon,Sylas,Mel,Pyke,Anivia,Swain,Yasuo,Master Yi,Irelia,Ambessa,Xin Zhao,Cassiopeia,Varus,Bard
2104,16.4,NA1_5498987705,0,,Blue,1,Gragas,Ivern,Yasuo,Ezreal,Nautilus,Mel,Gwen,LeBlanc,Nasus,Akali,Gangplank,Graves,Jax,Veigar,Poppy
2105,16.4,NA1_5498987705,1,,Red,0,Gangplank,Graves,Jax,Veigar,Poppy,Ambessa,,Rengar,,Kindred,Gragas,Ivern,Yasuo,Ezreal,Nautilus
2106,16.3,NA1_5491861508,1,,Blue,1,Zaahen,Shaco,Yone,Ziggs,Sona,Diana,Riven,Sivir,Jayce,Akali,Ambessa,Shyvana,Morgana,Jinx,Yuumi
2107,16.3,NA1_5491861508,0,,Red,0,Ambessa,Shyvana,Morgana,Jinx,Yuumi,Riven,Gwen,Renekton,,Urgot,Zaahen,Shaco,Yone,Ziggs,Sona
2108,16.3,NA1_5493869051,1,,Blue,1,Gangplank,Brand,Kled,Yunara,Bard,,Pyke,Azir,Draven,Zed,Shen,Rengar,Sylas,Aphelios,Rakan
2109,16.3,NA1_5493869051,0,,Red,0,Shen,Rengar,Sylas,Aphelios,Rakan,Gwen,Ryze,Poppy,Diana,Akali,Gangplank,Brand,Kled,Yunara,Bard
2110,16.3,NA1_5491797043,1,,Blue,1,Nasus,Udyr,Aurelion Sol,Yunara,Nami,Ahri,Bard,Nunu & Willump,Yasuo,Ambessa,Yone,Hecarim,Orianna,Corki,Seraphine
2111,16.3,NA1_5491797043,0,,Red,0,Yone,Hecarim,Orianna,Corki,Seraphine,Braum,LeBlanc,Qiyana,Katarina,Kha'Zix,Nasus,Udyr,Aurelion Sol,Yunara,Nami
2112,16.4,NA1_5502053846,1,,Blue,1,Renekton,Zac,Anivia,Vladimir,Swain,Ambessa,Sylas,Fiddlesticks,Zoe,Gwen,Fiora,Graves,Ryze,Cassiopeia,Alistar
2113,16.4,NA1_5502053846,0,,Red,0,Fiora,Graves,Ryze,Cassiopeia,Alistar,Nunu & Willump,,Yasuo,Jax,Kha'Zix,Renekton,Zac,Anivia,Vladimir,Swain
2114,16.3,NA1_5493105550,0,,Blue,1,Riven,Kindred,Talon,Kai'Sa,Karma,Lux,Zoe,Rumble,Zilean,,Shen,Gwen,Ryze,Ezreal,Poppy
2115,16.3,NA1_5493105550,1,,Red,0,Shen,Gwen,Ryze,Ezreal,Poppy,Sona,Varus,Ambessa,Shaco,Mel,Riven,Kindred,Talon,Kai'Sa,Karma
2116,16.4,NA1_5497761177,1,,Blue,1,Sion,Graves,Sylas,Ashe,Sona,Master Yi,Nautilus,Blitzcrank,Talon,Akali,Zaahen,Fizz,Qiyana,Ziggs,Rell
2117,16.4,NA1_5497761177,0,,Red,0,Zaahen,Fizz,Qiyana,Ziggs,Rell,Darius,Ryze,Shaco,,Aphelios,Sion,Graves,Sylas,Ashe,Sona
2118,16.4,NA1_5501714797,0,,Blue,1,Ornn,Pantheon,Rumble,Yunara,Nautilus,Qiyana,Rengar,Varus,Akali,Riven,K'Sante,Jarvan IV,Viktor,Corki,Nami
2119,16.4,NA1_5501714797,1,,Red,0,K'Sante,Jarvan IV,Viktor,Corki,Nami,Zoe,Draven,Sona,Riven,Rengar,Ornn,Pantheon,Rumble,Yunara,Nautilus
2120,16.3,NA1_5494480469,1,,Blue,1,Trundle,Ambessa,Sylas,Varus,Anivia,Draven,Braum,Yasuo,Riven,Taliyah,Ornn,Graves,Syndra,Yunara,Neeko
2121,16.3,NA1_5494480469,0,,Red,0,Ornn,Graves,Syndra,Yunara,Neeko,Caitlyn,Rengar,Zoe,Fiora,Braum,Trundle,Ambessa,Sylas,Varus,Anivia
2122,16.4,NA1_5500600305,0,,Blue,1,Yorick,Nunu & Willump,Orianna,Samira,Ambessa,Nautilus,Aatrox,Varus,Draven,Bel'Veth,Zaahen,Rengar,Zoe,Xayah,Janna
2123,16.4,NA1_5500600305,1,,Red,0,Zaahen,Rengar,Zoe,Xayah,Janna,Malphite,Kayle,Graves,Zed,Draven,Yorick,Nunu & Willump,Orianna,Samira,Ambessa
2124,16.3,NA1_5493130842,1,,Blue,1,Sejuani,Ambessa,Orianna,Varus,Alistar,Riven,Lux,Jayce,Rengar,Draven,Vayne,Talon,Katarina,Seraphine,Nautilus
2125,16.3,NA1_5493130842,0,,Red,0,Vayne,Talon,Katarina,Seraphine,Nautilus,Nunu & Willump,Rengar,Riven,Vladimir,Draven,Sejuani,Ambessa,Orianna,Varus,Alistar
2126,16.3,NA1_5495143146,1,,Blue,1,Varus,Hecarim,Lux,Xerath,Karma,Ambessa,,Kai'Sa,Gragas,Gwen,Aurora,Nocturne,Syndra,Sivir,Morgana
2127,16.3,NA1_5495143146,0,,Red,0,Aurora,Nocturne,Syndra,Sivir,Morgana,Qiyana,Kha'Zix,,Akshan,Nautilus,Varus,Hecarim,Lux,Xerath,Karma
2128,16.4,NA1_5500704283,0,,Blue,1,Nocturne,Talon,Galio,Vayne,Poppy,Rengar,Seraphine,Zoe,Fiora,Ambessa,Volibear,Jayce,Zac,Swain,Alistar
2129,16.4,NA1_5500704283,1,,Red,0,Volibear,Jayce,Zac,Swain,Alistar,Kindred,Neeko,Jax,Karma,Bel'Veth,Nocturne,Talon,Galio,Vayne,Poppy
2130,16.4,NA1_5499354218,1,,Blue,1,Ambessa,Jayce,Mel,Vladimir,Zilean,Riven,Fiddlesticks,,Bel'Veth,Sona,Irelia,Nidalee,Xerath,Aphelios,Thresh
2131,16.4,NA1_5499354218,0,,Red,0,Irelia,Nidalee,Xerath,Aphelios,Thresh,Jax,,Syndra,Lux,Tryndamere,Ambessa,Jayce,Mel,Vladimir,Zilean
2132,16.4,NA1_5498261842,0,,Blue,1,Tryndamere,Jarvan IV,Cho'Gath,Jinx,Lulu,Hecarim,Riven,Braum,Jayce,Malphite,Sion,Briar,Aurelion Sol,Kalista,Renata Glasc
2133,16.4,NA1_5498261842,1,,Red,0,Sion,Briar,Aurelion Sol,Kalista,Renata Glasc,Zoe,,Shaco,Poppy,Viego,Tryndamere,Jarvan IV,Cho'Gath,Jinx,Lulu
2134,16.4,NA1_5497820519,1,,Blue,1,Yasuo,Vi,Mel,Jinx,Lulu,Rengar,Jayce,Master Yi,Kha'Zix,Rumble,Cho'Gath,Poppy,Quinn,Yunara,Yuumi
2135,16.4,NA1_5497820519,0,,Red,0,Cho'Gath,Poppy,Quinn,Yunara,Yuumi,Nautilus,Syndra,Fiddlesticks,Draven,Fiora,Yasuo,Vi,Mel,Jinx,Lulu
2136,16.3,NA1_5494930709,0,,Blue,1,Viego,Corki,Taliyah,Kalista,Elise,Jax,Shaco,Braum,Bel'Veth,Yasuo,Galio,Talon,Akali,Ezreal,Poppy
2137,16.3,NA1_5494930709,1,,Red,0,Galio,Talon,Akali,Ezreal,Poppy,K'Sante,Rengar,LeBlanc,Sylas,Caitlyn,Viego,Corki,Taliyah,Kalista,Elise
2138,16.4,NA1_5501041447,1,,Blue,1,Renekton,Ambessa,LeBlanc,Aphelios,Milio,Zaahen,Rek'Sai,Pyke,Naafiri,Twitch,Quinn,Viego,Hwei,Corki,Rell
2139,16.4,NA1_5501041447,0,,Red,0,Quinn,Viego,Hwei,Corki,Rell,Graves,Seraphine,Janna,Malphite,Zed,Renekton,Ambessa,LeBlanc,Aphelios,Milio
2140,16.4,NA1_5501118132,1,,Blue,1,Aatrox,Ambessa,Mel,Lucian,Milio,Draven,Rengar,Ryze,Fiora,Pyke,Gwen,Brand,Anivia,Ashe,Nautilus
2141,16.4,NA1_5501118132,0,,Red,0,Gwen,Brand,Anivia,Ashe,Nautilus,Syndra,Braum,Graves,Lux,Yasuo,Aatrox,Ambessa,Mel,Lucian,Milio
2142,16.4,NA1_5497995082,0,,Blue,1,Azir,Vayne,Rumble,Ashe,Seraphine,Dr. Mundo,Jayce,,Zoe,Pyke,Corki,Ambessa,Ahri,Kai'Sa,Nautilus
2143,16.4,NA1_5497995082,1,,Red,0,Corki,Ambessa,Ahri,Kai'Sa,Nautilus,Rengar,Zed,Gwen,,Riven,Azir,Vayne,Rumble,Ashe,Seraphine
2144,16.4,NA1_5499602497,0,,Blue,1,Sion,Ambessa,Orianna,Yunara,Milio,Gwen,Malphite,Sona,,Graves,Aatrox,Elise,Akali,Kai'Sa,Nami
2145,16.4,NA1_5499602497,1,,Red,0,Aatrox,Elise,Akali,Kai'Sa,Nami,Azir,Zed,Mel,Neeko,Zac,Sion,Ambessa,Orianna,Yunara,Milio
2146,16.4,NA1_5499759779,0,,Blue,1,Jax,Qiyana,Ekko,Kai'Sa,Braum,Rengar,Pyke,Anivia,Renekton,Master Yi,Trundle,Graves,Vex,Aurelion Sol,Blitzcrank
2147,16.4,NA1_5499759779,1,,Red,0,Trundle,Graves,Vex,Aurelion Sol,Blitzcrank,,Riven,Swain,Sivir,Zoe,Jax,Qiyana,Ekko,Kai'Sa,Braum
2148,16.4,NA1_5499229595,1,,Blue,1,Rumble,Sejuani,Hwei,Zeri,Nautilus,Blitzcrank,Riven,Gwen,Draven,LeBlanc,Cho'Gath,Kha'Zix,Ahri,Smolder,Nami
2149,16.4,NA1_5499229595,0,,Red,0,Cho'Gath,Kha'Zix,Ahri,Smolder,Nami,Gwen,Ambessa,Zed,Pyke,Ryze,Rumble,Sejuani,Hwei,Zeri,Nautilus
2150,16.4,NA1_5495943046,1,,Blue,1,Kennen,Graves,Nasus,Ezreal,Morgana,Kindred,Ambessa,Sona,Riven,Anivia,Jax,Taliyah,Yasuo,Seraphine,Soraka
2151,16.4,NA1_5495943046,0,,Red,0,Jax,Taliyah,Yasuo,Seraphine,Soraka,Rumble,Gwen,Pyke,Rengar,Sivir,Kennen,Graves,Nasus,Ezreal,Morgana
2152,16.3,NA1_5494315048,0,,Blue,1,Dr. Mundo,Ambessa,Ryze,Jhin,Neeko,Poppy,Caitlyn,Qiyana,Gwen,Anivia,Rengar,Kha'Zix,Hwei,Ziggs,Cho'Gath
2153,16.3,NA1_5494315048,1,,Red,0,Rengar,Kha'Zix,Hwei,Ziggs,Cho'Gath,Darius,Jayce,Zed,Karma,Zac,Dr. Mundo,Ambessa,Ryze,Jhin,Neeko
2154,16.4,NA1_5496114970,1,,Blue,1,Aatrox,Graves,Malzahar,Veigar,Leona,Hwei,Ryze,Zoe,Sona,Jax,Yorick,Jayce,LeBlanc,Swain,Bard
2155,16.4,NA1_5496114970,0,,Red,0,Yorick,Jayce,LeBlanc,Swain,Bard,Vex,Kha'Zix,Sylas,,Sona,Aatrox,Graves,Malzahar,Veigar,Leona
2156,16.4,NA1_5500774278,1,,Blue,1,Zaahen,Kindred,Aurora,Udyr,Alistar,Sylas,Lux,Rengar,LeBlanc,Ambessa,Jayce,Graves,Hwei,Pyke,Rammus
2157,16.4,NA1_5500774278,0,,Red,0,Jayce,Graves,Hwei,Pyke,Rammus,Braum,Bel'Veth,Sylas,Zed,,Zaahen,Kindred,Aurora,Udyr,Alistar
2158,16.4,NA1_5500744186,1,,Blue,1,Graves,Brand,Galio,Ashe,Pyke,Braum,Riven,Zac,Vladimir,Zoe,Sion,Jayce,Aurora,Yunara,Heimerdinger
2159,16.4,NA1_5500744186,0,,Red,0,Sion,Jayce,Aurora,Yunara,Heimerdinger,Dr. Mundo,Ambessa,Swain,Kha'Zix,LeBlanc,Graves,Brand,Galio,Ashe,Pyke
2160,16.3,NA1_5495640967,0,,Blue,1,Lee Sin,Kindred,Ryze,Yunara,Nautilus,Riven,Rengar,Jayce,,,Gnar,Kha'Zix,Akali,Twitch,Bard
2161,16.3,NA1_5495640967,1,,Red,0,Gnar,Kha'Zix,Akali,Twitch,Bard,LeBlanc,Ambessa,Yasuo,Rumble,Poppy,Lee Sin,Kindred,Ryze,Yunara,Nautilus
2162,16.3,NA1_5494414310,1,,Blue,1,Rumble,Viego,Ahri,Aphelios,Rell,Fiora,Ambessa,Yasuo,Bel'Veth,,Yone,Gwen,Lucian,Seraphine,Leona
2163,16.3,NA1_5494414310,0,,Red,0,Yone,Gwen,Lucian,Seraphine,Leona,Kha'Zix,Neeko,Draven,Nunu & Willump,Jayce,Rumble,Viego,Ahri,Aphelios,Rell
2164,16.4,NA1_5501705903,0,,Blue,1,Fiora,Ambessa,Ryze,Zoe,Rakan,Jayce,Graves,Akali,Fiddlesticks,Rengar,Renekton,Nidalee,Anivia,Ezreal,Riven
2165,16.4,NA1_5501705903,1,,Red,0,Renekton,Nidalee,Anivia,Ezreal,Riven,Poppy,Fiddlesticks,Azir,Yasuo,Rengar,Fiora,Ambessa,Ryze,Zoe,Rakan
2166,16.4,NA1_5500316624,0,,Blue,1,Varus,Rengar,Zoe,Kai'Sa,Nautilus,Lux,Poppy,Graves,Vladimir,Ambessa,Malphite,Maokai,Yone,Ezreal,Karma
2167,16.4,NA1_5500316624,1,,Red,0,Malphite,Maokai,Yone,Ezreal,Karma,,,,Riven,,Varus,Rengar,Zoe,Kai'Sa,Nautilus
2168,16.4,NA1_5495833904,0,,Blue,1,Camille,Fizz,Veigar,Jinx,Nautilus,Shaco,Lucian,Braum,Graves,Viktor,Rumble,Lee Sin,Aurora,Samira,Leona
2169,16.4,NA1_5495833904,1,,Red,0,Rumble,Lee Sin,Aurora,Samira,Leona,Anivia,Ambessa,Riven,,Zoe,Camille,Fizz,Veigar,Jinx,Nautilus
2170,16.3,NA1_5492659599,0,,Blue,1,Aurora,Hecarim,Yone,Yunara,Blitzcrank,Irelia,Zilean,Draven,Riven,Akshan,Jayce,Talon,Kayle,Aurelion Sol,Nami
2171,16.3,NA1_5492659599,1,,Red,0,Jayce,Talon,Kayle,Aurelion Sol,Nami,Ezreal,Lee Sin,Rengar,Master Yi,Kindred,Aurora,Hecarim,Yone,Yunara,Blitzcrank
2172,16.4,NA1_5497581433,1,,Blue,1,Jayce,Talon,Akali,Senna,Tahm Kench,Bel'Veth,Bard,Malphite,Ekko,,Renekton,Gwen,Corki,Xerath,Pantheon
2173,16.4,NA1_5497581433,0,,Red,0,Renekton,Gwen,Corki,Xerath,Pantheon,Riven,Master Yi,Ambessa,Pyke,Kha'Zix,Jayce,Talon,Akali,Senna,Tahm Kench
2174,16.3,NA1_5495379202,0,,Blue,1,Jayce,Skarner,Ryze,Ezreal,Elise,Bel'Veth,Lux,Lucian,Zoe,,Yorick,Dr. Mundo,Talon,Senna,Nautilus
2175,16.3,NA1_5495379202,1,,Red,0,Yorick,Dr. Mundo,Talon,Senna,Nautilus,Sona,Riven,Nunu & Willump,Ahri,Rengar,Jayce,Skarner,Ryze,Ezreal,Elise
2176,16.4,NA1_5501826548,1,,Blue,1,Ornn,Naafiri,Zoe,Miss Fortune,Nautilus,Yunara,Mel,Akali,Fiora,Sona,Vladimir,Jarvan IV,Camille,Veigar,Janna
2177,16.4,NA1_5501826548,0,,Red,0,Vladimir,Jarvan IV,Camille,Veigar,Janna,Jax,Fiddlesticks,Sona,Rengar,Ambessa,Ornn,Naafiri,Zoe,Miss Fortune,Nautilus
2178,16.4,NA1_5495856537,1,,Blue,1,Camille,Taliyah,Pantheon,Ezreal,Neeko,Kindred,Bel'Veth,Draven,Gwen,Rengar,Aatrox,Ambessa,Zoe,Lucian,Braum
2179,16.4,NA1_5495856537,0,,Red,0,Aatrox,Ambessa,Zoe,Lucian,Braum,Teemo,Rek'Sai,Sona,Poppy,Ryze,Camille,Taliyah,Pantheon,Ezreal,Neeko
2180,16.3,NA1_5493690881,1,,Blue,1,Jayce,Jarvan IV,Syndra,Lux,Neeko,Pyke,Karma,Riven,Rengar,Shaco,Ambessa,Dr. Mundo,Xerath,Kai'Sa,Nautilus
2181,16.3,NA1_5493690881,0,,Red,0,Ambessa,Dr. Mundo,Xerath,Kai'Sa,Nautilus,Riven,Draven,,Zoe,Akali,Jayce,Jarvan IV,Syndra,Lux,Neeko
2182,16.4,NA1_5498242781,1,,Blue,1,Gangplank,Rammus,Galio,Ahri,Pyke,Zoe,Braum,Ambessa,Bel'Veth,Riven,Cho'Gath,Jayce,Irelia,Corki,Leona
2183,16.4,NA1_5498242781,0,,Red,0,Cho'Gath,Jayce,Irelia,Corki,Leona,Yunara,,Bard,Aatrox,Rengar,Gangplank,Rammus,Galio,Ahri,Pyke
2184,16.4,NA1_5499524341,0,,Blue,1,Malphite,Kha'Zix,Azir,Miss Fortune,Lee Sin,Ambessa,Poppy,Yorick,Bel'Veth,Draven,Garen,Xin Zhao,Akali,Smolder,Karma
2185,16.4,NA1_5499524341,1,,Red,0,Garen,Xin Zhao,Akali,Smolder,Karma,LeBlanc,Gwen,Pyke,Shaco,Darius,Malphite,Kha'Zix,Azir,Miss Fortune,Lee Sin
2186,16.3,NA1_5493276642,1,,Blue,1,Riven,Ambessa,Xerath,Xayah,Sona,Kha'Zix,Akali,Rumble,Poppy,Lucian,Gangplank,Jarvan IV,Viktor,Kai'Sa,Nautilus
2187,16.3,NA1_5493276642,0,,Red,0,Gangplank,Jarvan IV,Viktor,Kai'Sa,Nautilus,Nunu & Willump,Gwen,Galio,Naafiri,Fiora,Riven,Ambessa,Xerath,Xayah,Sona
2188,16.4,NA1_5496300531,0,,Blue,1,Malphite,Taliyah,Nasus,Lucian,Milio,Lux,Kayn,Ambessa,Ekko,Smolder,Ryze,Graves,Illaoi,Miss Fortune,Zoe
2189,16.4,NA1_5496300531,1,,Red,0,Ryze,Graves,Illaoi,Miss Fortune,Zoe,Aatrox,Braum,Sivir,Karma,Kindred,Malphite,Taliyah,Nasus,Lucian,Milio
2190,16.4,NA1_5502051088,0,,Blue,1,Gangplank,Lee Sin,Fizz,Lux,Zoe,Ambessa,Jayce,,Mel,Rumble,Kled,Zac,Hwei,Ezreal,Yuumi
2191,16.4,NA1_5502051088,1,,Red,0,Kled,Zac,Hwei,Ezreal,Yuumi,Akshan,Graves,Draven,Zed,Poppy,Gangplank,Lee Sin,Fizz,Lux,Zoe
2192,16.4,NA1_5499930330,0,,Blue,1,Renekton,Jayce,Syndra,Ashe,Seraphine,Rengar,Zoe,Mel,Gwen,Bel'Veth,Dr. Mundo,Ambessa,Zac,Jhin,Nami
2193,16.4,NA1_5499930330,1,,Red,0,Dr. Mundo,Ambessa,Zac,Jhin,Nami,Poppy,Azir,Rengar,Nautilus,Ahri,Renekton,Jayce,Syndra,Ashe,Seraphine
2194,16.4,NA1_5501729310,1,,Blue,1,Kayle,Rengar,LeBlanc,Ezreal,Bard,Riven,Akshan,Jax,Poppy,Lucian,Sion,Master Yi,Akali,Corki,Nami
2195,16.4,NA1_5501729310,0,,Red,0,Sion,Master Yi,Akali,Corki,Nami,Riven,Ashe,Jayce,Kha'Zix,Jax,Kayle,Rengar,LeBlanc,Ezreal,Bard
2196,16.4,NA1_5495735936,1,,Blue,1,Fiora,Udyr,Anivia,Caitlyn,Leona,Bel'Veth,Malphite,Draven,Braum,Kassadin,Jax,Gwen,Sion,Lucian,Thresh
2197,16.4,NA1_5495735936,0,,Red,0,Jax,Gwen,Sion,Lucian,Thresh,Akali,,,Rengar,Syndra,Fiora,Udyr,Anivia,Caitlyn,Leona
2198,16.3,NA1_5492155595,0,,Blue,1,Sion,Talon,Aurora,Yunara,Alistar,Kindred,,Yasuo,Riven,,Yone,Ambessa,Pyke,Lux,Nami
2199,16.3,NA1_5492155595,1,,Red,0,Yone,Ambessa,Pyke,Lux,Nami,Sylas,Rengar,Akali,Jayce,Riven,Sion,Talon,Aurora,Yunara,Alistar
2200,16.4,NA1_5498213714,1,,Blue,1,Kled,Shaco,Kassadin,Lux,Seraphine,Graves,Sivir,,Gwen,Zed,K'Sante,Lillia,Ekko,Ezreal,Nami
2201,16.4,NA1_5498213714,0,,Red,0,K'Sante,Lillia,Ekko,Ezreal,Nami,,Draven,Yasuo,Alistar,Fiora,Kled,Shaco,Kassadin,Lux,Seraphine
2202,16.4,NA1_5498227338,1,,Blue,1,Jayce,Ambessa,Azir,Vladimir,Nami,Sona,Anivia,Bel'Veth,Yasuo,Fiddlesticks,Aatrox,Lee Sin,Ryze,Caitlyn,Morgana
2203,16.4,NA1_5498227338,0,,Red,0,Aatrox,Lee Sin,Ryze,Caitlyn,Morgana,Varus,Naafiri,Nautilus,Graves,Zed,Jayce,Ambessa,Azir,Vladimir,Nami
2204,16.3,NA1_5495027079,0,,Blue,1,Riven,Zyra,Ahri,Yunara,Yuumi,Zac,Nautilus,Cassiopeia,Akshan,Draven,Darius,Taliyah,Xerath,Lucian,Braum
2205,16.3,NA1_5495027079,1,,Red,0,Darius,Taliyah,Xerath,Lucian,Braum,Katarina,Ambessa,Bel'Veth,Kha'Zix,Anivia,Riven,Zyra,Ahri,Yunara,Yuumi
2206,16.4,NA1_5498980361,1,,Blue,1,Camille,Lee Sin,Twisted Fate,Ziggs,Alistar,Azir,Talon,Sona,Vel'Koz,Jax,Kled,Qiyana,Zoe,Sivir,Bard
2207,16.4,NA1_5498980361,0,,Red,0,Kled,Qiyana,Zoe,Sivir,Bard,Riven,Master Yi,Sona,Fiora,Zed,Camille,Lee Sin,Twisted Fate,Ziggs,Alistar
2208,16.4,NA1_5499864367,1,,Blue,1,Vladimir,Viego,Qiyana,Mel,Pyke,Tryndamere,Rengar,Master Yi,Fiddlesticks,Lee Sin,Udyr,Sion,Zac,Lucian,Nami
2209,16.4,NA1_5499864367,0,,Red,0,Udyr,Sion,Zac,Lucian,Nami,Draven,Gwen,Nasus,Poppy,,Vladimir,Viego,Qiyana,Mel,Pyke
2210,16.4,NA1_5502365774,1,,Blue,1,Nasus,Graves,Lux,Kalista,Poppy,Ambessa,Talon,Kindred,Karma,Zed,Varus,Teemo,Vex,Jhin,Leona
2211,16.4,NA1_5502365774,0,,Red,0,Varus,Teemo,Vex,Jhin,Leona,Neeko,Blitzcrank,Riven,Mel,Dr. Mundo,Nasus,Graves,Lux,Kalista,Poppy
2212,16.3,NA1_5492661570,1,,Blue,1,Shen,Bel'Veth,Viktor,Karthus,Senna,Soraka,Lucian,Rengar,Jax,Ambessa,Zaahen,Kha'Zix,LeBlanc,Ziggs,Nautilus
2213,16.3,NA1_5492661570,0,,Red,0,Zaahen,Kha'Zix,LeBlanc,Ziggs,Nautilus,Shaco,Gwen,Jhin,Varus,Rengar,Shen,Bel'Veth,Viktor,Karthus,Senna
2214,16.3,NA1_5493139261,0,,Blue,1,K'Sante,Ambessa,Syndra,Aphelios,Thresh,Rengar,Karma,Sona,Riven,Gangplank,Vayne,Jarvan IV,Taliyah,Yunara,Janna
2215,16.3,NA1_5493139261,1,,Red,0,Vayne,Jarvan IV,Taliyah,Yunara,Janna,Kha'Zix,Jayce,Poppy,Nunu & Willump,Rumble,K'Sante,Ambessa,Syndra,Aphelios,Thresh
2216,16.4,NA1_5496628958,1,,Blue,1,Zaahen,Viego,Yasuo,Yunara,Lulu,Rumble,Kha'Zix,Brand,Draven,Taliyah,Riven,Jarvan IV,Orianna,Xayah,Nami
2217,16.4,NA1_5496628958,0,,Red,0,Riven,Jarvan IV,Orianna,Xayah,Nami,Jayce,Pyke,Kha'Zix,Rengar,Kassadin,Zaahen,Viego,Yasuo,Yunara,Lulu
2218,16.3,NA1_5491686972,0,,Blue,1,Urgot,Zyra,Talon,Senna,Sona,Rengar,Pyke,Zoe,Bel'Veth,Tryndamere,Aurora,Brand,Zed,Yunara,Milio
2219,16.3,NA1_5491686972,1,,Red,0,Aurora,Brand,Zed,Yunara,Milio,Karma,Akali,Bel'Veth,,Neeko,Urgot,Zyra,Talon,Senna,Sona
2220,16.3,NA1_5492179822,0,,Blue,1,Malzahar,Nocturne,Lissandra,Yunara,Seraphine,Kha'Zix,Rek'Sai,Olaf,Zed,Pyke,Ornn,Lee Sin,Aurelion Sol,Draven,Alistar
2221,16.3,NA1_5492179822,1,,Red,0,Ornn,Lee Sin,Aurelion Sol,Draven,Alistar,Fiddlesticks,LeBlanc,Karma,Akali,Twitch,Malzahar,Nocturne,Lissandra,Yunara,Seraphine
2222,16.4,NA1_5497973651,1,,Blue,1,Jayce,Ivern,Malzahar,Yunara,Nautilus,Mel,Akali,Viego,Kha'Zix,Ambessa,Shen,Nidalee,Yone,Ashe,Lulu
2223,16.4,NA1_5497973651,0,,Red,0,Shen,Nidalee,Yone,Ashe,Lulu,Rengar,Lux,Gwen,Pyke,,Jayce,Ivern,Malzahar,Yunara,Nautilus
2224,16.4,NA1_5496528861,0,,Blue,1,Gnar,Taliyah,Akali,Lucian,Sona,Poppy,Nautilus,Rengar,Vladimir,Kassadin,Irelia,Rumble,Riven,Kai'Sa,Leona
2225,16.4,NA1_5496528861,1,,Red,0,Irelia,Rumble,Riven,Kai'Sa,Leona,Yasuo,Bard,Draven,Zac,Rengar,Gnar,Taliyah,Akali,Lucian,Sona
2226,16.4,NA1_5497678320,1,,Blue,1,Ambessa,Graves,Akali,Jinx,Poppy,Nunu & Willump,Sivir,Jayce,Twitch,,Aatrox,Maokai,Azir,Tristana,Alistar
2227,16.4,NA1_5497678320,0,,Red,0,Aatrox,Maokai,Azir,Tristana,Alistar,Twitch,Lulu,Varus,Shaco,Riven,Ambessa,Graves,Akali,Jinx,Poppy
2228,16.4,NA1_5498549703,0,,Blue,1,Ambessa,Ivern,Pantheon,Ziggs,Sona,Nautilus,LeBlanc,Sion,Poppy,Ahri,Riven,Kha'Zix,Orianna,Miss Fortune,Nami
2229,16.4,NA1_5498549703,1,,Red,0,Riven,Kha'Zix,Orianna,Miss Fortune,Nami,Rumble,Draven,Zac,Jayce,Lee Sin,Ambessa,Ivern,Pantheon,Ziggs,Sona
2230,16.3,NA1_5495152606,0,,Blue,1,Urgot,Nidalee,Taliyah,Aphelios,Blitzcrank,Braum,Ambessa,Fiora,Ziggs,Rengar,Kennen,Xin Zhao,Malzahar,Ezreal,Nautilus
2231,16.3,NA1_5495152606,1,,Red,0,Kennen,Xin Zhao,Malzahar,Ezreal,Nautilus,Pyke,Bel'Veth,Jax,Yunara,Yasuo,Urgot,Nidalee,Taliyah,Aphelios,Blitzcrank
2232,16.4,NA1_5500773912,1,,Blue,1,Ornn,Zaahen,Viktor,Ezreal,Braum,Darius,Caitlyn,Riven,,Seraphine,Varus,Brand,Ryze,Kai'Sa,Nautilus
2233,16.4,NA1_5500773912,0,,Red,0,Varus,Brand,Ryze,Kai'Sa,Nautilus,Viego,Pyke,Yunara,Zoe,Riven,Ornn,Zaahen,Viktor,Ezreal,Braum
2234,16.4,NA1_5496650182,0,,Blue,1,Kayle,Amumu,Syndra,Ashe,Brand,Rengar,Nasus,Talon,Jarvan IV,Gwen,Gnar,Zac,Yasuo,Mel,Braum
2235,16.4,NA1_5496650182,0,,Red,0,Gnar,Zac,Yasuo,Mel,Braum,Sylas,Vladimir,Senna,LeBlanc,Caitlyn,Kayle,Amumu,Syndra,Ashe,Brand
2236,16.4,NA1_5500615101,0,,Blue,1,Karthus,Bel'Veth,Hwei,Seraphine,Pyke,Mel,Neeko,Zed,Rengar,Kayle,Volibear,Udyr,Talon,Syndra,Leona
2237,16.4,NA1_5500615101,1,,Red,0,Volibear,Udyr,Talon,Syndra,Leona,Ahri,Kha'Zix,Nunu & Willump,Draven,Jax,Karthus,Bel'Veth,Hwei,Seraphine,Pyke
2238,16.4,NA1_5498785007,1,,Blue,1,Volibear,Kha'Zix,Vladimir,Lux,Zoe,Fiddlesticks,Sivir,,Jax,Rengar,K'Sante,Lee Sin,Karma,Vayne,Rakan
2239,16.4,NA1_5498785007,0,,Red,0,K'Sante,Lee Sin,Karma,Vayne,Rakan,Rengar,Azir,Sona,Riven,Nautilus,Volibear,Kha'Zix,Vladimir,Lux,Zoe
2240,16.4,NA1_5499294848,0,,Blue,1,Lee Sin,Jarvan IV,Taliyah,Ezreal,Rakan,Zoe,Riven,Neeko,Pyke,Zac,Malphite,Jayce,Akshan,Seraphine,Rell
2241,16.4,NA1_5499294848,1,,Red,0,Malphite,Jayce,Akshan,Seraphine,Rell,Ivern,Ambessa,Mel,Pyke,Rengar,Lee Sin,Jarvan IV,Taliyah,Ezreal,Rakan
2242,16.4,NA1_5496970177,1,,Blue,1,Irelia,Vayne,Xerath,Ashe,Seraphine,Azir,Ryze,Rengar,Lux,Jayce,Jax,Maokai,Twitch,Jhin,Karma
2243,16.4,NA1_5496970177,0,,Red,0,Jax,Maokai,Twitch,Jhin,Karma,Qiyana,Riven,Anivia,Shaco,Mel,Irelia,Vayne,Xerath,Ashe,Seraphine
2244,16.3,NA1_5493476565,0,,Blue,1,Garen,Kha'Zix,Karma,Kai'Sa,Jarvan IV,Qiyana,,Rengar,Caitlyn,Yasuo,Fiora,Corki,Galio,Soraka,Sona
2245,16.3,NA1_5493476565,1,,Red,0,Fiora,Corki,Galio,Soraka,Sona,Jayce,Akshan,Naafiri,Sivir,Ambessa,Garen,Kha'Zix,Karma,Kai'Sa,Jarvan IV
2246,16.4,NA1_5500047790,0,,Blue,1,Jax,Wukong,Ryze,Seraphine,Neeko,Zed,Rumble,Pyke,Mel,Jayce,Akali,Graves,Twisted Fate,Miss Fortune,Nautilus
2247,16.4,NA1_5500047790,1,,Red,0,Akali,Graves,Twisted Fate,Miss Fortune,Nautilus,Jayce,Rengar,Ambessa,Yasuo,Riven,Jax,Wukong,Ryze,Seraphine,Neeko
2248,16.3,NA1_5493569901,0,,Blue,1,Sion,Shyvana,Sylas,Jinx,Alistar,Gwen,Malphite,Ambessa,Yasuo,Kayle,Irelia,Bel'Veth,Vladimir,Yunara,Sona
2249,16.3,NA1_5493569901,1,,Red,0,Irelia,Bel'Veth,Vladimir,Yunara,Sona,Blitzcrank,Caitlyn,Jax,Fiddlesticks,Malphite,Sion,Shyvana,Sylas,Jinx,Alistar
2250,16.4,NA1_5499969794,0,,Blue,1,Gwen,Naafiri,Annie,Tristana,Nautilus,Akali,Rumble,Bard,Braum,Jayce,Garen,Kha'Zix,Vex,Yunara,Alistar
2251,16.4,NA1_5499969794,1,,Red,0,Garen,Kha'Zix,Vex,Yunara,Alistar,Katarina,Ambessa,,Varus,Rengar,Gwen,Naafiri,Annie,Tristana,Nautilus
2252,16.4,NA1_5499766851,0,,Blue,1,Jax,Jarvan IV,Ekko,Vex,Senna,Akali,Rengar,Zed,Sivir,Pantheon,Neeko,Kha'Zix,Ahri,Kai'Sa,Nautilus
2253,16.4,NA1_5499766851,1,,Red,0,Neeko,Kha'Zix,Ahri,Kai'Sa,Nautilus,Jayce,Qiyana,Pyke,Ambessa,Akali,Jax,Jarvan IV,Ekko,Vex,Senna
2254,16.3,NA1_5494238716,1,,Blue,1,Sion,Brand,Qiyana,Aurelion Sol,Morgana,Ezreal,Nautilus,Ambessa,Fiora,Vex,Singed,Naafiri,Twisted Fate,Jhin,Thresh
2255,16.3,NA1_5494238716,0,,Red,0,Singed,Naafiri,Twisted Fate,Jhin,Thresh,Riven,Mel,Kha'Zix,Zed,Zac,Sion,Brand,Qiyana,Aurelion Sol,Morgana
2256,16.4,NA1_5502126281,1,,Blue,1,Zaahen,Kog'Maw,Zac,Kai'Sa,Thresh,Varus,Zed,Ezreal,Mel,Riven,Smolder,Taliyah,Twisted Fate,Corki,Rakan
2257,16.4,NA1_5502126281,0,,Red,0,Smolder,Taliyah,Twisted Fate,Corki,Rakan,Draven,Brand,Anivia,Riven,Kha'Zix,Zaahen,Kog'Maw,Zac,Kai'Sa,Thresh
2258,16.4,NA1_5498997325,1,,Blue,1,Fiora,Zaahen,Azir,Neeko,Nautilus,Rengar,Akali,Corki,Malzahar,Braum,Ornn,Jayce,Sylas,Kai'Sa,Xerath
2259,16.4,NA1_5498997325,0,,Red,0,Ornn,Jayce,Sylas,Kai'Sa,Xerath,Akali,,Mel,Bel'Veth,Xin Zhao,Fiora,Zaahen,Azir,Neeko,Nautilus
2260,16.4,NA1_5497089851,0,,Blue,1,Jax,Graves,Ahri,Jinx,Senna,Zoe,Kindred,Yasuo,Karthus,Rengar,Varus,Master Yi,Ambessa,Yunara,Lulu
2261,16.4,NA1_5497089851,1,,Red,0,Varus,Master Yi,Ambessa,Yunara,Lulu,Jayce,Riven,Pyke,LeBlanc,Twitch,Jax,Graves,Ahri,Jinx,Senna
2262,16.4,NA1_5496767758,1,,Blue,1,Jax,Rek'Sai,Teemo,Mel,Sona,Shaco,Ambessa,Rengar,Hecarim,Jayce,Fiora,Graves,Orianna,Varus,Nautilus
2263,16.4,NA1_5496767758,0,,Red,0,Fiora,Graves,Orianna,Varus,Nautilus,Rengar,Yunara,Ambessa,Vayne,Akali,Jax,Rek'Sai,Teemo,Mel,Sona
2264,16.4,NA1_5501371968,0,,Blue,1,Jayce,Talon,Ryze,Kayle,Soraka,Rengar,Bel'Veth,Kha'Zix,Ambessa,Neeko,Volibear,Shaco,Zed,Corki,Sona
2265,16.4,NA1_5501371968,1,,Red,0,Volibear,Shaco,Zed,Corki,Sona,Rek'Sai,Gwen,Jax,Akali,Graves,Jayce,Talon,Ryze,Kayle,Soraka
2266,16.4,NA1_5500992601,1,,Blue,1,Ambessa,Naafiri,Ryze,Jhin,Nidalee,Hecarim,Blitzcrank,,Rengar,Riven,Renekton,Graves,Ahri,Lucian,Rakan
2267,16.4,NA1_5500992601,0,,Red,0,Renekton,Graves,Ahri,Lucian,Rakan,Pyke,Poppy,Caitlyn,Riven,Orianna,Ambessa,Naafiri,Ryze,Jhin,Nidalee
2268,16.4,NA1_5497405994,0,,Blue,1,Urgot,Graves,Pantheon,Mel,Lux,Bel'Veth,Elise,Rumble,Leona,Tryndamere,Aatrox,Jarvan IV,Ekko,Lucian,Yuumi
2269,16.4,NA1_5497405994,1,,Red,0,Aatrox,Jarvan IV,Ekko,Lucian,Yuumi,Nunu & Willump,Gwen,Yasuo,Ambessa,Bard,Urgot,Graves,Pantheon,Mel,Lux
2270,16.4,NA1_5500209429,0,,Blue,1,Aurora,Graves,Ahri,Ezreal,Anivia,Irelia,Rengar,Pyke,Riven,Sona,Yasuo,Dr. Mundo,Orianna,Yunara,Lulu
2271,16.4,NA1_5500209429,1,,Red,0,Yasuo,Dr. Mundo,Orianna,Yunara,Lulu,,Rengar,Ambessa,Draven,Riven,Aurora,Graves,Ahri,Ezreal,Anivia
2272,16.3,NA1_5495120892,1,,Blue,1,Gangplank,Ambessa,Kog'Maw,Lucian,Zilean,Lux,Karma,Nunu & Willump,Rengar,Qiyana,Yorick,Jayce,Aurora,Caitlyn,Zyra
2273,16.3,NA1_5495120892,0,,Red,0,Yorick,Jayce,Aurora,Caitlyn,Zyra,Rengar,Draven,,Riven,Azir,Gangplank,Ambessa,Kog'Maw,Lucian,Zilean
2274,16.4,NA1_5501355394,1,,Blue,1,Zaahen,Hecarim,Orianna,Corki,Nautilus,Rumble,,Bel'Veth,Riven,Seraphine,Gwen,Naafiri,Sylas,Jinx,Lulu
2275,16.4,NA1_5501355394,0,,Red,0,Gwen,Naafiri,Sylas,Jinx,Lulu,Jayce,Varus,Graves,,,Zaahen,Hecarim,Orianna,Corki,Nautilus
2276,16.3,NA1_5493178742,0,,Blue,1,Malphite,Jarvan IV,Orianna,Xayah,Pyke,Ekko,Braum,Draven,Syndra,Yorick,Anivia,Jayce,Zed,Corki,Thresh
2277,16.3,NA1_5493178742,1,,Red,0,Anivia,Jayce,Zed,Corki,Thresh,Mel,Ambessa,Vayne,Lee Sin,Rengar,Malphite,Jarvan IV,Orianna,Xayah,Pyke
2278,16.4,NA1_5502580046,0,,Blue,1,Anivia,Graves,Pantheon,Veigar,Neeko,Orianna,Bel'Veth,Ambessa,Aatrox,Pyke,Camille,Talon,Taliyah,Yunara,Karma
2279,16.4,NA1_5502580046,1,,Red,0,Camille,Talon,Taliyah,Yunara,Karma,Zed,Hecarim,Draven,Rengar,Akali,Anivia,Graves,Pantheon,Veigar,Neeko
2280,16.4,NA1_5499078607,1,,Blue,1,Riven,Qiyana,Ekko,Brand,Nami,Akali,Xerath,Renekton,Ziggs,Cassiopeia,K'Sante,Naafiri,Nasus,Jinx,Sona
2281,16.4,NA1_5499078607,0,,Red,0,K'Sante,Naafiri,Nasus,Jinx,Sona,Akshan,Pyke,Teemo,Twitch,Ambessa,Riven,Qiyana,Ekko,Brand,Nami
2282,16.4,NA1_5498442846,0,,Blue,1,Irelia,Briar,Corki,Lux,Karma,Rumble,Shaco,Jayce,Sona,Yasuo,Ambessa,Vayne,Azir,Ezreal,Zyra
2283,16.4,NA1_5498442846,1,,Red,0,Ambessa,Vayne,Azir,Ezreal,Zyra,Aatrox,LeBlanc,Akshan,Zoe,Draven,Irelia,Briar,Corki,Lux,Karma
2284,16.4,NA1_5497747812,1,,Blue,1,Ambessa,Hecarim,Hwei,Lucian,Nami,Riven,Nunu & Willump,Fiddlesticks,Rengar,Lux,Darius,Fizz,Orianna,Aphelios,Sona
2285,16.4,NA1_5497747812,0,,Red,0,Darius,Fizz,Orianna,Aphelios,Sona,Rengar,Jayce,Rumble,Pyke,Bard,Ambessa,Hecarim,Hwei,Lucian,Nami
2286,16.4,NA1_5499220146,1,,Blue,1,Poppy,Zaahen,Ryze,Varus,Karma,Teemo,Rengar,Gwen,Akali,Jax,Volibear,Qiyana,Nasus,Lux,Neeko
2287,16.4,NA1_5499220146,0,,Red,0,Volibear,Qiyana,Nasus,Lux,Neeko,Ambessa,Graves,Mel,Pyke,Jax,Poppy,Zaahen,Ryze,Varus,Karma
2288,16.4,NA1_5497628859,1,,Blue,1,Cho'Gath,Rek'Sai,Jayce,Lux,Seraphine,Nautilus,Urgot,,Xin Zhao,Zed,Rengar,Bel'Veth,Ryze,Aphelios,Lulu
2289,16.4,NA1_5497628859,0,,Red,0,Rengar,Bel'Veth,Ryze,Aphelios,Lulu,Shaco,,Taliyah,Syndra,Darius,Cho'Gath,Rek'Sai,Jayce,Lux,Seraphine
2290,16.3,NA1_5493943323,1,,Blue,1,Garen,Kha'Zix,Akshan,Veigar,Poppy,Yasuo,,Kayn,Ziggs,Pyke,Fiora,Vi,Vladimir,Aphelios,Alistar
2291,16.3,NA1_5493943323,0,,Red,0,Fiora,Vi,Vladimir,Aphelios,Alistar,Rengar,Jayce,Urgot,Draven,Naafiri,Garen,Kha'Zix,Akshan,Veigar,Poppy
2292,16.4,NA1_5502329683,0,,Blue,1,Singed,Xin Zhao,Viktor,Ezreal,Bard,Azir,Gwen,Nunu & Willump,Karma,Jayce,Gnar,Fizz,Xerath,Corki,Senna
2293,16.4,NA1_5502329683,1,,Red,0,Gnar,Fizz,Xerath,Corki,Senna,Varus,Pyke,Kha'Zix,Zed,Dr. Mundo,Singed,Xin Zhao,Viktor,Ezreal,Bard
2294,16.4,NA1_5501372600,0,,Blue,1,Sion,Graves,Zoe,Jhin,Elise,Ambessa,Jax,Seraphine,LeBlanc,,Camille,Jarvan IV,Akali,Swain,Lee Sin
2295,16.4,NA1_5501372600,1,,Red,0,Camille,Jarvan IV,Akali,Swain,Lee Sin,Sylas,Ambessa,Rengar,,Poppy,Sion,Graves,Zoe,Jhin,Elise
2296,16.4,NA1_5502129727,0,,Blue,1,Olaf,Diana,Zoe,Jhin,Bard,Rengar,Ambessa,Yunara,Ryze,Jax,Riven,Jayce,Corki,Vladimir,Maokai
2297,16.4,NA1_5502129727,1,,Red,0,Riven,Jayce,Corki,Vladimir,Maokai,Akali,Ambessa,Azir,Kha'Zix,Fiddlesticks,Olaf,Diana,Zoe,Jhin,Bard
2298,16.4,NA1_5500394275,0,,Blue,1,Cho'Gath,Ambessa,Syndra,Hwei,Yuumi,Graves,Akshan,Aatrox,Poppy,Draven,Yone,Zaahen,Orianna,Aphelios,Thresh
2299,16.4,NA1_5500394275,1,,Red,0,Yone,Zaahen,Orianna,Aphelios,Thresh,Zac,Kha'Zix,Lux,Riven,Ryze,Cho'Gath,Ambessa,Syndra,Hwei,Yuumi
2300,16.4,NA1_5496885955,0,,Blue,1,Riven,Kindred,Talon,Ziggs,Sona,Yasuo,Jayce,Rengar,Lux,Ambessa,Zoe,Graves,Ryze,Swain,Alistar
2301,16.4,NA1_5496885955,1,,Red,0,Zoe,Graves,Ryze,Swain,Alistar,Nunu & Willump,Sylas,Yasuo,Varus,Fiora,Riven,Kindred,Talon,Ziggs,Sona
2302,16.3,NA1_5492910766,1,,Blue,1,Rumble,Jarvan IV,Mel,Corki,Nami,Pyke,Ambessa,Yasuo,Azir,Rengar,Galio,Kha'Zix,Orianna,Senna,Swain
2303,16.3,NA1_5492910766,0,,Red,0,Galio,Kha'Zix,Orianna,Senna,Swain,Sylas,Nunu & Willump,Syndra,Diana,,Rumble,Jarvan IV,Mel,Corki,Nami
2304,16.4,NA1_5500388131,1,,Blue,1,Riven,Xin Zhao,Azir,Yunara,Lulu,Pyke,Zoe,Sona,Bel'Veth,Neeko,Renekton,Jarvan IV,Anivia,Ashe,Karma
2305,16.4,NA1_5500388131,0,,Red,0,Renekton,Jarvan IV,Anivia,Ashe,Karma,Draven,Ahri,Akshan,,Ambessa,Riven,Xin Zhao,Azir,Yunara,Lulu
2306,16.4,NA1_5497204682,1,,Blue,1,Olaf,Ivern,Naafiri,Syndra,Rakan,Ambessa,Urgot,Akali,Blitzcrank,Vayne,Zaahen,Talon,Cho'Gath,Aurora,Nautilus
2307,16.4,NA1_5497204682,0,,Red,0,Zaahen,Talon,Cho'Gath,Aurora,Nautilus,Yasuo,Braum,Fiora,Riven,Sivir,Olaf,Ivern,Naafiri,Syndra,Rakan
2308,16.4,NA1_5500977780,1,,Blue,1,Zaahen,Jayce,Ryze,Sivir,Leona,Riven,Akshan,Rengar,Lux,,Morgana,Zed,Kassadin,Seraphine,Blitzcrank
2309,16.4,NA1_5500977780,0,,Red,0,Morgana,Zed,Kassadin,Seraphine,Blitzcrank,Bel'Veth,Mel,Ambessa,Graves,Yasuo,Zaahen,Jayce,Ryze,Sivir,Leona
2310,16.4,NA1_5501438535,1,,Blue,1,Yone,Zyra,Lux,Miss Fortune,Rell,Jayce,Zed,Draven,Lucian,Ekko,Ahri,Viego,Twisted Fate,Jinx,Trundle
2311,16.4,NA1_5501438535,0,,Red,0,Ahri,Viego,Twisted Fate,Jinx,Trundle,Pyke,Akali,Caitlyn,Kha'Zix,,Yone,Zyra,Lux,Miss Fortune,Rell
2312,16.3,NA1_5494353440,0,,Blue,1,Zaahen,Fiddlesticks,Singed,Kai'Sa,Bard,Aphelios,Swain,Lulu,Kayle,Riven,Pantheon,Bel'Veth,Ryze,Smolder,Milio
2313,16.3,NA1_5494353440,1,,Red,0,Pantheon,Bel'Veth,Ryze,Smolder,Milio,Talon,Jax,Ziggs,Blitzcrank,Akshan,Zaahen,Fiddlesticks,Singed,Kai'Sa,Bard
2314,16.4,NA1_5498004989,0,,Blue,1,Shen,Zyra,Tristana,Singed,Yuumi,Morgana,Kha'Zix,Draven,Lux,Rumble,Anivia,Brand,Vex,Twitch,Lulu
2315,16.4,NA1_5498004989,1,,Red,0,Anivia,Brand,Vex,Twitch,Lulu,Rengar,Pyke,Aatrox,Mel,Yasuo,Shen,Zyra,Tristana,Singed,Yuumi
2316,16.4,NA1_5497309791,1,,Blue,1,Rumble,Lee Sin,Yone,Lux,Sona,Ahri,Sivir,Katarina,Jayce,Malzahar,Yasuo,Kindred,Gragas,Xerath,Morgana
2317,16.4,NA1_5497309791,0,,Red,0,Yasuo,Kindred,Gragas,Xerath,Morgana,Akali,Mel,Kai'Sa,Gwen,Riven,Rumble,Lee Sin,Yone,Lux,Sona
2318,16.4,NA1_5500339702,1,,Blue,1,Nocturne,Kha'Zix,Morgana,Hwei,Yuumi,Draven,Ambessa,Shaco,Yasuo,Fiora,Akali,Kayn,Sion,Aphelios,Annie
2319,16.4,NA1_5500339702,0,,Red,0,Akali,Kayn,Sion,Aphelios,Annie,Darius,Bel'Veth,Bard,Draven,Talon,Nocturne,Kha'Zix,Morgana,Hwei,Yuumi
2320,16.4,NA1_5498301470,0,,Blue,1,Udyr,Rengar,Nasus,Ashe,Seraphine,Mel,Graves,Jax,Sylas,Lux,Singed,Vi,Kennen,Hwei,Senna
2321,16.4,NA1_5498301470,1,,Red,0,Singed,Vi,Kennen,Hwei,Senna,Zoe,Sivir,Jayce,Sylas,Leona,Udyr,Rengar,Nasus,Ashe,Seraphine
2322,16.4,NA1_5501084026,1,,Blue,1,Aurora,Dr. Mundo,Yone,Yunara,Nautilus,Irelia,Riven,Qiyana,Yasuo,Vladimir,Jayce,Rengar,Diana,Varus,Swain
2323,16.4,NA1_5501084026,0,,Red,0,Jayce,Rengar,Diana,Varus,Swain,Poppy,Nunu & Willump,Orianna,Lulu,Karma,Aurora,Dr. Mundo,Yone,Yunara,Nautilus
2324,16.3,NA1_5494077219,1,,Blue,1,Fiora,Zac,Azir,Yasuo,Alistar,Poppy,Sona,LeBlanc,Jayce,Pyke,Vayne,Kindred,Swain,Miss Fortune,Rell
2325,16.3,NA1_5494077219,0,,Red,0,Vayne,Kindred,Swain,Miss Fortune,Rell,,Ambessa,,Shaco,Riven,Fiora,Zac,Azir,Yasuo,Alistar
2326,16.4,NA1_5500292833,1,,Blue,1,Aatrox,Kindred,Anivia,Seraphine,Karma,Pyke,Braum,Kha'Zix,Malphite,Sylas,Urgot,Taliyah,LeBlanc,Vayne,Sona
2327,16.4,NA1_5500292833,0,,Red,0,Urgot,Taliyah,LeBlanc,Vayne,Sona,Fiora,Draven,Graves,Zed,Jax,Aatrox,Kindred,Anivia,Seraphine,Karma
2328,16.3,NA1_5493114624,0,,Blue,1,Kled,Diana,Twisted Fate,Miss Fortune,Maokai,Bel'Veth,,Heimerdinger,Rengar,Poppy,Azir,Viego,Syndra,Ezreal,Nami
2329,16.3,NA1_5493114624,1,,Red,0,Azir,Viego,Syndra,Ezreal,Nami,Zed,Ambessa,Twitch,Rengar,Blitzcrank,Kled,Diana,Twisted Fate,Miss Fortune,Maokai
2330,16.4,NA1_5501436014,1,,Blue,1,Ambessa,Jarvan IV,Azir,Yunara,Braum,Jayce,Vladimir,Varus,Rengar,Yasuo,Dr. Mundo,Maokai,Aurora,Aphelios,Lulu
2331,16.4,NA1_5501436014,0,,Red,0,Dr. Mundo,Maokai,Aurora,Aphelios,Lulu,Yasuo,Swain,Varus,Sona,Fiora,Ambessa,Jarvan IV,Azir,Yunara,Braum
2332,16.4,NA1_5497527160,0,,Blue,1,Irelia,Rengar,Zed,Karthus,Neeko,Riven,Kindred,Jax,Draven,Karma,Darius,Graves,Galio,Twitch,Rakan
2333,16.4,NA1_5497527160,1,,Red,0,Darius,Graves,Galio,Twitch,Rakan,Bel'Veth,Yasuo,Riven,Pyke,Azir,Irelia,Rengar,Zed,Karthus,Neeko
2334,16.4,NA1_5500130262,1,,Blue,1,Sion,Udyr,Zoe,Jinx,Vel'Koz,Syndra,Talon,Master Yi,Ambessa,Pyke,Yone,Fizz,Orianna,Kai'Sa,Sona
2335,16.4,NA1_5500130262,0,,Red,0,Yone,Fizz,Orianna,Kai'Sa,Sona,Twitch,Akali,Kha'Zix,Blitzcrank,Ambessa,Sion,Udyr,Zoe,Jinx,Vel'Koz
2336,16.4,NA1_5501476433,1,,Blue,1,Riven,Rengar,Talon,Vladimir,Sona,Bel'Veth,Ambessa,Ekko,Azir,Caitlyn,Jayce,Vi,LeBlanc,Jhin,Pyke
2337,16.4,NA1_5501476433,0,,Red,0,Jayce,Vi,LeBlanc,Jhin,Pyke,Urgot,Ezreal,Draven,Vex,Fiddlesticks,Riven,Rengar,Talon,Vladimir,Sona
2338,16.4,NA1_5499122724,0,,Blue,1,Jax,Kha'Zix,Yone,Ziggs,Brand,Akali,Draven,Rengar,,Bel'Veth,Gangplank,Jarvan IV,Xerath,Kai'Sa,Rakan
2339,16.4,NA1_5499122724,1,,Red,0,Gangplank,Jarvan IV,Xerath,Kai'Sa,Rakan,Kog'Maw,Nautilus,Zoe,Nunu & Willump,Qiyana,Jax,Kha'Zix,Yone,Ziggs,Brand
2340,16.4,NA1_5496391217,0,,Blue,1,Urgot,Bel'Veth,Yasuo,Singed,Nami,Varus,Lux,Poppy,Akali,Vayne,Cho'Gath,Wukong,Zoe,Lucian,Taric
2341,16.4,NA1_5496391217,1,,Red,0,Cho'Gath,Wukong,Zoe,Lucian,Taric,Draven,Master Yi,Pyke,Aatrox,Nasus,Urgot,Bel'Veth,Yasuo,Singed,Nami
2342,16.4,NA1_5499996821,1,,Blue,1,Renekton,Jayce,Ryze,Mel,Alistar,Rengar,Zaahen,Ezreal,Orianna,Riven,Heimerdinger,Ambessa,Yasuo,Senna,Nautilus
2343,16.4,NA1_5499996821,0,,Red,0,Heimerdinger,Ambessa,Yasuo,Senna,Nautilus,Akali,Poppy,Lillia,Azir,Sona,Renekton,Jayce,Ryze,Mel,Alistar
2344,16.4,NA1_5501037417,0,,Blue,1,Mordekaiser,Talon,Anivia,Smolder,Alistar,Yasuo,Rengar,Fiora,Ezreal,Hecarim,Riven,Vi,Syndra,Jinx,Rakan
2345,16.4,NA1_5501037417,1,,Red,0,Riven,Vi,Syndra,Jinx,Rakan,Jayce,Rumble,Pyke,Hecarim,Zed,Mordekaiser,Talon,Anivia,Smolder,Alistar
2346,16.4,NA1_5502503108,1,,Blue,1,Riven,Jayce,Galio,Ezreal,Soraka,Zed,Kha'Zix,Pyke,Kayn,Rengar,Garen,Zaahen,Akshan,Cassiopeia,Sylas
2347,16.4,NA1_5502503108,0,,Red,0,Garen,Zaahen,Akshan,Cassiopeia,Sylas,Graves,Yasuo,Fiddlesticks,Nami,Sona,Riven,Jayce,Galio,Ezreal,Soraka
2348,16.3,NA1_5495236618,1,,Blue,1,Gangplank,Dr. Mundo,Zoe,Senna,Anivia,,Akshan,Draven,Riven,Lux,Gwen,Ambessa,Taliyah,Ziggs,Sona
2349,16.3,NA1_5495236618,0,,Red,0,Gwen,Ambessa,Taliyah,Ziggs,Sona,Sivir,Jayce,Kindred,Rengar,,Gangplank,Dr. Mundo,Zoe,Senna,Anivia
2350,16.4,NA1_5496310299,1,,Blue,1,Aurora,Vi,Urgot,Samira,Alistar,Varus,Ambessa,Rengar,Rumble,Riven,Vayne,Nidalee,Sylas,Corki,Bard
2351,16.4,NA1_5496310299,0,,Red,0,Vayne,Nidalee,Sylas,Corki,Bard,Jayce,Yasuo,Gwen,Bel'Veth,,Aurora,Vi,Urgot,Samira,Alistar
2352,16.3,NA1_5495226012,0,,Blue,1,Urgot,Zed,Kennen,Caitlyn,Bard,Cassiopeia,Fiora,Sylas,,,Aatrox,Zaahen,Yasuo,Veigar,Rakan
2353,16.3,NA1_5495226012,1,,Red,0,Aatrox,Zaahen,Yasuo,Veigar,Rakan,Lulu,Akali,Braum,Irelia,Kayn,Urgot,Zed,Kennen,Caitlyn,Bard
2354,16.4,NA1_5497643949,1,,Blue,1,Akali,Viego,Sion,Vladimir,Poppy,Zoe,Bel'Veth,Riven,Graves,Fiddlesticks,Olaf,Camille,Mel,Samira,Nautilus
2355,16.4,NA1_5497643949,0,,Red,0,Olaf,Camille,Mel,Samira,Nautilus,Ambessa,Rengar,Nunu & Willump,Tristana,Jax,Akali,Viego,Sion,Vladimir,Poppy
2356,16.4,NA1_5502525936,1,,Blue,1,Lee Sin,Shen,Cassiopeia,Kai'Sa,Nautilus,Sona,Zed,Jax,Yasuo,Draven,Malphite,Hecarim,Sylas,Ezreal,Braum
2357,16.4,NA1_5502525936,0,,Red,0,Malphite,Hecarim,Sylas,Ezreal,Braum,Draven,Leona,Graves,,Fiora,Lee Sin,Shen,Cassiopeia,Kai'Sa,Nautilus
2358,16.3,NA1_5493497600,0,,Blue,1,Jayce,Zaahen,Katarina,Mel,Nautilus,Braum,Ambessa,Syndra,Kha'Zix,Yasuo,Jax,Lee Sin,Twisted Fate,Vayne,Nami
2359,16.3,NA1_5493497600,1,,Red,0,Jax,Lee Sin,Twisted Fate,Vayne,Nami,Braum,Gwen,Kassadin,Varus,Draven,Jayce,Zaahen,Katarina,Mel,Nautilus
2360,16.4,NA1_5500435522,0,,Blue,1,Akali,Viego,Taliyah,Yunara,Karma,Ambessa,Pyke,Graves,Rengar,Riven,Aurora,Maokai,Azir,Ashe,Sona
2361,16.4,NA1_5500435522,1,,Red,0,Aurora,Maokai,Azir,Ashe,Sona,Pyke,Riven,Zed,Vladimir,,Akali,Viego,Taliyah,Yunara,Karma
2362,16.4,NA1_5499951228,0,,Blue,1,Tryndamere,Aatrox,Aurora,Ashe,Seraphine,Zilean,Shaco,Pyke,Katarina,Kennen,Riven,Udyr,Azir,Ezreal,Karma
2363,16.4,NA1_5499951228,1,,Red,0,Riven,Udyr,Azir,Ezreal,Karma,Kha'Zix,Zoe,Yunara,Ambessa,Jayce,Tryndamere,Aatrox,Aurora,Ashe,Seraphine
2364,16.4,NA1_5502217728,0,,Blue,1,Malphite,Talon,Cho'Gath,Senna,Alistar,Fiora,Sylas,Gwen,Rengar,Draven,Riven,Brand,Zed,Ashe,Maokai
2365,16.4,NA1_5502217728,1,,Red,0,Riven,Brand,Zed,Ashe,Maokai,LeBlanc,Pyke,Rengar,Sivir,Zac,Malphite,Talon,Cho'Gath,Senna,Alistar
2366,16.4,NA1_5500961430,0,,Blue,1,Kayle,Ambessa,Aurora,Vayne,Janna,Pyke,Draven,,Sett,,Irelia,Graves,Diana,Aurelion Sol,Poppy
2367,16.4,NA1_5500961430,1,,Red,0,Irelia,Graves,Diana,Aurelion Sol,Poppy,LeBlanc,Jayce,Akali,Nunu & Willump,Lux,Kayle,Ambessa,Aurora,Vayne,Janna
2368,16.4,NA1_5498660278,1,,Blue,1,Anivia,Nidalee,Graves,Tristana,Yuumi,Sona,,Yasuo,Galio,Fiora,Kayle,Ambessa,Qiyana,Miss Fortune,Leona
2369,16.4,NA1_5498660278,0,,Red,0,Kayle,Ambessa,Qiyana,Miss Fortune,Leona,Rengar,Pyke,Akali,Bard,Jax,Anivia,Nidalee,Graves,Tristana,Yuumi
2370,16.4,NA1_5500574118,1,,Blue,1,Aurora,Zaahen,Kassadin,Lux,Janna,Sona,Seraphine,Zed,Rengar,Nunu & Willump,Vladimir,Graves,Yone,Jhin,Nami
2371,16.4,NA1_5500574118,0,,Red,0,Vladimir,Graves,Yone,Jhin,Nami,Ambessa,Rek'Sai,Nunu & Willump,Draven,Jayce,Aurora,Zaahen,Kassadin,Lux,Janna
2372,16.4,NA1_5497535638,1,,Blue,1,Vayne,Darius,Katarina,Lucian,Nami,Bel'Veth,Blitzcrank,Yasuo,Kha'Zix,Riven,Sett,Ambessa,Ryze,Ezreal,Mel
2373,16.4,NA1_5497535638,0,,Red,0,Sett,Ambessa,Ryze,Ezreal,Mel,Aphelios,Braum,Neeko,Vladimir,Yasuo,Vayne,Darius,Katarina,Lucian,Nami
2374,16.4,NA1_5497945717,1,,Blue,1,Ambessa,Nocturne,Rumble,Senna,Blitzcrank,Riven,Zoe,Lux,Gwen,Trundle,Sion,Vi,Orianna,Ashe,Seraphine
2375,16.4,NA1_5497945717,0,,Red,0,Sion,Vi,Orianna,Ashe,Seraphine,Zed,Pyke,Dr. Mundo,Nautilus,Shaco,Ambessa,Nocturne,Rumble,Senna,Blitzcrank
2376,16.4,NA1_5498418613,0,,Blue,1,Gangplank,Aatrox,Ryze,Caitlyn,Karma,Gwen,,Ambessa,Riven,Rengar,Jayce,Nunu & Willump,Akali,Yunara,Nami
2377,16.4,NA1_5498418613,1,,Red,0,Jayce,Nunu & Willump,Akali,Yunara,Nami,Bel'Veth,Pyke,LeBlanc,Nautilus,Dr. Mundo,Gangplank,Aatrox,Ryze,Caitlyn,Karma
2378,16.4,NA1_5498152733,1,,Blue,1,Gragas,Kha'Zix,Akshan,Ziggs,Nautilus,Yasuo,Nunu & Willump,Ambessa,Mel,Yorick,Fiora,Lee Sin,Yone,Syndra,Sona
2379,16.4,NA1_5498152733,0,,Red,0,Fiora,Lee Sin,Yone,Syndra,Sona,Aphelios,Akali,Bel'Veth,Bard,Malphite,Gragas,Kha'Zix,Akshan,Ziggs,Nautilus
2380,16.3,NA1_5494453720,1,,Blue,1,Jayce,Zed,Viktor,Ezreal,Anivia,Akali,Kha'Zix,,Sona,Nunu & Willump,Nasus,Aatrox,Zoe,Yunara,Soraka
2381,16.3,NA1_5494453720,0,,Red,0,Nasus,Aatrox,Zoe,Yunara,Soraka,Jax,Rengar,Ambessa,Kindred,Riven,Jayce,Zed,Viktor,Ezreal,Anivia
2382,16.4,NA1_5498268391,1,,Blue,1,Sion,Xin Zhao,Sylas,Kog'Maw,Master Yi,Nautilus,Fiddlesticks,Riven,Zoe,Lux,Zaahen,Hecarim,Orianna,Kai'Sa,Sona
2383,16.4,NA1_5498268391,0,,Red,0,Zaahen,Hecarim,Orianna,Kai'Sa,Sona,Lux,Kindred,Nasus,Shaco,Akali,Sion,Xin Zhao,Sylas,Kog'Maw,Master Yi
2384,16.4,NA1_5497650355,1,,Blue,1,Ambessa,Darius,Taliyah,Sivir,Rakan,Fiora,Draven,Kha'Zix,Shaco,Zoe,Vel'Koz,Jayce,Galio,Yunara,Pyke
2385,16.4,NA1_5497650355,0,,Red,0,Vel'Koz,Jayce,Galio,Yunara,Pyke,Braum,Zoe,Draven,Fiora,Bel'Veth,Ambessa,Darius,Taliyah,Sivir,Rakan
2386,16.4,NA1_5499759399,1,,Blue,1,Sejuani,Jarvan IV,Orianna,Smolder,Sona,,Ambessa,Varus,Rengar,Anivia,Renekton,Viego,Ahri,Senna,Elise
2387,16.4,NA1_5499759399,0,,Red,0,Renekton,Viego,Ahri,Senna,Elise,Mel,Neeko,Gwen,Ambessa,Pyke,Sejuani,Jarvan IV,Orianna,Smolder,Sona
2388,16.4,NA1_5497498655,1,,Blue,1,Akali,Maokai,Akshan,Aphelios,Poppy,Shaco,Bel'Veth,Lucian,Yasuo,Riven,Irelia,Olaf,Taliyah,Seraphine,Jarvan IV
2389,16.4,NA1_5497498655,0,,Red,0,Irelia,Olaf,Taliyah,Seraphine,Jarvan IV,Taric,Bard,Zoe,Twitch,Jax,Akali,Maokai,Akshan,Aphelios,Poppy
2390,16.4,NA1_5501467464,1,,Blue,1,Camille,Zac,Yone,Taliyah,Nami,Yasuo,Nautilus,Zed,Poppy,Jax,Darius,Graves,Viktor,Caitlyn,Lux
2391,16.4,NA1_5501467464,0,,Red,0,Darius,Graves,Viktor,Caitlyn,Lux,Poppy,Pyke,Bel'Veth,Ambessa,Akali,Camille,Zac,Yone,Taliyah,Nami
2392,16.4,NA1_5498767521,0,,Blue,1,Renekton,Aatrox,Galio,Lux,Neeko,Kha'Zix,Mel,,Pyke,Rengar,Gnar,Skarner,Qiyana,Ziggs,Nami
2393,16.4,NA1_5498767521,1,,Red,0,Gnar,Skarner,Qiyana,Ziggs,Nami,Sona,Rengar,Blitzcrank,Riven,Ambessa,Renekton,Aatrox,Galio,Lux,Neeko
2394,16.4,NA1_5501331567,1,,Blue,1,Illaoi,Zyra,Akshan,Ezreal,Braum,Kennen,Gwen,Yasuo,Pyke,Nami,Jayce,Nunu & Willump,Zed,Caitlyn,Neeko
2395,16.4,NA1_5501331567,0,,Red,0,Jayce,Nunu & Willump,Zed,Caitlyn,Neeko,Draven,Malphite,Mel,Akali,Ambessa,Illaoi,Zyra,Akshan,Ezreal,Braum
2396,16.4,NA1_5498406262,0,,Blue,1,Yasuo,Morgana,Aurora,Yunara,Senna,Braum,Riven,Draven,Zoe,Shaco,Ambessa,Vayne,Lissandra,Kog'Maw,Veigar
2397,16.4,NA1_5498406262,1,,Red,0,Ambessa,Vayne,Lissandra,Kog'Maw,Veigar,Lux,Zed,Akshan,Nautilus,LeBlanc,Yasuo,Morgana,Aurora,Yunara,Senna
2398,16.4,NA1_5497413112,1,,Blue,1,Sion,Master Yi,Orianna,Ashe,Braum,Mel,Riven,Zed,Jax,Ambessa,Naafiri,Viego,Ahri,Ezreal,Rell
2399,16.4,NA1_5497413112,0,,Red,0,Naafiri,Viego,Ahri,Ezreal,Rell,Poppy,Akali,Riven,Zoe,Ryze,Sion,Master Yi,Orianna,Ashe,Braum
2400,16.4,NA1_5497548098,1,,Blue,1,Renekton,Talon,Cassiopeia,Swain,Nami,Sylas,Draven,Rengar,Qiyana,Aurora,Darius,Fiddlesticks,Naafiri,Lucian,Taric
2401,16.4,NA1_5497548098,0,,Red,0,Darius,Fiddlesticks,Naafiri,Lucian,Taric,Yone,Pyke,Galio,Yasuo,Jayce,Renekton,Talon,Cassiopeia,Swain,Nami
2402,16.3,NA1_5492979973,0,,Blue,1,K'Sante,Viego,Nasus,Corki,Pyke,Rengar,Jayce,Kha'Zix,Swain,Fiora,Aatrox,Rek'Sai,Aurora,Lux,Zoe
2403,16.3,NA1_5492979973,1,,Red,0,Aatrox,Rek'Sai,Aurora,Lux,Zoe,Sivir,Twitch,Rengar,Syndra,Irelia,K'Sante,Viego,Nasus,Corki,Pyke
2404,16.4,NA1_5499102117,1,,Blue,1,Jax,Qiyana,Ahri,Kog'Maw,Bard,Rengar,Sona,Vladimir,,Rek'Sai,Graves,Jarvan IV,Galio,Jhin,Karma
2405,16.4,NA1_5499102117,0,,Red,0,Graves,Jarvan IV,Galio,Jhin,Karma,Nunu & Willump,Draven,Akshan,Riven,Viego,Jax,Qiyana,Ahri,Kog'Maw,Bard
2406,16.4,NA1_5501885448,1,,Blue,1,Vayne,Jarvan IV,Anivia,Aphelios,Karma,Jayce,Morgana,Galio,Azir,Twisted Fate,Gnar,Ivern,Yone,Caitlyn,Fiddlesticks
2407,16.4,NA1_5501885448,0,,Red,0,Gnar,Ivern,Yone,Caitlyn,Fiddlesticks,LeBlanc,Milio,Varus,Akali,Malphite,Vayne,Jarvan IV,Anivia,Aphelios,Karma
2408,16.4,NA1_5498657392,0,,Blue,1,Rengar,Ambessa,Veigar,Hwei,Karma,Neeko,Sona,Shaco,Blitzcrank,Darius,Anivia,Graves,Aurora,Yunara,Nami
2409,16.4,NA1_5498657392,1,,Red,0,Anivia,Graves,Aurora,Yunara,Nami,Mel,Zoe,,Akali,Neeko,Rengar,Ambessa,Veigar,Hwei,Karma
2410,16.4,NA1_5499049276,1,,Blue,1,Riven,Diana,Draven,Viktor,Rell,Qiyana,Mel,Malphite,Gwen,,Rengar,Rek'Sai,Katarina,Aphelios,Nautilus
2411,16.4,NA1_5499049276,0,,Red,0,Rengar,Rek'Sai,Katarina,Aphelios,Nautilus,Taliyah,Zilean,Jax,Darius,Yasuo,Riven,Diana,Draven,Viktor,Rell
2412,16.4,NA1_5500844774,1,,Blue,1,Lee Sin,Vi,Ahri,Ezreal,Karma,Lulu,Draven,Kindred,Talon,Mel,Sion,Qiyana,Viktor,Seraphine,Pyke
2413,16.4,NA1_5500844774,0,,Red,0,Sion,Qiyana,Viktor,Seraphine,Pyke,Rengar,Riven,Ambessa,Sivir,Yunara,Lee Sin,Vi,Ahri,Ezreal,Karma
2414,16.4,NA1_5500643491,0,,Blue,1,Aatrox,Fiddlesticks,Talon,Tristana,Anivia,Draven,Vladimir,Ambessa,Seraphine,Vex,Volibear,Lee Sin,Syndra,Jinx,Milio
2415,16.4,NA1_5500643491,1,,Red,0,Volibear,Lee Sin,Syndra,Jinx,Milio,Lux,Zed,Vladimir,Jayce,Jax,Aatrox,Fiddlesticks,Talon,Tristana,Anivia
2416,16.4,NA1_5499829282,1,,Blue,1,Fiora,Jax,Jayce,Kog'Maw,Soraka,Riven,Vladimir,Qiyana,Gwen,Lux,Mordekaiser,Master Yi,Syndra,Aphelios,Lulu
2417,16.4,NA1_5499829282,0,,Red,0,Mordekaiser,Master Yi,Syndra,Aphelios,Lulu,Kayle,Bard,Kha'Zix,Irelia,Nidalee,Fiora,Jax,Jayce,Kog'Maw,Soraka
2418,16.3,NA1_5492633602,1,,Blue,1,Rengar,Jarvan IV,Ryze,Nilah,Leona,Ambessa,Yunara,,Zilean,Darius,Riven,Aatrox,Orianna,Yasuo,Yuumi
2419,16.3,NA1_5492633602,0,,Red,0,Riven,Aatrox,Orianna,Yasuo,Yuumi,Vladimir,Sona,Akali,Zed,Aurelion Sol,Rengar,Jarvan IV,Ryze,Nilah,Leona
2420,16.4,NA1_5497856282,0,,Blue,1,Camille,Darius,Naafiri,Lux,Bard,Shaco,Irelia,,Ambessa,Kassadin,Jayce,Nunu & Willump,Pantheon,Heimerdinger,Nautilus
2421,16.4,NA1_5497856282,1,,Red,0,Jayce,Nunu & Willump,Pantheon,Heimerdinger,Nautilus,Neeko,Bel'Veth,Hwei,Malphite,Ziggs,Camille,Darius,Naafiri,Lux,Bard
2422,16.4,NA1_5499753835,0,,Blue,1,Jax,Maokai,Nasus,Swain,Nautilus,Akali,Shaco,Braum,Lux,Karthus,Gwen,Shyvana,Riven,Kog'Maw,Rell
2423,16.4,NA1_5499753835,1,,Red,0,Gwen,Shyvana,Riven,Kog'Maw,Rell,Poppy,Neeko,Syndra,Blitzcrank,Darius,Jax,Maokai,Nasus,Swain,Nautilus
2424,16.4,NA1_5496540914,0,,Blue,1,Zoe,Darius,Viktor,Xayah,Nautilus,Naafiri,Nami,Rengar,Katarina,Gwen,Zed,Kha'Zix,Annie,Caitlyn,Bard
2425,16.4,NA1_5496540914,1,,Red,0,Zed,Kha'Zix,Annie,Caitlyn,Bard,Bel'Veth,Kassadin,Ambessa,Gwen,Akali,Zoe,Darius,Viktor,Xayah,Nautilus
2426,16.3,NA1_5491931600,1,,Blue,1,Rumble,Rek'Sai,Viktor,Caitlyn,Anivia,Zaahen,Karma,Bel'Veth,Gwen,Qiyana,Ryze,Ambessa,Taliyah,Yunara,Thresh
2427,16.3,NA1_5491931600,0,,Red,0,Ryze,Ambessa,Taliyah,Yunara,Thresh,Bel'Veth,Azir,Corki,Zoe,Mel,Rumble,Rek'Sai,Viktor,Caitlyn,Anivia
2428,16.4,NA1_5500290240,0,,Blue,1,Aatrox,Lee Sin,Akali,Zeri,Janna,Blitzcrank,Pyke,Irelia,Bel'Veth,Jayce,Aurora,Graves,Morgana,Yasuo,Poppy
2429,16.4,NA1_5500290240,1,,Red,0,Aurora,Graves,Morgana,Yasuo,Poppy,Alistar,Riven,Naafiri,Pyke,Ambessa,Aatrox,Lee Sin,Akali,Zeri,Janna
2430,16.3,NA1_5494262495,1,,Blue,1,Jax,Rek'Sai,Smolder,Aurelion Sol,Anivia,,Syndra,Mel,Pyke,Jayce,Kennen,Kha'Zix,Akali,Aphelios,Nautilus
2431,16.3,NA1_5494262495,0,,Red,0,Kennen,Kha'Zix,Akali,Aphelios,Nautilus,,Sivir,Orianna,Fiddlesticks,Zac,Jax,Rek'Sai,Smolder,Aurelion Sol,Anivia
2432,16.4,NA1_5499975317,1,,Blue,1,Heimerdinger,Zaahen,Kassadin,Miss Fortune,Leona,Zed,Poppy,Tristana,Samira,Azir,Ahri,Lee Sin,Akshan,Corki,Nami
2433,16.4,NA1_5499975317,0,,Red,0,Ahri,Lee Sin,Akshan,Corki,Nami,Ambessa,Irelia,Rengar,Kha'Zix,Viktor,Heimerdinger,Zaahen,Kassadin,Miss Fortune,Leona
2434,16.4,NA1_5501496874,0,,Blue,1,Urgot,Vayne,Anivia,Senna,Swain,Twisted Fate,Aurora,Jayce,Yunara,Ahri,Gnar,Ambessa,Sylas,Corki,Pyke
2435,16.4,NA1_5501496874,1,,Red,0,Gnar,Ambessa,Sylas,Corki,Pyke,Kha'Zix,,,Rengar,Nunu & Willump,Urgot,Vayne,Anivia,Senna,Swain
2436,16.4,NA1_5500620153,1,,Blue,1,Ryze,Lee Sin,Nasus,Sivir,Karma,Shaco,Ambessa,Anivia,Akali,Vladimir,Rumble,Zaahen,Yone,Kai'Sa,LeBlanc
2437,16.4,NA1_5500620153,0,,Red,0,Rumble,Zaahen,Yone,Kai'Sa,LeBlanc,Akshan,Lux,Kled,Poppy,Vladimir,Ryze,Lee Sin,Nasus,Sivir,Karma
2438,16.4,NA1_5499947836,1,,Blue,1,Aurora,Lee Sin,LeBlanc,Jhin,Leona,,Naafiri,Zoe,Udyr,Riven,Dr. Mundo,Ambessa,Xerath,Ashe,Sona
2439,16.4,NA1_5499947836,0,,Red,0,Dr. Mundo,Ambessa,Xerath,Ashe,Sona,Akali,Azir,Rengar,,Poppy,Aurora,Lee Sin,LeBlanc,Jhin,Leona
2440,16.4,NA1_5500284690,1,,Blue,1,Aatrox,Jax,Karma,Yunara,Pyke,,,Draven,Irelia,Gwen,K'Sante,Zaahen,Anivia,Ashe,Blitzcrank
2441,16.4,NA1_5500284690,0,,Red,0,K'Sante,Zaahen,Anivia,Ashe,Blitzcrank,Ahri,Draven,Lux,Vayne,Ambessa,Aatrox,Jax,Karma,Yunara,Pyke
2442,16.4,NA1_5499097861,1,,Blue,1,Jax,Evelynn,Yasuo,Aphelios,Lulu,Vayne,Caitlyn,Akali,,,Nasus,Maokai,Yone,Vladimir,Sona
2443,16.4,NA1_5499097861,0,,Red,0,Nasus,Maokai,Yone,Vladimir,Sona,Nautilus,Aatrox,Akali,Caitlyn,Shaco,Jax,Evelynn,Yasuo,Aphelios,Lulu
2444,16.3,NA1_5491904836,0,,Blue,1,Zaahen,Lillia,Zac,Draven,Yuumi,Kha'Zix,Riven,Poppy,Braum,Taliyah,Gwen,Bel'Veth,Ryze,Smolder,Alistar
2445,16.3,NA1_5491904836,1,,Red,0,Gwen,Bel'Veth,Ryze,Smolder,Alistar,Poppy,Braum,Nunu & Willump,Mel,Jax,Zaahen,Lillia,Zac,Draven,Yuumi
2446,16.4,NA1_5497127190,1,,Blue,1,Shen,Lee Sin,Vladimir,Vayne,Karma,Ambessa,Zaahen,Mel,Bel'Veth,Varus,Cho'Gath,Zed,Garen,Yunara,Nautilus
2447,16.4,NA1_5497127190,0,,Red,0,Cho'Gath,Zed,Garen,Yunara,Nautilus,Gwen,Kindred,Draven,Pyke,Rengar,Shen,Lee Sin,Vladimir,Vayne,Karma
2448,16.4,NA1_5502239433,1,,Blue,1,Quinn,Kindred,Sylas,Aphelios,Seraphine,Ambessa,Malphite,Mel,Fiddlesticks,Akshan,Gangplank,Evelynn,Shen,Jhin,Nautilus
2449,16.4,NA1_5502239433,0,,Red,0,Gangplank,Evelynn,Shen,Jhin,Nautilus,Rengar,Vex,K'Sante,Fiora,Fiddlesticks,Quinn,Kindred,Sylas,Aphelios,Seraphine
2450,16.4,NA1_5499041708,0,,Blue,1,Yasuo,Graves,Kayle,Yunara,Janna,Malphite,Akali,Yone,Rengar,Jax,Riven,Kha'Zix,Orianna,Ezreal,Sona
2451,16.4,NA1_5499041708,1,,Red,0,Riven,Kha'Zix,Orianna,Ezreal,Sona,Nautilus,Qiyana,Rengar,Fizz,Aurora,Yasuo,Graves,Kayle,Yunara,Janna
2452,16.4,NA1_5502567044,0,,Blue,1,Galio,Kindred,Malphite,Zeri,Lulu,Ambessa,Akali,Talon,Ekko,Akshan,Aurora,Vi,Sylas,Aphelios,Karma
2453,16.4,NA1_5502567044,1,,Red,0,Aurora,Vi,Sylas,Aphelios,Karma,Azir,Ambessa,Zoe,Qiyana,Sona,Galio,Kindred,Malphite,Zeri,Lulu
2454,16.3,NA1_5493777070,1,,Blue,1,Renekton,Ambessa,Annie,Kog'Maw,Neeko,Riven,Zed,,Pyke,Shaco,Fiora,Sejuani,Qiyana,Lux,Sona
2455,16.3,NA1_5493777070,0,,Red,0,Fiora,Sejuani,Qiyana,Lux,Sona,Graves,Jayce,Akali,Pyke,Twitch,Renekton,Ambessa,Annie,Kog'Maw,Neeko
2456,16.4,NA1_5499187887,0,,Blue,1,Jax,Zaahen,Lissandra,Smolder,Sona,Nautilus,Poppy,Ambessa,,Zed,Varus,Kha'Zix,Kassadin,Twitch,Rakan
2457,16.4,NA1_5499187887,1,,Red,0,Varus,Kha'Zix,Kassadin,Twitch,Rakan,Malphite,Seraphine,Yasuo,Rengar,Zed,Jax,Zaahen,Lissandra,Smolder,Sona
2458,16.4,NA1_5501597615,1,,Blue,1,Akali,Sylas,Talon,Yunara,Braum,Ambessa,Udyr,Zoe,Sona,,Yasuo,Morgana,Nasus,Kai'Sa,Nautilus
2459,16.4,NA1_5501597615,0,,Red,0,Yasuo,Morgana,Nasus,Kai'Sa,Nautilus,Jayce,Draven,Rengar,Ambessa,Gwen,Akali,Sylas,Talon,Yunara,Braum
2460,16.4,NA1_5496596253,0,,Blue,1,Irelia,Sylas,Viktor,Varus,Nautilus,Qiyana,Rengar,Jax,Katarina,,Aatrox,Graves,Ahri,Ezreal,Karma
2461,16.4,NA1_5496596253,1,,Red,0,Aatrox,Graves,Ahri,Ezreal,Karma,Bel'Veth,Mel,Ambessa,Sona,Malphite,Irelia,Sylas,Viktor,Varus,Nautilus
2462,16.4,NA1_5496957307,1,,Blue,1,Camille,Pantheon,Orianna,Vayne,Janna,Zoe,,Nautilus,Pyke,Zaahen,Jax,Jarvan IV,Veigar,Kai'Sa,Soraka
2463,16.4,NA1_5496957307,0,,Red,0,Jax,Jarvan IV,Veigar,Kai'Sa,Soraka,Zoe,Draven,Caitlyn,Riven,Zaahen,Camille,Pantheon,Orianna,Vayne,Janna
2464,16.4,NA1_5496652807,0,,Blue,1,Nidalee,Olaf,Orianna,Twitch,Pyke,Bel'Veth,Gwen,Yasuo,Draven,Urgot,Renekton,Maokai,Akali,Yunara,Lulu
2465,16.4,NA1_5496652807,0,,Red,0,Renekton,Maokai,Akali,Yunara,Lulu,Jayce,Bel'Veth,Fiora,Jax,Zoe,Nidalee,Olaf,Orianna,Twitch,Pyke
2466,16.4,NA1_5495741152,0,,Blue,1,Singed,Diana,Yone,Aphelios,Thresh,Vladimir,Pyke,,Jayce,Ambessa,Riven,Gragas,Anivia,Yasuo,Nautilus
2467,16.4,NA1_5495741152,1,,Red,0,Riven,Gragas,Anivia,Yasuo,Nautilus,Neeko,Fiddlesticks,Gwen,Syndra,,Singed,Diana,Yone,Aphelios,Thresh
2468,16.4,NA1_5500249897,0,,Blue,1,Sion,Viego,Kayle,Caitlyn,Karma,Draven,Ryze,,Graves,Varus,Swain,Lee Sin,Qiyana,Veigar,Pyke
2469,16.4,NA1_5500249897,1,,Red,0,Swain,Lee Sin,Qiyana,Veigar,Pyke,Kha'Zix,Twitch,Gwen,Jax,Zoe,Sion,Viego,Kayle,Caitlyn,Karma
2470,16.3,NA1_5492509929,0,,Blue,1,Rengar,Kayn,Qiyana,Zyra,Maokai,Darius,Anivia,Ambessa,Kha'Zix,LeBlanc,Garen,Zac,Malzahar,Yunara,Senna
2471,16.3,NA1_5492509929,1,,Red,0,Garen,Zac,Malzahar,Yunara,Senna,Anivia,Kindred,Olaf,Riven,Jarvan IV,Rengar,Kayn,Qiyana,Zyra,Maokai
2472,16.4,NA1_5501920608,0,,Blue,1,Kayle,Talon,Azir,Draven,Alistar,Viktor,Rengar,Jax,Varus,Pyke,Tryndamere,Rek'Sai,Hwei,Ziggs,Rell
2473,16.4,NA1_5501920608,1,,Red,0,Tryndamere,Rek'Sai,Hwei,Ziggs,Rell,Jax,Braum,Zed,,Yasuo,Kayle,Talon,Azir,Draven,Alistar
2474,16.4,NA1_5499959170,0,,Blue,1,Heimerdinger,Ambessa,Kassadin,Ashe,Seraphine,Azir,Talon,Riven,Poppy,Sylas,Jayce,Diana,Mel,Yunara,Lulu
2475,16.4,NA1_5499959170,1,,Red,0,Jayce,Diana,Mel,Yunara,Lulu,Zed,Zoe,,Lee Sin,Rumble,Heimerdinger,Ambessa,Kassadin,Ashe,Seraphine
2476,16.4,NA1_5496215337,0,,Blue,1,Malphite,Pantheon,Akali,Yunara,Poppy,Riven,Rengar,Rumble,,Nunu & Willump,Sylas,Ambessa,Orianna,Yasuo,Soraka
2477,16.4,NA1_5496215337,1,,Red,0,Sylas,Ambessa,Orianna,Yasuo,Soraka,Neeko,,Jayce,Urgot,Syndra,Malphite,Pantheon,Akali,Yunara,Poppy
2478,16.4,NA1_5501837551,0,,Blue,1,Urgot,Ivern,Syndra,Xayah,Blitzcrank,Fiora,Braum,Ambessa,,Akali,Vayne,Wukong,LeBlanc,Aphelios,Lulu
2479,16.4,NA1_5501837551,1,,Red,0,Vayne,Wukong,LeBlanc,Aphelios,Lulu,Fiddlesticks,Rengar,Zed,Anivia,Kha'Zix,Urgot,Ivern,Syndra,Xayah,Blitzcrank
2480,16.3,NA1_5491846650,0,,Blue,1,Ornn,Ambessa,Neeko,Smolder,Milio,Poppy,Sivir,Jax,Leona,Zoe,Kennen,Hecarim,Ryze,Jhin,Senna
2481,16.3,NA1_5491846650,1,,Red,0,Kennen,Hecarim,Ryze,Jhin,Senna,Gwen,Teemo,Mel,Volibear,Lux,Ornn,Ambessa,Neeko,Smolder,Milio
2482,16.3,NA1_5493159077,1,,Blue,1,Cassiopeia,Kha'Zix,Fizz,Lucian,Nautilus,Akshan,Pyke,Sylas,Ambessa,Akali,Galio,Naafiri,Gangplank,Aphelios,Nami
2483,16.3,NA1_5493159077,0,,Red,0,Galio,Naafiri,Gangplank,Aphelios,Nami,Riven,Lux,Ryze,Talon,Zed,Cassiopeia,Kha'Zix,Fizz,Lucian,Nautilus
2484,16.4,NA1_5500675806,1,,Blue,1,Camille,Shaco,Azir,Mel,Pyke,Sivir,Talon,Zoe,Rengar,Nautilus,Vayne,Udyr,Akali,Xayah,Rakan
2485,16.4,NA1_5500675806,0,,Red,0,Vayne,Udyr,Akali,Xayah,Rakan,Poppy,Jayce,Ambessa,Lissandra,Kha'Zix,Camille,Shaco,Azir,Mel,Pyke
2486,16.4,NA1_5501177591,0,,Blue,1,Ambessa,Graves,Katarina,Seraphine,Lee Sin,Mel,Malphite,Neeko,Yasuo,Gwen,Camille,Jayce,Ekko,Lux,Pyke
2487,16.4,NA1_5501177591,1,,Red,0,Camille,Jayce,Ekko,Lux,Pyke,Akali,Malphite,Yasuo,Braum,Bel'Veth,Ambessa,Graves,Katarina,Seraphine,Lee Sin
2488,16.4,NA1_5496834672,1,,Blue,1,Kayle,Skarner,Ahri,Jinx,Thresh,Bel'Veth,Lucian,Draven,Riven,,Fiora,Rek'Sai,Zoe,Aphelios,Lulu
2489,16.4,NA1_5496834672,0,,Red,0,Fiora,Rek'Sai,Zoe,Aphelios,Lulu,Draven,Graves,Bard,Jayce,Nunu & Willump,Kayle,Skarner,Ahri,Jinx,Thresh
2490,16.4,NA1_5501991928,0,,Blue,1,Ambessa,Malphite,Yone,Mel,Sona,Nami,Master Yi,Renekton,Akali,Rengar,Viktor,Talon,Camille,Draven,Blitzcrank
2491,16.4,NA1_5501991928,1,,Red,0,Viktor,Talon,Camille,Draven,Blitzcrank,Yasuo,Pyke,Jax,Graves,Renekton,Ambessa,Malphite,Yone,Mel,Sona
2492,16.3,NA1_5491841944,0,,Blue,1,Camille,Xin Zhao,K'Sante,Kai'Sa,Nautilus,Master Yi,Ambessa,Jax,Renekton,Gwen,Jayce,Brand,Riven,Ziggs,Sona
2493,16.3,NA1_5491841944,1,,Red,0,Jayce,Brand,Riven,Ziggs,Sona,Ambessa,Anivia,Sivir,Akshan,Aurelion Sol,Camille,Xin Zhao,K'Sante,Kai'Sa,Nautilus
2494,16.3,NA1_5492162704,1,,Blue,1,K'Sante,Nunu & Willump,Akali,Yunara,Karma,LeBlanc,Caitlyn,Neeko,Gwen,Aphelios,Ryze,Rengar,Sylas,Jhin,Nautilus
2495,16.3,NA1_5492162704,0,,Red,0,Ryze,Rengar,Sylas,Jhin,Nautilus,Draven,Lux,Yasuo,Zilean,Taliyah,K'Sante,Nunu & Willump,Akali,Yunara,Karma
2496,16.4,NA1_5500984578,0,,Blue,1,Zac,Ambessa,Lissandra,Caitlyn,Leona,Ezreal,Poppy,Zoe,Rengar,,Renekton,Lee Sin,LeBlanc,Draven,Neeko
2497,16.4,NA1_5500984578,1,,Red,0,Renekton,Lee Sin,LeBlanc,Draven,Neeko,Riven,Vex,Karma,Braum,Rengar,Zac,Ambessa,Lissandra,Caitlyn,Leona
2498,16.3,NA1_5492837349,0,,Blue,1,Sion,Lee Sin,Ahri,Aphelios,Lulu,Pyke,,Akali,Naafiri,Fiora,Rengar,Ambessa,Viktor,Caitlyn,Lux
2499,16.3,NA1_5492837349,1,,Red,0,Rengar,Ambessa,Viktor,Caitlyn,Lux,Shaco,Darius,Sylas,Akali,Zac,Sion,Lee Sin,Ahri,Aphelios,Lulu
2500,16.4,NA1_5501426830,0,,Blue,1,Gangplank,Lee Sin,Zoe,Yunara,Sona,LeBlanc,Bel'Veth,Viktor,Sion,Jax,Zaahen,Jayce,Taliyah,Jinx,Soraka
2501,16.4,NA1_5501426830,1,,Red,0,Zaahen,Jayce,Taliyah,Jinx,Soraka,Kha'Zix,Draven,Nunu & Willump,Nautilus,Bel'Veth,Gangplank,Lee Sin,Zoe,Yunara,Sona
2502,16.4,NA1_5499737037,1,,Blue,1,Ornn,Qiyana,Vex,Ashe,Neeko,Twitch,Riven,Sylas,Rengar,Zoe,Jax,Bel'Veth,Akali,Kai'Sa,Nautilus
2503,16.4,NA1_5499737037,0,,Red,0,Jax,Bel'Veth,Akali,Kai'Sa,Nautilus,Graves,Zaahen,Alistar,Mel,Zoe,Ornn,Qiyana,Vex,Ashe,Neeko
2504,16.4,NA1_5502573431,1,,Blue,1,Ryze,Qiyana,Riven,Sivir,Pantheon,Ambessa,Azir,Jax,Akali,Gwen,Rumble,Malphite,Zed,Yasuo,Rakan
2505,16.4,NA1_5502573431,0,,Red,0,Rumble,Malphite,Zed,Yasuo,Rakan,Nilah,Zoe,Pyke,Bard,Varus,Ryze,Qiyana,Riven,Sivir,Pantheon
2506,16.4,NA1_5501539633,0,,Blue,1,Jayce,Ambessa,Miss Fortune,Hwei,Braum,Zed,Kha'Zix,,,Irelia,Zaahen,Rengar,Varus,Ezreal,Neeko
2507,16.4,NA1_5501539633,1,,Red,0,Zaahen,Rengar,Varus,Ezreal,Neeko,Pyke,Kha'Zix,Yasuo,Draven,Poppy,Jayce,Ambessa,Miss Fortune,Hwei,Braum
2508,16.4,NA1_5500819500,1,,Blue,1,Aurora,Vi,Katarina,Draven,Neeko,Riven,Pyke,Vladimir,Rengar,Braum,Graves,Vayne,Anivia,Ashe,Swain
2509,16.4,NA1_5500819500,0,,Red,0,Graves,Vayne,Anivia,Ashe,Swain,Yasuo,Ambessa,Twisted Fate,Nunu & Willump,Alistar,Aurora,Vi,Katarina,Draven,Neeko
2510,16.4,NA1_5498249815,1,,Blue,1,Aatrox,Taliyah,Ambessa,Lux,Nami,Rengar,Sivir,Akali,Ezreal,Kennen,Cassiopeia,Xin Zhao,Lissandra,Ashe,Malphite
2511,16.4,NA1_5498249815,0,,Red,0,Cassiopeia,Xin Zhao,Lissandra,Ashe,Malphite,Zoe,Zed,Bel'Veth,Nautilus,Karma,Aatrox,Taliyah,Ambessa,Lux,Nami
2512,16.4,NA1_5499066464,0,,Blue,1,Nasus,Fiddlesticks,Twisted Fate,Yunara,Karma,Aatrox,Bard,Caitlyn,Akshan,Vladimir,Annie,Ambessa,Sylas,Jhin,Nidalee
2513,16.4,NA1_5499066464,1,,Red,0,Annie,Ambessa,Sylas,Jhin,Nidalee,Mel,Poppy,Rengar,Riven,Syndra,Nasus,Fiddlesticks,Twisted Fate,Yunara,Karma
2514,16.4,NA1_5495838097,0,,Blue,1,Varus,Rek'Sai,Shen,Ezreal,Annie,Yasuo,Yorick,Jax,Pyke,Syndra,Thresh,Talon,Zed,Zyra,Karma
2515,16.4,NA1_5495838097,1,,Red,0,Thresh,Talon,Zed,Zyra,Karma,Ambessa,Akshan,Lee Sin,Master Yi,Bel'Veth,Varus,Rek'Sai,Shen,Ezreal,Annie
2516,16.3,NA1_5491667758,0,,Blue,1,Ambessa,Warwick,Varus,Kai'Sa,Pyke,Draven,Shaco,Riven,Mel,Rumble,Renekton,Jayce,Neeko,Aphelios,Blitzcrank
2517,16.3,NA1_5491667758,1,,Red,0,Renekton,Jayce,Neeko,Aphelios,Blitzcrank,Draven,Kassadin,Kayn,Yone,Anivia,Ambessa,Warwick,Varus,Kai'Sa,Pyke
2518,16.4,NA1_5501790854,1,,Blue,1,Kennen,Aurora,Sion,Caitlyn,Nautilus,Lux,Riven,Sylas,,,Jayce,Shen,LeBlanc,Jhin,Senna
2519,16.4,NA1_5501790854,0,,Red,0,Jayce,Shen,LeBlanc,Jhin,Senna,Riven,Sona,Karma,Talon,Rengar,Kennen,Aurora,Sion,Caitlyn,Nautilus
2520,16.4,NA1_5501396886,0,,Blue,1,Rumble,Ambessa,Ahri,Jhin,Swain,Rengar,,Poppy,,Azir,Gangplank,Lee Sin,Sylas,Caitlyn,Zoe
2521,16.4,NA1_5501396886,1,,Red,0,Gangplank,Lee Sin,Sylas,Caitlyn,Zoe,Sion,Nautilus,Bel'Veth,Jayce,Aurora,Rumble,Ambessa,Ahri,Jhin,Swain
2522,16.4,NA1_5500236583,1,,Blue,1,Rumble,Jarvan IV,Tristana,Vladimir,Blitzcrank,Riven,,Fiddlesticks,Kha'Zix,,Jayce,Ivern,Sylas,Lux,Senna
2523,16.4,NA1_5500236583,0,,Red,0,Jayce,Ivern,Sylas,Lux,Senna,,Ambessa,Graves,Pyke,Rengar,Rumble,Jarvan IV,Tristana,Vladimir,Blitzcrank
2524,16.4,NA1_5501478325,1,,Blue,1,Ambessa,Sylas,Akshan,Azir,Lee Sin,Lux,Bel'Veth,Jayce,Yasuo,Poppy,Gwen,Viego,Taliyah,Yunara,Rell
2525,16.4,NA1_5501478325,0,,Red,0,Gwen,Viego,Taliyah,Yunara,Rell,Riven,Pyke,Zed,Draven,Rengar,Ambessa,Sylas,Akshan,Azir,Lee Sin
2526,16.4,NA1_5499567088,1,,Blue,1,Aurora,Jayce,Ahri,Varus,Rakan,Bard,Gwen,Akali,Ambessa,Riven,Garen,Xin Zhao,Taliyah,Aphelios,Thresh
2527,16.4,NA1_5499567088,0,,Red,0,Garen,Xin Zhao,Taliyah,Aphelios,Thresh,Darius,Pyke,Karma,,,Aurora,Jayce,Ahri,Varus,Rakan
2528,16.3,NA1_5493100559,0,,Blue,1,Mordekaiser,Ambessa,Orianna,Ezreal,Braum,Hecarim,Draven,Nunu & Willump,Aphelios,Fiora,Olaf,Rumble,Syndra,Varus,Nautilus
2529,16.3,NA1_5493100559,1,,Red,0,Olaf,Rumble,Syndra,Varus,Nautilus,LeBlanc,Zed,Lux,Shaco,Lee Sin,Mordekaiser,Ambessa,Orianna,Ezreal,Braum
2530,16.4,NA1_5500594958,1,,Blue,1,Tryndamere,Vayne,LeBlanc,Miss Fortune,Braum,Akshan,Draven,Malphite,Akali,Twisted Fate,Kayle,Aatrox,Taliyah,Jinx,Karma
2531,16.4,NA1_5500594958,0,,Red,0,Kayle,Aatrox,Taliyah,Jinx,Karma,Draven,Pyke,Riven,,Graves,Tryndamere,Vayne,LeBlanc,Miss Fortune,Braum
2532,16.4,NA1_5500837051,1,,Blue,1,Varus,Jayce,Orianna,Pyke,Alistar,Yasuo,Sylas,Braum,Rengar,Bel'Veth,Aatrox,Xin Zhao,Hwei,Jhin,Bard
2533,16.4,NA1_5500837051,0,,Red,0,Aatrox,Xin Zhao,Hwei,Jhin,Bard,Vladimir,Graves,Yasuo,Zoe,Ambessa,Varus,Jayce,Orianna,Pyke,Alistar
2534,16.4,NA1_5501249073,0,,Blue,1,Kayle,Ambessa,Anivia,Aphelios,Janna,,Bel'Veth,Jax,Nautilus,Pyke,Kled,Ekko,Ziggs,Seraphine,Alistar
2535,16.4,NA1_5501249073,1,,Red,0,Kled,Ekko,Ziggs,Seraphine,Alistar,Rengar,Mel,Pyke,Yasuo,Fiora,Kayle,Ambessa,Anivia,Aphelios,Janna
2536,16.3,NA1_5491766621,1,,Blue,1,Aurelion Sol,Kha'Zix,Cassiopeia,Varus,Alistar,Zed,Aphelios,Lee Sin,Taliyah,Irelia,Anivia,Nidalee,Sylas,Corki,Nami
2537,16.3,NA1_5491766621,0,,Red,0,Anivia,Nidalee,Sylas,Corki,Nami,Jax,Katarina,Braum,Rengar,Ambessa,Aurelion Sol,Kha'Zix,Cassiopeia,Varus,Alistar
2538,16.4,NA1_5499550861,0,,Blue,1,Graves,Aatrox,Katarina,Smolder,LeBlanc,Draven,Qiyana,Alistar,Kha'Zix,Vladimir,Darius,Evelynn,Tristana,Ashe,Skarner
2539,16.4,NA1_5499550861,1,,Red,0,Darius,Evelynn,Tristana,Ashe,Skarner,Sona,Ambessa,,Jayce,Zac,Graves,Aatrox,Katarina,Smolder,LeBlanc
2540,16.4,NA1_5498505204,1,,Blue,1,Akali,Lee Sin,Orianna,Twitch,Rakan,Ambessa,Bel'Veth,Yasuo,Graves,Rengar,Zaahen,Brand,Pantheon,Lucian,Nami
2541,16.4,NA1_5498505204,0,,Red,0,Zaahen,Brand,Pantheon,Lucian,Nami,Darius,Akshan,Zoe,Sona,Ambessa,Akali,Lee Sin,Orianna,Twitch,Rakan
2542,16.3,NA1_5494859210,1,,Blue,1,Jax,Ivern,Akali,Yunara,Janna,Sona,Jayce,Pyke,Teemo,Rumble,Renekton,Talon,Ryze,Ezreal,Senna
2543,16.3,NA1_5494859210,0,,Red,0,Renekton,Talon,Ryze,Ezreal,Senna,Riven,Lee Sin,Lux,Ambessa,Rengar,Jax,Ivern,Akali,Yunara,Janna
2544,16.3,NA1_5494434975,0,,Blue,1,Yone,Xin Zhao,Ziggs,Sona,Alistar,Gwen,Rengar,Zoe,Yasuo,Zed,Renekton,Lee Sin,Viktor,Aphelios,Senna
2545,16.3,NA1_5494434975,1,,Red,0,Renekton,Lee Sin,Viktor,Aphelios,Senna,Pyke,Zed,Akali,Kha'Zix,Jayce,Yone,Xin Zhao,Ziggs,Sona,Alistar
2546,16.4,NA1_5502234794,0,,Blue,1,Rumble,Sejuani,Zed,Corki,Janna,Poppy,Yasuo,Nautilus,,Akali,Rengar,Sylas,Annie,Xayah,Blitzcrank
2547,16.4,NA1_5502234794,1,,Red,0,Rengar,Sylas,Annie,Xayah,Blitzcrank,Ambessa,Darius,Kha'Zix,Sona,Akali,Rumble,Sejuani,Zed,Corki,Janna
2548,16.4,NA1_5502011024,0,,Blue,1,Sion,Jayce,Hwei,Mel,Trundle,Zed,Rengar,Riven,Kha'Zix,Sivir,Dr. Mundo,Graves,Ahri,Vladimir,Leona
2549,16.4,NA1_5502011024,1,,Red,0,Dr. Mundo,Graves,Ahri,Vladimir,Leona,Kha'Zix,Fiddlesticks,Fiora,Zoe,Aphelios,Sion,Jayce,Hwei,Mel,Trundle
2550,16.3,NA1_5494744492,0,,Blue,1,Yorick,Dr. Mundo,Xerath,Aphelios,Poppy,Akali,Riven,Yunara,Master Yi,Shaco,Gwen,Kindred,Aurora,Lucian,Rell
2551,16.3,NA1_5494744492,1,,Red,0,Gwen,Kindred,Aurora,Lucian,Rell,Nami,,Sona,Ambessa,Jayce,Yorick,Dr. Mundo,Xerath,Aphelios,Poppy
2552,16.4,NA1_5498484323,0,,Blue,1,Rumble,Kha'Zix,Ahri,Sivir,Nami,Lee Sin,Diana,Yasuo,Akshan,Master Yi,Garen,Lillia,Zac,Caitlyn,Senna
2553,16.4,NA1_5498484323,1,,Red,0,Garen,Lillia,Zac,Caitlyn,Senna,Smolder,Nasus,Zoe,Kindred,Draven,Rumble,Kha'Zix,Ahri,Sivir,Nami
2554,16.3,NA1_5493385552,1,,Blue,1,Jax,Kindred,Aurora,Jinx,Braum,Ambessa,Akshan,Gwen,Zilean,Nunu & Willump,Azir,Bel'Veth,Vex,Yunara,Rakan
2555,16.3,NA1_5493385552,0,,Red,0,Azir,Bel'Veth,Vex,Yunara,Rakan,Zoe,Poppy,Akali,Urgot,Yasuo,Jax,Kindred,Aurora,Jinx,Braum
2556,16.4,NA1_5502059288,1,,Blue,1,Udyr,Amumu,Ryze,Corki,Blitzcrank,Ambessa,Rengar,Ezreal,Shaco,Fiora,Zaahen,Karthus,Fizz,Aphelios,Braum
2557,16.4,NA1_5502059288,0,,Red,0,Zaahen,Karthus,Fizz,Aphelios,Braum,Naafiri,Sylas,Ambessa,Anivia,Darius,Udyr,Amumu,Ryze,Corki,Blitzcrank
2558,16.4,NA1_5500158298,0,,Blue,1,Ambessa,Kha'Zix,Orianna,Ezreal,Poppy,Sona,Sylas,Riven,Talon,Graves,Renekton,Dr. Mundo,Akali,Kai'Sa,Pantheon
2559,16.4,NA1_5500158298,1,,Red,0,Renekton,Dr. Mundo,Akali,Kai'Sa,Pantheon,Jayce,Rengar,Nunu & Willump,Caitlyn,,Ambessa,Kha'Zix,Orianna,Ezreal,Poppy
2560,16.4,NA1_5499186916,0,,Blue,1,Anivia,Kha'Zix,LeBlanc,Ashe,Milio,Gwen,Ambessa,Blitzcrank,Katarina,Fiora,Ahri,Graves,K'Sante,Jhin,Zyra
2561,16.4,NA1_5499186916,1,,Red,0,Ahri,Graves,K'Sante,Jhin,Zyra,Zed,Syndra,Akshan,Jayce,Jax,Anivia,Kha'Zix,LeBlanc,Ashe,Milio
2562,16.4,NA1_5502438950,0,,Blue,1,Azir,Elise,Cassiopeia,Corki,Senna,Draven,Ambessa,Akshan,Rengar,Jayce,Irelia,Graves,Sylas,Lucian,Nautilus
2563,16.4,NA1_5502438950,1,,Red,0,Irelia,Graves,Sylas,Lucian,Nautilus,Yasuo,Jayce,Zaahen,Jax,Zoe,Azir,Elise,Cassiopeia,Corki,Senna
2564,16.4,NA1_5501958964,1,,Blue,1,K'Sante,Rengar,Hwei,Corki,Bard,Aphelios,Ambessa,Zed,Yasuo,Riven,Anivia,Rumble,Syndra,Caitlyn,Nautilus
2565,16.4,NA1_5501958964,0,,Red,0,Anivia,Rumble,Syndra,Caitlyn,Nautilus,Ahri,Bel'Veth,Jayce,Riven,Sona,K'Sante,Rengar,Hwei,Corki,Bard
2566,16.3,NA1_5492680042,1,,Blue,1,Wukong,Ambessa,Anivia,Samira,Nami,Rengar,Draven,Akali,Varus,,Aatrox,Gwen,Ezreal,Miss Fortune,Poppy
2567,16.3,NA1_5492680042,0,,Red,0,Aatrox,Gwen,Ezreal,Miss Fortune,Poppy,Jayce,Xerath,Nunu & Willump,Braum,,Wukong,Ambessa,Anivia,Samira,Nami
2568,16.4,NA1_5502300623,0,,Blue,1,Renekton,Shen,Vex,Ezreal,Sona,Mel,Pyke,Riven,Ryze,,Vayne,Aatrox,Katarina,Aurelion Sol,Pantheon
2569,16.4,NA1_5502300623,1,,Red,0,Vayne,Aatrox,Katarina,Aurelion Sol,Pantheon,Jayce,Ambessa,Draven,Yasuo,Riven,Renekton,Shen,Vex,Ezreal,Sona
2570,16.4,NA1_5499426000,1,,Blue,1,Akali,Vi,Aurelion Sol,Varus,Thresh,Zed,Jayce,Ambessa,Aphelios,Riven,Lee Sin,Zac,Jax,Twitch,Sona
2571,16.4,NA1_5499426000,0,,Red,0,Lee Sin,Zac,Jax,Twitch,Sona,Riven,Ambessa,Nautilus,Janna,Poppy,Akali,Vi,Aurelion Sol,Varus,Thresh
2572,16.4,NA1_5501928172,1,,Blue,1,Ambessa,Shaco,Malzahar,Xerath,Karma,Graves,Rek'Sai,,Irelia,Gwen,Dr. Mundo,Kayn,LeBlanc,Ashe,Nidalee
2573,16.4,NA1_5501928172,0,,Red,0,Dr. Mundo,Kayn,LeBlanc,Ashe,Nidalee,Pantheon,Rengar,Jayce,Zed,Gragas,Ambessa,Shaco,Malzahar,Xerath,Karma
2574,16.4,NA1_5501473316,1,,Blue,1,Aurora,Darius,Anivia,Zeri,Yuumi,Irelia,Jayce,Nunu & Willump,Ambessa,Draven,Varus,Naafiri,Ryze,Corki,Nami
2575,16.4,NA1_5501473316,0,,Red,0,Varus,Naafiri,Ryze,Corki,Nami,Bel'Veth,Vladimir,Kha'Zix,Graves,,Aurora,Darius,Anivia,Zeri,Yuumi
2576,16.4,NA1_5501051765,1,,Blue,1,Gnar,Jayce,Ryze,Varus,Leona,Rengar,Yasuo,Draven,Pyke,Riven,Singed,Ambessa,Mel,Ashe,Seraphine
2577,16.4,NA1_5501051765,0,,Red,0,Singed,Ambessa,Mel,Ashe,Seraphine,Kayle,Kha'Zix,Riven,Rengar,Draven,Gnar,Jayce,Ryze,Varus,Leona
2578,16.4,NA1_5496646831,0,,Blue,1,Vayne,Kha'Zix,Katarina,Aurelion Sol,Lee Sin,Caitlyn,Yasuo,Malphite,Zaahen,Draven,Darius,Kayn,Hwei,Brand,Nami
2579,16.4,NA1_5496646831,0,,Red,0,Darius,Kayn,Hwei,Brand,Nami,Yasuo,Ziggs,Anivia,Vladimir,Ambessa,Vayne,Kha'Zix,Katarina,Aurelion Sol,Lee Sin
2580,16.4,NA1_5501696806,1,,Blue,1,Aatrox,Udyr,Ryze,Varus,Karma,Jayce,Zoe,Nautilus,Sona,Rengar,Yone,Teemo,Anivia,Sivir,Pantheon
2581,16.4,NA1_5501696806,0,,Red,0,Yone,Teemo,Anivia,Sivir,Pantheon,Riven,Fiora,Ambessa,Ahri,Sona,Aatrox,Udyr,Ryze,Varus,Karma
2582,16.4,NA1_5500046185,1,,Blue,1,Graves,Zac,Viego,Kog'Maw,Lulu,Rengar,Pyke,Jax,Kha'Zix,Nunu & Willump,Jayce,Sejuani,Kassadin,Ezreal,Bard
2583,16.4,NA1_5500046185,0,,Red,0,Jayce,Sejuani,Kassadin,Ezreal,Bard,Riven,Zed,Ambessa,Lux,Kha'Zix,Graves,Zac,Viego,Kog'Maw,Lulu
2584,16.4,NA1_5500640163,1,,Blue,1,Rek'Sai,Master Yi,Vel'Koz,Caitlyn,Nami,Gwen,Twisted Fate,Akali,Jax,Nautilus,Vayne,Kindred,Galio,Hwei,Lux
2585,16.4,NA1_5500640163,0,,Red,0,Vayne,Kindred,Galio,Hwei,Lux,Nunu & Willump,Rengar,Sivir,Viktor,Ambessa,Rek'Sai,Master Yi,Vel'Koz,Caitlyn,Nami
2586,16.4,NA1_5498120572,0,,Blue,1,Jax,Jayce,Ahri,Miss Fortune,Senna,Kindred,Ambessa,Kha'Zix,Graves,Ekko,Talon,Fiddlesticks,Twisted Fate,Yunara,Lulu
2587,16.4,NA1_5498120572,1,,Red,0,Talon,Fiddlesticks,Twisted Fate,Yunara,Lulu,Ambessa,Galio,Akali,Pyke,Qiyana,Jax,Jayce,Ahri,Miss Fortune,Senna
2588,16.4,NA1_5499492498,0,,Blue,1,Vladimir,Graves,Irelia,Seraphine,Neeko,Kennen,Bel'Veth,Mel,Pyke,Gwen,Jax,Cho'Gath,Aurora,Varus,Bard
2589,16.4,NA1_5499492498,1,,Red,0,Jax,Cho'Gath,Aurora,Varus,Bard,Jayce,Zed,Rengar,Ambessa,Riven,Vladimir,Graves,Irelia,Seraphine,Neeko
2590,16.4,NA1_5502266100,1,,Blue,1,Azir,Nunu & Willump,Corki,Mel,Taric,Sona,Bel'Veth,Pyke,Kassadin,Yone,Varus,Jarvan IV,Vladimir,Senna,Karma
2591,16.4,NA1_5502266100,0,,Red,0,Varus,Jarvan IV,Vladimir,Senna,Karma,Orianna,Yasuo,Zed,Gangplank,Nautilus,Azir,Nunu & Willump,Corki,Mel,Taric
2592,16.4,NA1_5496602735,1,,Blue,1,Jax,Maokai,Akali,Jinx,Bard,Ambessa,Kha'Zix,Bel'Veth,Azir,Gwen,Gangplank,Trundle,Kindred,Ezreal,Alistar
2593,16.4,NA1_5496602735,0,,Red,0,Gangplank,Trundle,Kindred,Ezreal,Alistar,Fiora,Gwen,Bel'Veth,Graves,Talon,Jax,Maokai,Akali,Jinx,Bard
2594,16.4,NA1_5500525786,1,,Blue,1,Yone,Ambessa,Ryze,Draven,Morgana,Mel,Jax,Kha'Zix,Elise,Akali,Jayce,Gwen,Zac,Varus,Tahm Kench
2595,16.4,NA1_5500525786,0,,Red,0,Jayce,Gwen,Zac,Varus,Tahm Kench,Qiyana,Hwei,Rengar,Neeko,Malphite,Yone,Ambessa,Ryze,Draven,Morgana
2596,16.4,NA1_5501460685,1,,Blue,1,Gwen,Graves,Aurelion Sol,Yunara,Poppy,Draven,Naafiri,Jarvan IV,Jayce,,Jax,Ambessa,Ryze,Kai'Sa,Nautilus
2597,16.4,NA1_5501460685,0,,Red,0,Jax,Ambessa,Ryze,Kai'Sa,Nautilus,Yasuo,Twitch,Fiora,Draven,Rengar,Gwen,Graves,Aurelion Sol,Yunara,Poppy
2598,16.4,NA1_5500997287,0,,Blue,1,Rumble,Jayce,Orianna,Jhin,Nautilus,,Lux,Kha'Zix,,Riven,Ryze,Graves,Akali,Corki,Jarvan IV
2599,16.4,NA1_5500997287,1,,Red,0,Ryze,Graves,Akali,Corki,Jarvan IV,Yasuo,Ambessa,,,Rengar,Rumble,Jayce,Orianna,Jhin,Nautilus
2600,16.4,NA1_5502268939,1,,Blue,1,Riven,Karthus,Vex,Samira,Taric,Ekko,Mel,Caitlyn,Ambessa,Zac,Sion,Zaahen,Akali,Twitch,Nautilus
2601,16.4,NA1_5502268939,0,,Red,0,Sion,Zaahen,Akali,Twitch,Nautilus,Braum,LeBlanc,Poppy,Alistar,Aatrox,Riven,Karthus,Vex,Samira,Taric
2602,16.3,NA1_5493614228,0,,Blue,1,Zaahen,Nunu & Willump,Syndra,Varus,Vel'Koz,Draven,Bel'Veth,Kha'Zix,Vladimir,Fiora,Kled,Dr. Mundo,Zilean,Sivir,Pyke
2603,16.3,NA1_5493614228,1,,Red,0,Kled,Dr. Mundo,Zilean,Sivir,Pyke,Rengar,,Sylas,Twitch,Fiora,Zaahen,Nunu & Willump,Syndra,Varus,Vel'Koz
2604,16.4,NA1_5496093264,0,,Blue,1,Yasuo,Talon,Diana,Mel,Neeko,Malphite,Pyke,Gwen,Ambessa,Sylas,Ornn,Zac,Jhin,Samira,Nidalee
2605,16.4,NA1_5496093264,1,,Red,0,Ornn,Zac,Jhin,Samira,Nidalee,Poppy,Varus,Nautilus,Fiora,,Yasuo,Talon,Diana,Mel,Neeko
2606,16.3,NA1_5493573895,0,,Blue,1,Cho'Gath,Vi,Viktor,Corki,Nami,Nautilus,Riven,Akali,Ambessa,Rengar,Aurora,Graves,Jayce,Lux,Seraphine
2607,16.3,NA1_5493573895,1,,Red,0,Aurora,Graves,Jayce,Lux,Seraphine,Zed,Pyke,Rengar,Kha'Zix,Riven,Cho'Gath,Vi,Viktor,Corki,Nami
2608,16.4,NA1_5495862475,1,,Blue,1,Fiora,Rek'Sai,Katarina,Caitlyn,Lux,Yasuo,Dr. Mundo,Illaoi,Malphite,Akali,Anivia,Zaahen,Galio,Ezreal,Nautilus
2609,16.4,NA1_5495862475,0,,Red,0,Anivia,Zaahen,Galio,Ezreal,Nautilus,Sona,Aatrox,Rengar,Jax,Jayce,Fiora,Rek'Sai,Katarina,Caitlyn,Lux
2610,16.4,NA1_5498064837,1,,Blue,1,Ambessa,Sejuani,Annie,Kai'Sa,Bard,Aatrox,Kindred,Graves,Zoe,Draven,Jax,Zaahen,Katarina,Sivir,Neeko
2611,16.4,NA1_5498064837,0,,Red,0,Jax,Zaahen,Katarina,Sivir,Neeko,Galio,Akali,,Karma,Rengar,Ambessa,Sejuani,Annie,Kai'Sa,Bard
2612,16.3,NA1_5495066275,1,,Blue,1,Vayne,Xin Zhao,Orianna,Corki,Nami,Zed,,Draven,Ambessa,Mel,K'Sante,Lee Sin,Xerath,Lucian,Sona
2613,16.3,NA1_5495066275,0,,Red,0,K'Sante,Lee Sin,Xerath,Lucian,Sona,Jayce,Rengar,Akali,,,Vayne,Xin Zhao,Orianna,Corki,Nami
2614,16.4,NA1_5497336387,1,,Blue,1,Nasus,Vi,Zoe,Xerath,Senna,Aatrox,,Ahri,Riven,Akshan,Fiora,Nunu & Willump,Yone,Varus,Karma
2615,16.4,NA1_5497336387,0,,Red,0,Fiora,Nunu & Willump,Yone,Varus,Karma,Bel'Veth,Riven,Yasuo,,Gangplank,Nasus,Vi,Zoe,Xerath,Senna
2616,16.4,NA1_5500303934,1,,Blue,1,Irelia,Udyr,Yasuo,Ziggs,Poppy,Bel'Veth,Draven,,Brand,Graves,Olaf,Aatrox,Katarina,Kalista,Nautilus
2617,16.4,NA1_5500303934,0,,Red,0,Olaf,Aatrox,Katarina,Kalista,Nautilus,Ahri,Vladimir,Ambessa,Jax,Riven,Irelia,Udyr,Yasuo,Ziggs,Poppy
2618,16.4,NA1_5498561511,1,,Blue,1,Yasuo,Ambessa,Sion,Seraphine,Neeko,Mel,Shaco,Syndra,Pyke,Riven,Corki,Kha'Zix,Renekton,Zyra,Nami
2619,16.4,NA1_5498561511,0,,Red,0,Corki,Kha'Zix,Renekton,Zyra,Nami,Qiyana,Smolder,Poppy,Blitzcrank,Lux,Yasuo,Ambessa,Sion,Seraphine,Neeko
2620,16.4,NA1_5501762483,1,,Blue,1,Irelia,Jarvan IV,Orianna,Aurelion Sol,Seraphine,,Sivir,Riven,,,Akali,Jayce,Yone,Zeri,Nautilus
2621,16.4,NA1_5501762483,0,,Red,0,Akali,Jayce,Yone,Zeri,Nautilus,Camille,Jax,Pyke,Riven,Rengar,Irelia,Jarvan IV,Orianna,Aurelion Sol,Seraphine
2622,16.3,NA1_5491875093,0,,Blue,1,Rengar,Jarvan IV,Quinn,Mel,Rakan,Sivir,Ambessa,Zilean,Ezreal,Darius,Malphite,Olaf,Yone,Brand,Senna
2623,16.3,NA1_5491875093,1,,Red,0,Malphite,Olaf,Yone,Brand,Senna,Braum,Bel'Veth,Gwen,Nautilus,Ambessa,Rengar,Jarvan IV,Quinn,Mel,Rakan
2624,16.3,NA1_5492136062,1,,Blue,1,Anivia,Zaahen,Fizz,Fiora,Senna,Sylas,Pyke,Graves,Yone,Draven,Kennen,Jax,Qiyana,Jinx,Milio
2625,16.3,NA1_5492136062,0,,Red,0,Kennen,Jax,Qiyana,Jinx,Milio,,Ambessa,Pyke,Riven,LeBlanc,Anivia,Zaahen,Fizz,Fiora,Senna
2626,16.4,NA1_5501937135,0,,Blue,1,Urgot,Rek'Sai,Hwei,Varus,Neeko,Milio,Zed,Karma,Vayne,Taliyah,Gnar,Graves,Twisted Fate,Aurelion Sol,Pyke
2627,16.4,NA1_5501937135,1,,Red,0,Gnar,Graves,Twisted Fate,Aurelion Sol,Pyke,Ezreal,Akali,Riven,,Yasuo,Urgot,Rek'Sai,Hwei,Varus,Neeko
2628,16.4,NA1_5501360963,0,,Blue,1,Smolder,Udyr,Xerath,Jhin,Braum,Ambessa,Kayle,Akali,Talon,Karma,Irelia,Kha'Zix,Orianna,Corki,Sona
2629,16.4,NA1_5501360963,1,,Red,0,Irelia,Kha'Zix,Orianna,Corki,Sona,Jax,Viktor,Blitzcrank,Lee Sin,Pyke,Smolder,Udyr,Xerath,Jhin,Braum
2630,16.4,NA1_5497795798,1,,Blue,1,Riven,Zyra,Pantheon,Miss Fortune,Zilean,Renekton,,Sylas,Syndra,Ahri,Shen,Graves,Gragas,Swain,Sona
2631,16.4,NA1_5497795798,0,,Red,0,Shen,Graves,Gragas,Swain,Sona,Sylas,Kindred,Ambessa,Singed,Nautilus,Riven,Zyra,Pantheon,Miss Fortune,Zilean
2632,16.3,NA1_5493660630,1,,Blue,1,Darius,Vi,Irelia,Kog'Maw,Senna,Riven,LeBlanc,Pyke,Rumble,Rengar,Aurora,Zaahen,Zoe,Twitch,Nautilus
2633,16.3,NA1_5493660630,0,,Red,0,Aurora,Zaahen,Zoe,Twitch,Nautilus,Pyke,,Akali,Rengar,Yasuo,Darius,Vi,Irelia,Kog'Maw,Senna
2634,16.4,NA1_5500872697,1,,Blue,1,Sion,Graves,Ryze,Caitlyn,Braum,Draven,Orianna,,Nunu & Willump,Nautilus,Ambessa,Ivern,Yone,Kalista,Blitzcrank
2635,16.4,NA1_5500872697,0,,Red,0,Ambessa,Ivern,Yone,Kalista,Blitzcrank,Riven,Bel'Veth,Nunu & Willump,Zed,Yunara,Sion,Graves,Ryze,Caitlyn,Braum
2636,16.4,NA1_5501935007,0,,Blue,1,Fiora,Graves,Ahri,Miss Fortune,Rell,Ambessa,Anivia,Lee Sin,Malphite,Ryze,Kayle,Kha'Zix,Twisted Fate,Sivir,Lux
2637,16.4,NA1_5501935007,1,,Red,0,Kayle,Kha'Zix,Twisted Fate,Sivir,Lux,Qiyana,Nautilus,Anivia,Tryndamere,Udyr,Fiora,Graves,Ahri,Miss Fortune,Rell
2638,16.4,NA1_5500913036,0,,Blue,1,Nasus,Gragas,Ahri,Yunara,Karma,Yasuo,Jayce,Caitlyn,Ambessa,Poppy,Camille,Nocturne,Orianna,Draven,Neeko
2639,16.4,NA1_5500913036,1,,Red,0,Camille,Nocturne,Orianna,Draven,Neeko,Pyke,Rengar,Braum,Riven,Ryze,Nasus,Gragas,Ahri,Yunara,Karma
2640,16.3,NA1_5491753125,1,,Blue,1,Kled,Xin Zhao,Azir,Caitlyn,Bard,Mel,Kennen,Kassadin,Zoe,Kha'Zix,Udyr,Zyra,Qiyana,Kog'Maw,Lulu
2641,16.3,NA1_5491753125,0,,Red,0,Udyr,Zyra,Qiyana,Kog'Maw,Lulu,Rengar,Sion,Vladimir,,Yasuo,Kled,Xin Zhao,Azir,Caitlyn,Bard
2642,16.4,NA1_5500293233,0,,Blue,1,Karma,Jarvan IV,Ekko,Corki,Pyke,Akali,Mel,Twitch,Riven,Briar,Dr. Mundo,Jayce,Sylas,Veigar,Nami
2643,16.4,NA1_5500293233,1,,Red,0,Dr. Mundo,Jayce,Sylas,Veigar,Nami,Leona,Nautilus,Taliyah,Rengar,Urgot,Karma,Jarvan IV,Ekko,Corki,Pyke
2644,16.3,NA1_5495286245,0,,Blue,1,Yone,Kha'Zix,Zoe,Twitch,Sona,Renekton,Yasuo,Nautilus,Mel,Ambessa,Jayce,Jarvan IV,LeBlanc,Corki,Nami
2645,16.3,NA1_5495286245,1,,Red,0,Jayce,Jarvan IV,LeBlanc,Corki,Nami,Riven,Pyke,Shaco,Vex,Gwen,Yone,Kha'Zix,Zoe,Twitch,Sona
2646,16.4,NA1_5501928361,1,,Blue,1,Tryndamere,Graves,Ahri,Corki,Nautilus,Fiddlesticks,Zac,Pyke,Cassiopeia,Malphite,Gnar,Kha'Zix,Viktor,Ezreal,Anivia
2647,16.4,NA1_5501928361,0,,Red,0,Gnar,Kha'Zix,Viktor,Ezreal,Anivia,Yasuo,Qiyana,Thresh,Vladimir,Riven,Tryndamere,Graves,Ahri,Corki,Nautilus
2648,16.4,NA1_5497351928,0,,Blue,1,Jayce,Zaahen,Sion,Kog'Maw,Seraphine,Riven,Hecarim,Zoe,Draven,Karma,Urgot,Evelynn,Zed,Jhin,Zilean
2649,16.4,NA1_5497351928,1,,Red,0,Urgot,Evelynn,Zed,Jhin,Zilean,Kayn,Ambessa,Yasuo,Samira,Yone,Jayce,Zaahen,Sion,Kog'Maw,Seraphine
2650,16.4,NA1_5497540142,0,,Blue,1,Varus,Zed,Orianna,Lux,Neeko,Riven,Mel,Kha'Zix,Pyke,Ambessa,Malzahar,Aatrox,Nasus,Ezreal,Brand
2651,16.4,NA1_5497540142,1,,Red,0,Malzahar,Aatrox,Nasus,Ezreal,Brand,Draven,Olaf,Hecarim,Shaco,Sylas,Varus,Zed,Orianna,Lux,Neeko
2652,16.3,NA1_5493713637,1,,Blue,1,Ornn,Elise,Zed,Sivir,Nautilus,Gwen,Aatrox,Zoe,Yasuo,,Volibear,Ekko,Qiyana,Aphelios,Karma
2653,16.3,NA1_5493713637,0,,Red,0,Volibear,Ekko,Qiyana,Aphelios,Karma,,Caitlyn,Jax,Rengar,Zac,Ornn,Elise,Zed,Sivir,Nautilus
2654,16.4,NA1_5495731672,0,,Blue,1,Renekton,Udyr,Vex,Miss Fortune,Neeko,Mel,Jax,Olaf,Rengar,Bel'Veth,Jayce,Gwen,Orianna,Jhin,Vel'Koz
2655,16.4,NA1_5495731672,1,,Red,0,Jayce,Gwen,Orianna,Jhin,Vel'Koz,Fiddlesticks,Yasuo,Pyke,Varus,Zac,Renekton,Udyr,Vex,Miss Fortune,Neeko
2656,16.4,NA1_5501127401,1,,Blue,1,Heimerdinger,Kha'Zix,Naafiri,Kai'Sa,Braum,Sona,Caitlyn,Swain,Mel,Irelia,Aurora,Ambessa,Akshan,Seraphine,Nami
2657,16.4,NA1_5501127401,0,,Red,0,Aurora,Ambessa,Akshan,Seraphine,Nami,Rengar,,Draven,Mel,Yasuo,Heimerdinger,Kha'Zix,Naafiri,Kai'Sa,Braum
2658,16.4,NA1_5498964997,1,,Blue,1,Graves,Pantheon,LeBlanc,Miss Fortune,Karma,,Pyke,Rengar,Naafiri,Riven,Mordekaiser,Kindred,Nasus,Jinx,Braum
2659,16.4,NA1_5498964997,0,,Red,0,Mordekaiser,Kindred,Nasus,Jinx,Braum,Jax,Anivia,Katarina,Ambessa,Sona,Graves,Pantheon,LeBlanc,Miss Fortune,Karma
2660,16.4,NA1_5502082281,0,,Blue,1,Darius,Sion,Yasuo,Twitch,Thresh,Vayne,Gwen,Akali,Pyke,Draven,Anivia,Lee Sin,Malphite,Aurelion Sol,Sona
2661,16.4,NA1_5502082281,1,,Red,0,Anivia,Lee Sin,Malphite,Aurelion Sol,Sona,,Bel'Veth,Irelia,Mel,Naafiri,Darius,Sion,Yasuo,Twitch,Thresh
2662,16.4,NA1_5498866695,1,,Blue,1,Camille,Dr. Mundo,LeBlanc,Tristana,Nami,Zed,Gwen,Ambessa,Syndra,Pyke,Vladimir,Jarvan IV,Ezreal,Nilah,Rakan
2663,16.4,NA1_5498866695,0,,Red,0,Vladimir,Jarvan IV,Ezreal,Nilah,Rakan,Varus,Ambessa,Graves,,,Camille,Dr. Mundo,LeBlanc,Tristana,Nami
2664,16.4,NA1_5498472457,0,,Blue,1,Jayce,Nunu & Willump,Azir,Sivir,Rell,Draven,Rengar,Riven,Yasuo,Pyke,Gnar,Ivern,Kassadin,Seraphine,Alistar
2665,16.4,NA1_5498472457,1,,Red,0,Gnar,Ivern,Kassadin,Seraphine,Alistar,Poppy,Gwen,Zac,Zoe,Zed,Jayce,Nunu & Willump,Azir,Sivir,Rell
2666,16.4,NA1_5501900350,1,,Blue,1,Kayle,Jarvan IV,Yasuo,Ashe,Seraphine,Jax,Zac,LeBlanc,Zyra,Nautilus,Fiora,Ambessa,Orianna,Varus,Thresh
2667,16.4,NA1_5501900350,0,,Red,0,Fiora,Ambessa,Orianna,Varus,Thresh,Gwen,Master Yi,Pyke,Anivia,Malphite,Kayle,Jarvan IV,Yasuo,Ashe,Seraphine
2668,16.3,NA1_5492723248,0,,Blue,1,Yorick,Rengar,Yone,Zyra,Bard,Blitzcrank,,Akali,Lux,,Garen,Qiyana,Azir,Ezreal,Karma
2669,16.3,NA1_5492723248,1,,Red,0,Garen,Qiyana,Azir,Ezreal,Karma,Jax,Varus,Riven,,Kha'Zix,Yorick,Rengar,Yone,Zyra,Bard
2670,16.4,NA1_5502462630,1,,Blue,1,Azir,Rengar,Lux,Tristana,Milio,Hecarim,Udyr,Wukong,Zac,Draven,Nasus,Xin Zhao,Ryze,Lucian,Neeko
2671,16.4,NA1_5502462630,0,,Red,0,Nasus,Xin Zhao,Ryze,Lucian,Neeko,Lulu,Thresh,Akshan,Draven,Ambessa,Azir,Rengar,Lux,Tristana,Milio
2672,16.4,NA1_5501605752,0,,Blue,1,Camille,Viego,Twisted Fate,Aphelios,Sona,Jayce,Rengar,Yasuo,Rell,Braum,Jax,Graves,Sylas,Jinx,Lulu
2673,16.4,NA1_5501605752,1,,Red,0,Jax,Graves,Sylas,Jinx,Lulu,Jayce,,Kha'Zix,Ambessa,,Camille,Viego,Twisted Fate,Aphelios,Sona
2674,16.3,NA1_5492951510,0,,Blue,1,Kayle,Jayce,Ryze,Zeri,Leona,Azir,Nunu & Willump,Gwen,Lux,Zed,Camille,Skarner,Orianna,Lucian,Nami
2675,16.3,NA1_5492951510,1,,Red,0,Camille,Skarner,Orianna,Lucian,Nami,Neeko,,Riven,Ambessa,Fiddlesticks,Kayle,Jayce,Ryze,Zeri,Leona
2676,16.4,NA1_5501507049,1,,Blue,1,Renekton,Zaahen,Ahri,Kai'Sa,Nautilus,Draven,Gwen,Azir,Pyke,Zed,Ambessa,Vi,Orianna,Jinx,Poppy
2677,16.4,NA1_5501507049,0,,Red,0,Ambessa,Vi,Orianna,Jinx,Poppy,Jayce,Draven,Lux,Ezreal,Riven,Renekton,Zaahen,Ahri,Kai'Sa,Nautilus
2678,16.4,NA1_5497079428,0,,Blue,1,Sett,Lillia,Azir,Sivir,Lulu,Zed,Pyke,Varus,Ivern,Draven,Vayne,Qiyana,Cho'Gath,Mel,Pantheon
2679,16.4,NA1_5497079428,1,,Red,0,Vayne,Qiyana,Cho'Gath,Mel,Pantheon,Milio,Gwen,Zaahen,Caitlyn,Ahri,Sett,Lillia,Azir,Sivir,Lulu
2680,16.4,NA1_5500535798,0,,Blue,1,Ryze,Briar,Riven,Sivir,Zyra,Pyke,Yorick,Rek'Sai,Draven,Aurora,Rengar,Jarvan IV,Anivia,Ziggs,Sona
2681,16.4,NA1_5500535798,1,,Red,0,Rengar,Jarvan IV,Anivia,Ziggs,Sona,Twitch,Yasuo,Darius,Gwen,Syndra,Ryze,Briar,Riven,Sivir,Zyra
2682,16.4,NA1_5500061954,1,,Blue,1,Irelia,Jayce,Malzahar,Sivir,Shaco,Kha'Zix,Soraka,Zilean,Riven,,Yasuo,Lee Sin,Mel,Vayne,Yuumi
2683,16.4,NA1_5500061954,0,,Red,0,Yasuo,Lee Sin,Mel,Vayne,Yuumi,Thresh,Kha'Zix,Akshan,Pyke,Naafiri,Irelia,Jayce,Malzahar,Sivir,Shaco
2684,16.4,NA1_5501203381,0,,Blue,1,Riven,Dr. Mundo,Anivia,Aurelion Sol,Seraphine,Draven,Pyke,Shaco,,Aurora,Pantheon,Fizz,Qiyana,Aphelios,Blitzcrank
2685,16.4,NA1_5501203381,1,,Red,0,Pantheon,Fizz,Qiyana,Aphelios,Blitzcrank,Pyke,Vladimir,Shaco,Yasuo,Ambessa,Riven,Dr. Mundo,Anivia,Aurelion Sol,Seraphine
2686,16.3,NA1_5493726456,1,,Blue,1,Dr. Mundo,Jarvan IV,Ahri,Ezreal,Bard,Riven,Shaco,Sylas,Akali,Gwen,Zoe,Malphite,Lucian,Corki,Pyke
2687,16.3,NA1_5493726456,0,,Red,0,Zoe,Malphite,Lucian,Corki,Pyke,Rengar,Sona,Lux,Ambessa,Yasuo,Dr. Mundo,Jarvan IV,Ahri,Ezreal,Bard
2688,16.4,NA1_5499955260,0,,Blue,1,Zaahen,Ambessa,Kassadin,Mel,Janna,Xerath,Akshan,Rengar,Rumble,Akali,Malphite,Taric,Syndra,Caitlyn,Lux
2689,16.4,NA1_5499955260,1,,Red,0,Malphite,Taric,Syndra,Caitlyn,Lux,Rek'Sai,Tristana,Pyke,Bel'Veth,Rumble,Zaahen,Ambessa,Kassadin,Mel,Janna
2690,16.3,NA1_5491872772,0,,Blue,1,Gwen,Zac,Vladimir,Yunara,Alistar,Rakan,Jayce,Orianna,Sona,Darius,Kayle,Bel'Veth,Yasuo,Tristana,Pyke
2691,16.3,NA1_5491872772,1,,Red,0,Kayle,Bel'Veth,Yasuo,Tristana,Pyke,Bard,Corki,Malphite,Taliyah,Rengar,Gwen,Zac,Vladimir,Yunara,Alistar
2692,16.3,NA1_5494817793,0,,Blue,1,Rumble,Hecarim,Syndra,Nilah,Senna,Lulu,Kha'Zix,Talon,Viktor,Riven,Varus,Ekko,Sylas,Ezreal,Bard
2693,16.3,NA1_5494817793,1,,Red,0,Varus,Ekko,Sylas,Ezreal,Bard,,,Rengar,Shaco,Zaahen,Rumble,Hecarim,Syndra,Nilah,Senna
2694,16.4,NA1_5500454299,0,,Blue,1,Jax,Kha'Zix,Yasuo,Kai'Sa,Anivia,Ambessa,Malphite,Jayce,Braum,Akali,Cho'Gath,Diana,Yone,Ezreal,Bard
2695,16.4,NA1_5500454299,1,,Red,0,Cho'Gath,Diana,Yone,Ezreal,Bard,Kassadin,Master Yi,Draven,Graves,Aatrox,Jax,Kha'Zix,Yasuo,Kai'Sa,Anivia
2696,16.4,NA1_5502358359,0,,Blue,1,Fiora,Wukong,Orianna,Caitlyn,Thresh,Gwen,Zoe,Bel'Veth,Bard,Akali,Tryndamere,Ambessa,Taliyah,Varus,Karma
2697,16.4,NA1_5502358359,1,,Red,0,Tryndamere,Ambessa,Taliyah,Varus,Karma,Kha'Zix,Braum,Graves,Zed,Master Yi,Fiora,Wukong,Orianna,Caitlyn,Thresh
2698,16.4,NA1_5496089470,0,,Blue,1,Aatrox,Jayce,Akali,Lucian,Bard,Mel,Kha'Zix,Gwen,,Rengar,Teemo,Gragas,Graves,Corki,Braum
2699,16.4,NA1_5496089470,1,,Red,0,Teemo,Gragas,Graves,Corki,Braum,Ambessa,Zed,Sona,Kha'Zix,Nunu & Willump,Aatrox,Jayce,Akali,Lucian,Bard
2700,16.3,NA1_5493972977,0,,Blue,1,Aatrox,Rengar,Malzahar,Vayne,Alistar,Bel'Veth,Gangplank,Zed,Malphite,Zaahen,Kennen,Zac,Smolder,Tristana,Lulu
2701,16.3,NA1_5493972977,1,,Red,0,Kennen,Zac,Smolder,Tristana,Lulu,Varus,Poppy,Blitzcrank,Viego,Talon,Aatrox,Rengar,Malzahar,Vayne,Alistar
2702,16.4,NA1_5499650164,0,,Blue,1,Gnar,Jarvan IV,Zoe,Senna,Janna,Pyke,Lux,Riven,Jax,Zaahen,Vayne,Ambessa,Aurora,Varus,Annie
2703,16.4,NA1_5499650164,1,,Red,0,Vayne,Ambessa,Aurora,Varus,Annie,Bel'Veth,Kennen,Lux,Gwen,Akali,Gnar,Jarvan IV,Zoe,Senna,Janna
2704,16.4,NA1_5497961463,0,,Blue,1,Ornn,Ekko,Aurora,Lucian,Nami,Riven,Ambessa,Nautilus,Kha'Zix,Draven,Gangplank,Nidalee,Taliyah,Corki,Sona
2705,16.4,NA1_5497961463,1,,Red,0,Gangplank,Nidalee,Taliyah,Corki,Sona,Shaco,Mel,Gwen,,Xin Zhao,Ornn,Ekko,Aurora,Lucian,Nami
2706,16.3,NA1_5492201502,1,,Blue,1,Quinn,Olaf,Viktor,Swain,Seraphine,Malphite,Nunu & Willump,Ambessa,Sona,Vayne,Camille,Jarvan IV,Ahri,Jhin,Karma
2707,16.3,NA1_5492201502,0,,Red,0,Camille,Jarvan IV,Ahri,Jhin,Karma,Katarina,Jayce,Darius,Shaco,Akali,Quinn,Olaf,Viktor,Swain,Seraphine
2708,16.4,NA1_5500790679,1,,Blue,1,Graves,Vayne,Annie,Draven,Neeko,Pyke,Twisted Fate,Ambessa,Nunu & Willump,Braum,Jayce,Jarvan IV,Yasuo,Seraphine,Karma
2709,16.4,NA1_5500790679,0,,Red,0,Jayce,Jarvan IV,Yasuo,Seraphine,Karma,Teemo,Pyke,Katarina,Shaco,LeBlanc,Graves,Vayne,Annie,Draven,Neeko
2710,16.4,NA1_5498593094,0,,Blue,1,Riven,Kindred,LeBlanc,Vladimir,Pantheon,Fiddlesticks,Graves,Naafiri,Rumble,Jayce,Ambessa,Xin Zhao,Ahri,Xayah,Yuumi
2711,16.4,NA1_5498593094,1,,Red,0,Ambessa,Xin Zhao,Ahri,Xayah,Yuumi,Blitzcrank,Nunu & Willump,Syndra,Rengar,,Riven,Kindred,LeBlanc,Vladimir,Pantheon
2712,16.3,NA1_5492552226,0,,Blue,1,Darius,Rengar,Twisted Fate,Hwei,Soraka,Riven,Pyke,Kassadin,Kindred,Sona,Azir,Jarvan IV,Karma,Jhin,Nautilus
2713,16.3,NA1_5492552226,1,,Red,0,Azir,Jarvan IV,Karma,Jhin,Nautilus,Nunu & Willump,Gwen,Braum,Zaahen,Kha'Zix,Darius,Rengar,Twisted Fate,Hwei,Soraka
2714,16.4,NA1_5501577392,1,,Blue,1,Darius,Nunu & Willump,Anivia,Caitlyn,Nami,Fiddlesticks,Ambessa,Yunara,Draven,Pyke,Karma,Zed,Sylas,Jinx,Maokai
2715,16.4,NA1_5501577392,0,,Red,0,Karma,Zed,Sylas,Jinx,Maokai,Akali,,Kayn,Ambessa,Yasuo,Darius,Nunu & Willump,Anivia,Caitlyn,Nami
2716,16.3,NA1_5493448759,1,,Blue,1,Jax,Qiyana,Diana,Soraka,Sona,Rengar,Jayce,Riven,Sivir,Naafiri,Corki,Shaco,Galio,Xerath,Nami
2717,16.3,NA1_5493448759,0,,Red,0,Corki,Shaco,Galio,Xerath,Nami,Rengar,Karma,Zoe,Akshan,Bard,Jax,Qiyana,Diana,Soraka,Sona
2718,16.3,NA1_5492079285,0,,Blue,1,Vayne,Zed,Yone,Mel,Lux,Sivir,Aurora,Malphite,,Pyke,Aatrox,Nunu & Willump,Ryze,Aphelios,Lulu
2719,16.3,NA1_5492079285,1,,Red,0,Aatrox,Nunu & Willump,Ryze,Aphelios,Lulu,,Neeko,,,,Vayne,Zed,Yone,Mel,Lux
2720,16.3,NA1_5492760283,0,,Blue,1,Renekton,Gwen,Viktor,Yunara,Lulu,Kha'Zix,Sona,Jayce,Fiddlesticks,Akali,Gnar,Kindred,Galio,Corki,Nami
2721,16.3,NA1_5492760283,1,,Red,0,Gnar,Kindred,Galio,Corki,Nami,Zilean,Ambessa,Fiora,Riven,,Renekton,Gwen,Viktor,Yunara,Lulu
2722,16.4,NA1_5496371693,1,,Blue,1,Urgot,Dr. Mundo,Ryze,Aphelios,Pantheon,Master Yi,Yasuo,Riven,Fizz,Sona,Ambessa,Trundle,Zoe,Senna,Nautilus
2723,16.4,NA1_5496371693,0,,Red,0,Ambessa,Trundle,Zoe,Senna,Nautilus,Jayce,Zed,Zyra,Graves,Jarvan IV,Urgot,Dr. Mundo,Ryze,Aphelios,Pantheon
2724,16.4,NA1_5501420396,0,,Blue,1,Gnar,Rengar,Sylas,Kai'Sa,Neeko,Bel'Veth,Blitzcrank,Ahri,Vladimir,Ambessa,Varus,Graves,Zed,Hwei,Janna
2725,16.4,NA1_5501420396,1,,Red,0,Varus,Graves,Zed,Hwei,Janna,Kha'Zix,LeBlanc,Pyke,Ahri,Teemo,Gnar,Rengar,Sylas,Kai'Sa,Neeko
2726,16.4,NA1_5497708577,0,,Blue,1,Rumble,Graves,Anivia,Corki,Lulu,Rengar,Riven,,Akshan,Shaco,K'Sante,Ambessa,LeBlanc,Vladimir,Nautilus
2727,16.4,NA1_5497708577,1,,Red,0,K'Sante,Ambessa,LeBlanc,Vladimir,Nautilus,Riven,Fizz,Xayah,Fiddlesticks,Nunu & Willump,Rumble,Graves,Anivia,Corki,Lulu
2728,16.4,NA1_5498511933,1,,Blue,1,Riven,Lee Sin,Akshan,Ziggs,Karma,Rumble,Yasuo,Jayce,Bel'Veth,Ezreal,Jax,Kindred,Viktor,Sivir,Yuumi
2729,16.4,NA1_5498511933,0,,Red,0,Jax,Kindred,Viktor,Sivir,Yuumi,Rumble,Gwen,Ambessa,Draven,Rengar,Riven,Lee Sin,Akshan,Ziggs,Karma
2730,16.4,NA1_5495785772,0,,Blue,1,K'Sante,Taliyah,Aurora,Varus,Thresh,Mel,,Pyke,Fiora,Anivia,Malphite,Ivern,Zed,Kai'Sa,Leona
2731,16.4,NA1_5495785772,1,,Red,0,Malphite,Ivern,Zed,Kai'Sa,Leona,Braum,Skarner,Aatrox,Bel'Veth,Rengar,K'Sante,Taliyah,Aurora,Varus,Thresh
2732,16.4,NA1_5499807655,1,,Blue,1,Riven,Sion,Yone,Anivia,Pyke,Viego,Renekton,Graves,Zed,Tryndamere,Malphite,Ambessa,Kassadin,Ezreal,Sona
2733,16.4,NA1_5499807655,0,,Red,0,Malphite,Ambessa,Kassadin,Ezreal,Sona,Rell,Rengar,Zed,,Fiora,Riven,Sion,Yone,Anivia,Pyke
2734,16.3,NA1_5492718577,0,,Blue,1,Ambessa,Kindred,Fiddlesticks,Aphelios,Alistar,Jayce,Anivia,Swain,Gwen,Blitzcrank,Sion,Graves,Twisted Fate,Jhin,Maokai
2735,16.3,NA1_5492718577,1,,Red,0,Sion,Graves,Twisted Fate,Jhin,Maokai,Zed,Zac,Yasuo,Riven,Braum,Ambessa,Kindred,Fiddlesticks,Aphelios,Alistar
2736,16.4,NA1_5499144984,0,,Blue,1,Gangplank,Master Yi,Veigar,Varus,Nautilus,Jayce,Seraphine,LeBlanc,Bel'Veth,Draven,Aurelion Sol,Kha'Zix,Aurora,Jhin,Leona
2737,16.4,NA1_5499144984,1,,Red,0,Aurelion Sol,Kha'Zix,Aurora,Jhin,Leona,Draven,Qiyana,Yasuo,Graves,Riven,Gangplank,Master Yi,Veigar,Varus,Nautilus
2738,16.3,NA1_5495270755,1,,Blue,1,Kayle,Dr. Mundo,Irelia,Jhin,Milio,Zaahen,Syndra,Hecarim,Yasuo,Blitzcrank,Jax,Graves,Ekko,Corki,Nautilus
2739,16.3,NA1_5495270755,0,,Red,0,Jax,Graves,Ekko,Corki,Nautilus,Gwen,Twitch,Akali,Sona,Viktor,Kayle,Dr. Mundo,Irelia,Jhin,Milio
2740,16.3,NA1_5492685917,1,,Blue,1,Jax,Trundle,Pyke,Jhin,Alistar,Akali,Sylas,Rengar,Fiora,Bel'Veth,Dr. Mundo,Lee Sin,Corki,Xerath,Vel'Koz
2741,16.3,NA1_5492685917,0,,Red,0,Dr. Mundo,Lee Sin,Corki,Xerath,Vel'Koz,Kha'Zix,Shaco,Kai'Sa,Jayce,Fiora,Jax,Trundle,Pyke,Jhin,Alistar
2742,16.4,NA1_5496393631,0,,Blue,1,Urgot,Xin Zhao,Katarina,Caitlyn,Karma,Gwen,Varus,Fiora,Galio,Ambessa,Riven,Naafiri,Azir,Ziggs,Thresh
2743,16.4,NA1_5496393631,1,,Red,0,Riven,Naafiri,Azir,Ziggs,Thresh,Qiyana,Ambessa,Hecarim,Fiora,Lucian,Urgot,Xin Zhao,Katarina,Caitlyn,Karma
2744,16.3,NA1_5494376753,0,,Blue,1,Anivia,Bel'Veth,Taliyah,Jhin,Pyke,Rengar,Mel,Jayce,Irelia,Jax,Veigar,Fiddlesticks,Qiyana,Lucian,Milio
2745,16.3,NA1_5494376753,1,,Red,0,Veigar,Fiddlesticks,Qiyana,Lucian,Milio,Yasuo,Fiora,Swain,Ambessa,Blitzcrank,Anivia,Bel'Veth,Taliyah,Jhin,Pyke
2746,16.3,NA1_5491991787,0,,Blue,1,Sylas,Bel'Veth,Corki,Syndra,Anivia,Zed,Jax,Akali,Braum,Gwen,Yone,Malphite,Ezreal,Lux,Zoe
2747,16.3,NA1_5491991787,1,,Red,0,Yone,Malphite,Ezreal,Lux,Zoe,Trundle,Jayce,Sivir,Fiora,Yasuo,Sylas,Bel'Veth,Corki,Syndra,Anivia
2748,16.4,NA1_5500008043,0,,Blue,1,K'Sante,Hecarim,Ahri,Seraphine,Nautilus,Akshan,Ambessa,Lux,Mel,Fiora,Gwen,Rengar,Syndra,Corki,Sona
2749,16.4,NA1_5500008043,1,,Red,0,Gwen,Rengar,Syndra,Corki,Sona,,Zed,Riven,Graves,Pyke,K'Sante,Hecarim,Ahri,Seraphine,Nautilus
2750,16.3,NA1_5494185995,1,,Blue,1,Ornn,Viego,Vladimir,Yunara,Senna,Pyke,Lee Sin,Kayle,Aphelios,Naafiri,Irelia,Skarner,Sylas,Ezreal,Hwei
2751,16.3,NA1_5494185995,0,,Red,0,Irelia,Skarner,Sylas,Ezreal,Hwei,Sona,Draven,Ivern,Pyke,Jax,Ornn,Viego,Vladimir,Yunara,Senna
2752,16.4,NA1_5497396072,1,,Blue,1,Singed,Hecarim,Syndra,Yunara,Nami,Cassiopeia,Rengar,Yuumi,Yasuo,Bel'Veth,Naafiri,Briar,Fizz,Poppy,Milio
2753,16.4,NA1_5497396072,0,,Red,0,Naafiri,Briar,Fizz,Poppy,Milio,Pyke,Tryndamere,Irelia,Sivir,Shaco,Singed,Hecarim,Syndra,Yunara,Nami
2754,16.3,NA1_5494406955,0,,Blue,1,Garen,Aatrox,Aurora,Aphelios,Lulu,Mel,Azir,Nautilus,Riven,Rengar,K'Sante,Zed,Gragas,Ziggs,Leona
2755,16.3,NA1_5494406955,1,,Red,0,K'Sante,Zed,Gragas,Ziggs,Leona,Kha'Zix,Gwen,Viktor,Ambessa,Braum,Garen,Aatrox,Aurora,Aphelios,Lulu
2756,16.4,NA1_5500696199,1,,Blue,1,Dr. Mundo,Vayne,Ryze,Draven,Neeko,Fiddlesticks,Twisted Fate,Riven,Braum,Nunu & Willump,Ambessa,Lee Sin,Vladimir,Ziggs,Pyke
2757,16.4,NA1_5500696199,0,,Red,0,Ambessa,Lee Sin,Vladimir,Ziggs,Pyke,Sylas,Bel'Veth,Zoe,Graves,Kha'Zix,Dr. Mundo,Vayne,Ryze,Draven,Neeko
2758,16.4,NA1_5498534312,0,,Blue,1,Rumble,Graves,Twisted Fate,Tristana,Milio,Riven,Draven,Fiora,Nunu & Willump,Rengar,Sion,Jayce,Mel,Twitch,Braum
2759,16.4,NA1_5498534312,1,,Red,0,Sion,Jayce,Mel,Twitch,Braum,,Bel'Veth,Riven,Yasuo,Ambessa,Rumble,Graves,Twisted Fate,Tristana,Milio
2760,16.4,NA1_5498094480,1,,Blue,1,Kled,Vayne,Zed,Veigar,Poppy,,Fiora,Kindred,,Jayce,Camille,Graves,Katarina,Nilah,Yuumi
2761,16.4,NA1_5498094480,0,,Red,0,Camille,Graves,Katarina,Nilah,Yuumi,Rengar,Pyke,Jax,Galio,Kindred,Kled,Vayne,Zed,Veigar,Poppy
2762,16.3,NA1_5494148373,1,,Blue,1,Rumble,Nidalee,Jayce,Yunara,Rakan,,Bel'Veth,Aphelios,Rengar,Riven,Sett,Ivern,Naafiri,Ezreal,Karma
2763,16.3,NA1_5494148373,0,,Red,0,Sett,Ivern,Naafiri,Ezreal,Karma,Akali,Draven,Rengar,Graves,Riven,Rumble,Nidalee,Jayce,Yunara,Rakan
2764,16.4,NA1_5497099736,0,,Blue,1,Renekton,Jayce,Mel,Samira,Neeko,Fizz,Graves,Poppy,Ambessa,Akshan,Quinn,Camille,Lux,Karthus,Rell
2765,16.4,NA1_5497099736,1,,Red,0,Quinn,Camille,Lux,Karthus,Rell,Sivir,Syndra,Seraphine,Rengar,Riven,Renekton,Jayce,Mel,Samira,Neeko
2766,16.3,NA1_5492922000,1,,Blue,1,Riven,Jayce,Ryze,Ziggs,Sona,Azir,Kha'Zix,Nunu & Willump,Lux,Draven,Cho'Gath,Sejuani,Fizz,Samira,Karma
2767,16.3,NA1_5492922000,0,,Red,0,Cho'Gath,Sejuani,Fizz,Samira,Karma,Neeko,Pyke,Ambessa,Gwen,LeBlanc,Riven,Jayce,Ryze,Ziggs,Sona
2768,16.3,NA1_5495317132,0,,Blue,1,Rek'Sai,Talon,LeBlanc,Jhin,Zilean,Vex,Riven,Gwen,Fiora,Rengar,Zaahen,Xin Zhao,Ekko,Mel,Pantheon
2769,16.3,NA1_5495317132,1,,Red,0,Zaahen,Xin Zhao,Ekko,Mel,Pantheon,Lux,Vayne,Riven,Ambessa,Rengar,Rek'Sai,Talon,LeBlanc,Jhin,Zilean
2770,16.4,NA1_5502419562,1,,Blue,1,Jayce,Trundle,Kassadin,Tristana,Lulu,,Zed,Riven,Sona,Akali,Kayle,Ambessa,Lux,Kai'Sa,Neeko
2771,16.4,NA1_5502419562,0,,Red,0,Kayle,Ambessa,Lux,Kai'Sa,Neeko,Blitzcrank,Gwen,Jax,Kha'Zix,,Jayce,Trundle,Kassadin,Tristana,Lulu
2772,16.4,NA1_5496178357,1,,Blue,1,Gragas,Graves,Akali,Samira,Alistar,Riven,Olaf,Varus,Ezreal,Yasuo,Sion,Draven,Viktor,Jhin,Rell
2773,16.4,NA1_5496178357,0,,Red,0,Sion,Draven,Viktor,Jhin,Rell,Zoe,Ambessa,Lux,Kayn,Gwen,Gragas,Graves,Akali,Samira,Alistar
2774,16.3,NA1_5492692428,1,,Blue,1,Nasus,Bel'Veth,Twisted Fate,Sivir,Blitzcrank,Jax,Ambessa,Diana,Riven,Shaco,Gangplank,Talon,Orianna,Seraphine,Senna
2775,16.3,NA1_5492692428,0,,Red,0,Gangplank,Talon,Orianna,Seraphine,Senna,Draven,Lee Sin,Riven,Rengar,Master Yi,Nasus,Bel'Veth,Twisted Fate,Sivir,Blitzcrank
2776,16.4,NA1_5502073796,0,,Blue,1,Anivia,Lee Sin,Qiyana,Xayah,Fiddlesticks,Milio,Lucian,Yasuo,Bel'Veth,Sion,Ambessa,Rumble,Viktor,Yunara,Nautilus
2777,16.4,NA1_5502073796,1,,Red,0,Ambessa,Rumble,Viktor,Yunara,Nautilus,Akali,Bel'Veth,Renekton,Caitlyn,Yasuo,Anivia,Lee Sin,Qiyana,Xayah,Fiddlesticks
2778,16.3,NA1_5494360453,0,,Blue,1,Aatrox,Brand,Zed,Varus,Karma,Lux,Nautilus,Qiyana,Ambessa,Irelia,Yasuo,Rammus,Ahri,Yunara,Leona
2779,16.3,NA1_5494360453,1,,Red,0,Yasuo,Rammus,Ahri,Yunara,Leona,Jayce,Akali,Poppy,,Riven,Aatrox,Brand,Zed,Varus,Karma
2780,16.4,NA1_5501830965,0,,Blue,1,Aatrox,Volibear,Katarina,Caitlyn,Thresh,Zed,Kennen,Vladimir,Mel,Ambessa,Camille,Brand,Qiyana,Yunara,Bard
2781,16.4,NA1_5501830965,1,,Red,0,Camille,Brand,Qiyana,Yunara,Bard,Lucian,Mel,Malphite,Master Yi,Kha'Zix,Aatrox,Volibear,Katarina,Caitlyn,Thresh
2782,16.4,NA1_5499618892,1,,Blue,1,Tryndamere,Jayce,Ahri,Jhin,Anivia,Ezreal,Zaahen,Sona,Malphite,Riven,Ambessa,Gwen,Qiyana,Karthus,Karma
2783,16.4,NA1_5499618892,0,,Red,0,Ambessa,Gwen,Qiyana,Karthus,Karma,,Ivern,Pyke,Seraphine,Fiddlesticks,Tryndamere,Jayce,Ahri,Jhin,Anivia
2784,16.4,NA1_5498842800,0,,Blue,1,Kled,Rengar,Twisted Fate,Tristana,Pyke,Fizz,Fiora,Yasuo,Zac,Karma,Zoe,Jarvan IV,Kassadin,Lucian,Sona
2785,16.4,NA1_5498842800,1,,Red,0,Zoe,Jarvan IV,Kassadin,Lucian,Sona,Zed,Sivir,Gwen,,Blitzcrank,Kled,Rengar,Twisted Fate,Tristana,Pyke
2786,16.4,NA1_5502175914,1,,Blue,1,Aurora,Ambessa,Yasuo,Smolder,Rakan,Orianna,Nunu & Willump,Kindred,Draven,,Jayce,Master Yi,Swain,Seraphine,Sona
2787,16.4,NA1_5502175914,0,,Red,0,Jayce,Master Yi,Swain,Seraphine,Sona,Mel,Riven,Pyke,Gwen,Sylas,Aurora,Ambessa,Yasuo,Smolder,Rakan
2788,16.4,NA1_5497386780,1,,Blue,1,Fiora,Elise,Katarina,Caitlyn,Leona,Kha'Zix,Vladimir,Nunu & Willump,Jayce,Fiddlesticks,Rumble,Graves,Ahri,Varus,Poppy
2789,16.4,NA1_5497386780,0,,Red,0,Rumble,Graves,Ahri,Varus,Poppy,Zed,Kha'Zix,Gwen,Azir,Bard,Fiora,Elise,Katarina,Caitlyn,Leona
2790,16.4,NA1_5500516058,0,,Blue,1,Garen,Graves,Anivia,Twisted Fate,Nami,Kai'Sa,Kayle,Jax,Irelia,Nunu & Willump,Riven,Briar,Lucian,Xerath,Karma
2791,16.4,NA1_5500516058,1,,Red,0,Riven,Briar,Lucian,Xerath,Karma,Sona,Fiddlesticks,Nidalee,Pyke,Aurora,Garen,Graves,Anivia,Twisted Fate,Nami
2792,16.4,NA1_5495874603,1,,Blue,1,Gnar,Sylas,Aurora,Varus,Fiddlesticks,Milio,Mel,Riven,Alistar,Olaf,Jax,Zac,Azir,Samira,Nami
2793,16.4,NA1_5495874603,0,,Red,0,Jax,Zac,Azir,Samira,Nami,Viktor,Corki,Jayce,Poppy,Nautilus,Gnar,Sylas,Aurora,Varus,Fiddlesticks
2794,16.4,NA1_5501817112,0,,Blue,1,Tryndamere,Pantheon,Aurelion Sol,Varus,Alistar,Karthus,Yasuo,Kennen,Fiddlesticks,Jax,Urgot,Vi,Ahri,Caitlyn,Nautilus
2795,16.4,NA1_5501817112,1,,Red,0,Urgot,Vi,Ahri,Caitlyn,Nautilus,Braum,Fiora,Nami,Rengar,Yasuo,Tryndamere,Pantheon,Aurelion Sol,Varus,Alistar
2796,16.3,NA1_5491786201,0,,Blue,1,Ambessa,Taliyah,Jayce,Ezreal,Soraka,Bel'Veth,Azir,Zoe,Gwen,Twitch,Warwick,Zyra,Yone,Aphelios,Nami
2797,16.3,NA1_5491786201,1,,Red,0,Warwick,Zyra,Yone,Aphelios,Nami,,Akali,Riven,Jax,Kennen,Ambessa,Taliyah,Jayce,Ezreal,Soraka
2798,16.4,NA1_5495862160,0,,Blue,1,Kayle,Kha'Zix,Azir,Miss Fortune,Alistar,Master Yi,Milio,Jax,Lee Sin,Viktor,Ornn,Fiddlesticks,Jayce,Ezreal,Sona
2799,16.4,NA1_5495862160,1,,Red,0,Ornn,Fiddlesticks,Jayce,Ezreal,Sona,Swain,Fiora,Katarina,Pyke,Zed,Kayle,Kha'Zix,Azir,Miss Fortune,Alistar
2800,16.4,NA1_5502326953,1,,Blue,1,Jayce,Aatrox,Ahri,Lucian,Sona,Kha'Zix,Zac,,Ekko,Dr. Mundo,Gnar,Lee Sin,Bel'Veth,Ezreal,Nautilus
2801,16.4,NA1_5502326953,0,,Red,0,Gnar,Lee Sin,Bel'Veth,Ezreal,Nautilus,Riven,Vayne,Mel,Varus,Ambessa,Jayce,Aatrox,Ahri,Lucian,Sona
2802,16.4,NA1_5496769524,1,,Blue,1,Aatrox,Ambessa,Fizz,Corki,Poppy,Irelia,Rumble,Draven,Kha'Zix,Rell,Garen,Nidalee,Zac,Samira,Thresh
2803,16.4,NA1_5496769524,0,,Red,0,Garen,Nidalee,Zac,Samira,Thresh,Kindred,Varus,Rengar,Nautilus,Fiora,Aatrox,Ambessa,Fizz,Corki,Poppy
2804,16.4,NA1_5502455488,0,,Blue,1,Zoe,Graves,Qiyana,Karthus,Alistar,Dr. Mundo,Thresh,Zed,Zac,Mel,Jayce,Fizz,Yone,Hwei,Bard
2805,16.4,NA1_5502455488,1,,Red,0,Jayce,Fizz,Yone,Hwei,Bard,Rengar,Varus,Zed,Anivia,Aurora,Zoe,Graves,Qiyana,Karthus,Alistar
2806,16.3,NA1_5493222656,1,,Blue,1,Fiora,Ambessa,Zed,Cassiopeia,Bard,Riven,Lux,Anivia,Jayce,,Vayne,Sylas,Qiyana,Aphelios,Janna
2807,16.3,NA1_5493222656,0,,Red,0,Vayne,Sylas,Qiyana,Aphelios,Janna,Zilean,Draven,Rumble,Rengar,Lux,Fiora,Ambessa,Zed,Cassiopeia,Bard
2808,16.3,NA1_5492301001,0,,Blue,1,Irelia,Xin Zhao,Jayce,Azir,Gragas,Draven,Jax,Lucian,Rengar,Nunu & Willump,Vayne,Graves,Viktor,Kog'Maw,Leona
2809,16.3,NA1_5492301001,1,,Red,0,Vayne,Graves,Viktor,Kog'Maw,Leona,Neeko,Yasuo,,Nasus,Kha'Zix,Irelia,Xin Zhao,Jayce,Azir,Gragas
2810,16.4,NA1_5500042386,0,,Blue,1,Rumble,Viego,Yasuo,Jhin,Blitzcrank,Akali,Lee Sin,Sona,Riven,Neeko,Poppy,Udyr,Qiyana,Veigar,Nautilus
2811,16.4,NA1_5500042386,1,,Red,0,Poppy,Udyr,Qiyana,Veigar,Nautilus,Akshan,,Dr. Mundo,Garen,Ambessa,Rumble,Viego,Yasuo,Jhin,Blitzcrank
2812,16.4,NA1_5501936702,0,,Blue,1,Ambessa,Brand,Anivia,Aphelios,Shaco,,,Rengar,,Graves,Tryndamere,Zyra,Twisted Fate,Sivir,Leona
2813,16.4,NA1_5501936702,1,,Red,0,Tryndamere,Zyra,Twisted Fate,Sivir,Leona,Morgana,Gwen,Yasuo,Renekton,Mel,Ambessa,Brand,Anivia,Aphelios,Shaco
2814,16.4,NA1_5500034535,0,,Blue,1,Quinn,Nunu & Willump,Ahri,Xayah,Rakan,Bel'Veth,Pyke,Yunara,Malphite,Zed,Garen,Shaco,Zoe,Aphelios,Thresh
2815,16.4,NA1_5500034535,1,,Red,0,Garen,Shaco,Zoe,Aphelios,Thresh,Graves,,,LeBlanc,Nasus,Quinn,Nunu & Willump,Ahri,Xayah,Rakan
2816,16.4,NA1_5497819900,0,,Blue,1,Darius,Maokai,Talon,Mel,Senna,Pyke,,Sona,Bel'Veth,Zed,Renekton,Nunu & Willump,Kindred,Ezreal,Thresh
2817,16.4,NA1_5497819900,1,,Red,0,Renekton,Nunu & Willump,Kindred,Ezreal,Thresh,Bel'Veth,Shaco,Dr. Mundo,Sona,Xin Zhao,Darius,Maokai,Talon,Mel,Senna
2818,16.4,NA1_5500190705,1,,Blue,1,Ornn,Rek'Sai,Irelia,Aurelion Sol,Morgana,Evelynn,Dr. Mundo,Pyke,Ambessa,Rell,Urgot,Zac,Lux,Ezreal,Karma
2819,16.4,NA1_5500190705,0,,Red,0,Urgot,Zac,Lux,Ezreal,Karma,Poppy,Ambessa,Gwen,Mel,Rumble,Ornn,Rek'Sai,Irelia,Aurelion Sol,Morgana
2820,16.4,NA1_5496854246,1,,Blue,1,Azir,Ambessa,Ryze,Tristana,Soraka,Lux,Blitzcrank,Nunu & Willump,Kha'Zix,,Akali,Qiyana,Talon,Twitch,Senna
2821,16.4,NA1_5496854246,0,,Red,0,Akali,Qiyana,Talon,Twitch,Senna,Rengar,Mel,Zoe,Bel'Veth,,Azir,Ambessa,Ryze,Tristana,Soraka
2822,16.4,NA1_5501837863,1,,Blue,1,Nasus,Udyr,Ekko,Ezreal,Karma,Riven,Gwen,Veigar,Ambessa,Leona,Fiora,Aatrox,Zilean,Ashe,Nautilus
2823,16.4,NA1_5501837863,0,,Red,0,Fiora,Aatrox,Zilean,Ashe,Nautilus,Draven,Qiyana,Neeko,Zed,,Nasus,Udyr,Ekko,Ezreal,Karma
2824,16.4,NA1_5496016499,1,,Blue,1,Teemo,Kindred,Taliyah,Seraphine,Mel,Jayce,Katarina,Yasuo,Sion,Sivir,Ryze,Ambessa,Kassadin,Corki,Neeko
2825,16.4,NA1_5496016499,0,,Red,0,Ryze,Ambessa,Kassadin,Corki,Neeko,Gwen,Riven,Pyke,Lux,Jayce,Teemo,Kindred,Taliyah,Seraphine,Mel
2826,16.3,NA1_5495531317,1,,Blue,1,Jayce,Jarvan IV,Hwei,Seraphine,Karma,Viktor,Riven,Twitch,Sivir,Rengar,Sion,Pantheon,Syndra,Kog'Maw,Bard
2827,16.3,NA1_5495531317,0,,Red,0,Sion,Pantheon,Syndra,Kog'Maw,Bard,,Kai'Sa,Rengar,Gwen,,Jayce,Jarvan IV,Hwei,Seraphine,Karma
2828,16.4,NA1_5500265740,1,,Blue,1,Graves,Vayne,LeBlanc,Twitch,Rell,Jax,,Poppy,Kha'Zix,Nunu & Willump,Jayce,Jarvan IV,Ekko,Yasuo,Maokai
2829,16.4,NA1_5500265740,0,,Red,0,Jayce,Jarvan IV,Ekko,Yasuo,Maokai,,Rengar,Akali,Riven,,Graves,Vayne,LeBlanc,Twitch,Rell
2830,16.4,NA1_5501168302,0,,Blue,1,Jax,Talon,Azir,Ezreal,Karma,Zac,Akali,Bel'Veth,Mel,Caitlyn,Anivia,Fizz,Yone,Ashe,Nidalee
2831,16.4,NA1_5501168302,1,,Red,0,Anivia,Fizz,Yone,Ashe,Nidalee,Riven,Nautilus,Camille,Akali,Shaco,Jax,Talon,Azir,Ezreal,Karma
2832,16.4,NA1_5500745792,1,,Blue,1,Zac,Graves,Corki,Mel,Zoe,Zed,Leona,Poppy,Shaco,Neeko,Darius,Lee Sin,Galio,Miss Fortune,Karma
2833,16.4,NA1_5500745792,0,,Red,0,Darius,Lee Sin,Galio,Miss Fortune,Karma,Yasuo,Jayce,Kha'Zix,Vayne,Kayn,Zac,Graves,Corki,Mel,Zoe
2834,16.4,NA1_5501407512,1,,Blue,1,Ambessa,Zaahen,Ryze,Vladimir,Pyke,Nunu & Willump,,Caitlyn,Kha'Zix,Viktor,Teemo,Jayce,Hwei,Jinx,Sona
2835,16.4,NA1_5501407512,0,,Red,0,Teemo,Jayce,Hwei,Jinx,Sona,Draven,Sion,Zed,Kha'Zix,Nautilus,Ambessa,Zaahen,Ryze,Vladimir,Pyke
2836,16.3,NA1_5493079192,1,,Blue,1,Kayle,Nunu & Willump,Azir,Yunara,Karma,Caitlyn,Bel'Veth,Ambessa,Neeko,Jax,K'Sante,Jayce,Gwen,Aphelios,Anivia
2837,16.3,NA1_5493079192,0,,Red,0,K'Sante,Jayce,Gwen,Aphelios,Anivia,Ezreal,Vayne,Ambessa,,Draven,Kayle,Nunu & Willump,Azir,Yunara,Karma
2838,16.4,NA1_5497463637,1,,Blue,1,Singed,Lee Sin,Twisted Fate,Kai'Sa,Poppy,Syndra,Orianna,Pyke,Bel'Veth,Urgot,Jayce,Viego,Mel,Ezreal,Leona
2839,16.4,NA1_5497463637,0,,Red,0,Jayce,Viego,Mel,Ezreal,Leona,Olaf,Kha'Zix,Akali,Ambessa,Rengar,Singed,Lee Sin,Twisted Fate,Kai'Sa,Poppy
2840,16.3,NA1_5491815230,0,,Blue,1,Renekton,Aatrox,Viktor,Sivir,Lulu,Darius,Bard,Pyke,Kha'Zix,,Corki,Ambessa,Galio,Swain,Sona
2841,16.3,NA1_5491815230,1,,Red,0,Corki,Ambessa,Galio,Swain,Sona,Neeko,Jayce,Zaahen,Zoe,Rengar,Renekton,Aatrox,Viktor,Sivir,Lulu
2842,16.4,NA1_5500933551,1,,Blue,1,Renekton,Graves,Akshan,Seraphine,Nidalee,,,Sona,Yasuo,Mel,Aatrox,Kha'Zix,Taliyah,Jhin,Zyra
2843,16.4,NA1_5500933551,0,,Red,0,Aatrox,Kha'Zix,Taliyah,Jhin,Zyra,Bel'Veth,Nunu & Willump,Jayce,Zoe,Rengar,Renekton,Graves,Akshan,Seraphine,Nidalee
2844,16.3,NA1_5493943631,1,,Blue,1,Gnar,Wukong,Ryze,Yunara,Janna,Zed,Draven,Malphite,Aurora,Pyke,Jayce,Zaahen,Kassadin,Ziggs,Nautilus
2845,16.3,NA1_5493943631,0,,Red,0,Jayce,Zaahen,Kassadin,Ziggs,Nautilus,,Lee Sin,,,Gangplank,Gnar,Wukong,Ryze,Yunara,Janna
2846,16.3,NA1_5495206728,0,,Blue,1,Yasuo,Graves,Hwei,Senna,Lee Sin,,Kindred,Draven,Poppy,Akshan,Urgot,Ambessa,Nasus,Mel,Leona
2847,16.3,NA1_5495206728,1,,Red,0,Urgot,Ambessa,Nasus,Mel,Leona,Talon,Fiora,Neeko,Rengar,Sivir,Yasuo,Graves,Hwei,Senna,Lee Sin
2848,16.4,NA1_5495980562,1,,Blue,1,Zaahen,Kindred,Galio,Swain,Alistar,Vladimir,Riven,Kha'Zix,Gangplank,Sylas,Aatrox,Zac,Viktor,Seraphine,Rell
2849,16.4,NA1_5495980562,0,,Red,0,Aatrox,Zac,Viktor,Seraphine,Rell,Akali,Jax,Yasuo,Sivir,Jayce,Zaahen,Kindred,Galio,Swain,Alistar
2850,16.3,NA1_5491745367,1,,Blue,1,Udyr,Kayn,Yone,Mel,Nami,Karma,Jax,Ambessa,Nasus,Bard,Rengar,Bel'Veth,Warwick,Sivir,Pyke
2851,16.3,NA1_5491745367,0,,Red,0,Rengar,Bel'Veth,Warwick,Sivir,Pyke,Darius,Jax,Ambessa,Varus,Xerath,Udyr,Kayn,Yone,Mel,Nami
2852,16.4,NA1_5495847821,1,,Blue,1,Irelia,Nidalee,Kled,Pyke,Alistar,Fiora,Gwen,Sylas,Azir,Braum,Gnar,Jayce,Katarina,Kai'Sa,Bard
2853,16.4,NA1_5495847821,0,,Red,0,Gnar,Jayce,Katarina,Kai'Sa,Bard,Yunara,Graves,Riven,Rengar,Zed,Irelia,Nidalee,Kled,Pyke,Alistar
2854,16.4,NA1_5499373389,0,,Blue,1,Vayne,Aatrox,Aurelion Sol,Lux,Zoe,Sivir,Kassadin,Zac,Jayce,Rengar,Riven,Ambessa,Twisted Fate,Ezreal,Nidalee
2855,16.4,NA1_5499373389,1,,Red,0,Riven,Ambessa,Twisted Fate,Ezreal,Nidalee,Kennen,Bel'Veth,Mel,,Sona,Vayne,Aatrox,Aurelion Sol,Lux,Zoe
2856,16.3,NA1_5493133126,1,,Blue,1,Irelia,Sylas,Syndra,Miss Fortune,Alistar,Fiora,Bel'Veth,Zed,,Kha'Zix,Ornn,Lee Sin,Kassadin,Kai'Sa,Seraphine
2857,16.3,NA1_5493133126,0,,Red,0,Ornn,Lee Sin,Kassadin,Kai'Sa,Seraphine,Ekko,Fiora,,,Varus,Irelia,Sylas,Syndra,Miss Fortune,Alistar
2858,16.3,NA1_5492052133,0,,Blue,1,Yone,Kayn,Sivir,Veigar,Maokai,Jayce,Gwen,Ezreal,Malphite,Xerath,Zaahen,Ivern,Taliyah,Senna,Nautilus
2859,16.3,NA1_5492052133,1,,Red,0,Zaahen,Ivern,Taliyah,Senna,Nautilus,Akali,Poppy,Braum,Talon,Ambessa,Yone,Kayn,Sivir,Veigar,Maokai
2860,16.3,NA1_5494954782,1,,Blue,1,Ahri,Nautilus,Yasuo,Yunara,Sona,Kayn,Akali,Ambessa,Twitch,Riven,Cho'Gath,Rek'Sai,Sylas,Miss Fortune,Taric
2861,16.3,NA1_5494954782,0,,Red,0,Cho'Gath,Rek'Sai,Sylas,Miss Fortune,Taric,Jax,Lucian,Nunu & Willump,Aatrox,Pyke,Ahri,Nautilus,Yasuo,Yunara,Sona
2862,16.4,NA1_5501337740,1,,Blue,1,Akali,Aatrox,Taliyah,Kog'Maw,Nami,Karma,Yasuo,Bard,Darius,Rengar,Kennen,Nunu & Willump,Irelia,Heimerdinger,Alistar
2863,16.4,NA1_5501337740,0,,Red,0,Kennen,Nunu & Willump,Irelia,Heimerdinger,Alistar,Cassiopeia,Ambessa,Kayn,Nasus,Karma,Akali,Aatrox,Taliyah,Kog'Maw,Nami
2864,16.4,NA1_5495791303,1,,Blue,1,Riven,Jayce,Ahri,Caitlyn,Zoe,Kai'Sa,Neeko,Yasuo,,Sylas,Malphite,Graves,Galio,Aphelios,Sona
2865,16.4,NA1_5495791303,0,,Red,0,Malphite,Graves,Galio,Aphelios,Sona,Kha'Zix,Blitzcrank,,,Kai'Sa,Riven,Jayce,Ahri,Caitlyn,Zoe
2866,16.4,NA1_5501162637,0,,Blue,1,Riven,Kha'Zix,Anivia,Taliyah,Nami,Jax,Ambessa,Draven,Ahri,,Kennen,Camille,Azir,Lucian,Bard
2867,16.4,NA1_5501162637,1,,Red,0,Kennen,Camille,Azir,Lucian,Bard,Draven,Shaco,Akali,Pyke,Syndra,Riven,Kha'Zix,Anivia,Taliyah,Nami
2868,16.4,NA1_5502032063,0,,Blue,1,Kayle,Dr. Mundo,Akshan,Sivir,Karma,Yasuo,Zaahen,Ambessa,Tryndamere,Master Yi,Darius,Lee Sin,Ryze,Karthus,Senna
2869,16.4,NA1_5502032063,1,,Red,0,Darius,Lee Sin,Ryze,Karthus,Senna,Nautilus,,Zed,Yasuo,Graves,Kayle,Dr. Mundo,Akshan,Sivir,Karma
2870,16.4,NA1_5498391540,1,,Blue,1,Volibear,Zaahen,Azir,Vladimir,Nautilus,Fiddlesticks,Jax,Rengar,,Braum,Gangplank,Ambessa,Annie,Mel,Neeko
2871,16.4,NA1_5498391540,0,,Red,0,Gangplank,Ambessa,Annie,Mel,Neeko,Syndra,Karma,Riven,Leona,Poppy,Volibear,Zaahen,Azir,Vladimir,Nautilus
2872,16.4,NA1_5498112261,0,,Blue,1,K'Sante,Dr. Mundo,Taliyah,Zeri,Yuumi,Ambessa,Caitlyn,Malphite,Zed,Nautilus,Cho'Gath,Kindred,Mordekaiser,Aurelion Sol,Rell
2873,16.4,NA1_5498112261,1,,Red,0,Cho'Gath,Kindred,Mordekaiser,Aurelion Sol,Rell,Jayce,Veigar,,Aatrox,Katarina,K'Sante,Dr. Mundo,Taliyah,Zeri,Yuumi
2874,16.4,NA1_5501292470,0,,Blue,1,Jayce,Ambessa,Kog'Maw,Cassiopeia,Rell,Sivir,,Ekko,Pyke,Rumble,Briar,Talon,Lux,Kai'Sa,Leona
2875,16.4,NA1_5501292470,1,,Red,0,Briar,Talon,Lux,Kai'Sa,Leona,Graves,Vayne,Katarina,Mel,Jax,Jayce,Ambessa,Kog'Maw,Cassiopeia,Rell
2876,16.4,NA1_5497357360,1,,Blue,1,Varus,Nunu & Willump,Sylas,Draven,Pantheon,Anivia,Rengar,Nautilus,Jax,Yasuo,Yone,Zac,Ahri,Jhin,Bard
2877,16.4,NA1_5497357360,0,,Red,0,Yone,Zac,Ahri,Jhin,Bard,Poppy,Akali,Riven,Mel,Gwen,Varus,Nunu & Willump,Sylas,Draven,Pantheon
2878,16.4,NA1_5500290839,1,,Blue,1,Kennen,Kha'Zix,Twisted Fate,Caitlyn,Karma,Dr. Mundo,Rek'Sai,Zed,,Mel,Illaoi,Lee Sin,Ekko,Lucian,Milio
2879,16.4,NA1_5500290839,0,,Red,0,Illaoi,Lee Sin,Ekko,Lucian,Milio,Akali,Twitch,Varus,Garen,Jayce,Kennen,Kha'Zix,Twisted Fate,Caitlyn,Karma
2880,16.4,NA1_5497655785,1,,Blue,1,Rengar,Kha'Zix,Taliyah,Kog'Maw,Alistar,Darius,Karma,Shaco,Akali,Lux,Kayle,Zaahen,Galio,Tristana,Nami
2881,16.4,NA1_5497655785,0,,Red,0,Kayle,Zaahen,Galio,Tristana,Nami,Graves,Sona,Ambessa,Jax,Zoe,Rengar,Kha'Zix,Taliyah,Kog'Maw,Alistar
2882,16.4,NA1_5502261117,1,,Blue,1,Yone,Graves,Syndra,Ezreal,Karma,Azir,Ryze,Ambessa,Kha'Zix,Sylas,Qiyana,Fizz,Yasuo,Jinx,Nami
2883,16.4,NA1_5502261117,0,,Red,0,Qiyana,Fizz,Yasuo,Jinx,Nami,,,Akali,Ambessa,Katarina,Yone,Graves,Syndra,Ezreal,Karma
2884,16.4,NA1_5495937853,1,,Blue,1,Rek'Sai,Zaahen,Zoe,Miss Fortune,Nami,Syndra,Nautilus,Rengar,Jax,Kayn,Kennen,Jarvan IV,Irelia,Hwei,Lux
2885,16.4,NA1_5495937853,0,,Red,0,Kennen,Jarvan IV,Irelia,Hwei,Lux,Sivir,Viego,Jax,Jayce,Nautilus,Rek'Sai,Zaahen,Zoe,Miss Fortune,Nami
2886,16.4,NA1_5498236625,1,,Blue,1,Camille,Lee Sin,Orianna,Kalista,Nautilus,Yunara,,Zaahen,Kassadin,Braum,Kennen,Vi,Viktor,Kog'Maw,Bard
2887,16.4,NA1_5498236625,0,,Red,0,Kennen,Vi,Viktor,Kog'Maw,Bard,Varus,Riven,Teemo,Neeko,Gwen,Camille,Lee Sin,Orianna,Kalista,Nautilus
2888,16.4,NA1_5500921429,0,,Blue,1,Yone,Lillia,Camille,Varus,Alistar,Jax,Poppy,Kha'Zix,Sylas,Ambessa,Karma,Lee Sin,Orianna,Sivir,Braum
2889,16.4,NA1_5500921429,1,,Red,0,Karma,Lee Sin,Orianna,Sivir,Braum,Irelia,Rengar,Ambessa,Syndra,Akali,Yone,Lillia,Camille,Varus,Alistar
2890,16.4,NA1_5500273792,0,,Blue,1,Gwen,Jayce,Orianna,Zeri,Lulu,Zilean,Sona,Riven,Ryze,Rengar,Heimerdinger,Ambessa,Twisted Fate,Aphelios,Thresh
2891,16.4,NA1_5500273792,1,,Red,0,Heimerdinger,Ambessa,Twisted Fate,Aphelios,Thresh,Yasuo,Zoe,Poppy,Caitlyn,Azir,Gwen,Jayce,Orianna,Zeri,Lulu
2892,16.3,NA1_5494391140,0,,Blue,1,Volibear,Kayn,Anivia,Cassiopeia,Karma,Rengar,Jax,Akshan,Gangplank,Bel'Veth,Singed,Nunu & Willump,Zed,Yasuo,Nami
2893,16.3,NA1_5494391140,1,,Red,0,Singed,Nunu & Willump,Zed,Yasuo,Nami,Kayle,Kha'Zix,Qiyana,Akali,Sona,Volibear,Kayn,Anivia,Cassiopeia,Karma
2894,16.4,NA1_5501575423,1,,Blue,1,Malphite,Graves,Orianna,Yunara,Senna,,Kha'Zix,Yasuo,Draven,Pyke,Sylas,Viego,Camille,Hwei,Neeko
2895,16.4,NA1_5501575423,0,,Red,0,Sylas,Viego,Camille,Hwei,Neeko,Riven,Sivir,Kha'Zix,Poppy,Ambessa,Malphite,Graves,Orianna,Yunara,Senna
2896,16.3,NA1_5495499649,0,,Blue,1,Urgot,Zac,Viktor,Corki,Senna,Ambessa,,Poppy,Akali,Fiora,Shaco,Hecarim,Veigar,Tristana,Gragas
2897,16.3,NA1_5495499649,1,,Red,0,Shaco,Hecarim,Veigar,Tristana,Gragas,Gangplank,LeBlanc,Talon,Lulu,Twitch,Urgot,Zac,Viktor,Corki,Senna
2898,16.3,NA1_5493454375,1,,Blue,1,Cassiopeia,Shaco,Orianna,Yunara,Lulu,Akshan,Qiyana,Kindred,Yasuo,Sona,Vayne,Rengar,Ryze,Kai'Sa,Nautilus
2899,16.3,NA1_5493454375,0,,Red,0,Vayne,Rengar,Ryze,Kai'Sa,Nautilus,Tristana,Riven,Zilean,Braum,Nunu & Willump,Cassiopeia,Shaco,Orianna,Yunara,Lulu
2900,16.4,NA1_5500087377,1,,Blue,1,Renekton,Wukong,Aurora,Yasuo,Jarvan IV,Gwen,Sona,,Riven,Ambessa,Nasus,Kha'Zix,Viktor,Jinx,Rammus
2901,16.4,NA1_5500087377,0,,Red,0,Nasus,Kha'Zix,Viktor,Jinx,Rammus,Akshan,Draven,Gwen,Ambessa,Lux,Renekton,Wukong,Aurora,Yasuo,Jarvan IV
2902,16.3,NA1_5493020230,1,,Blue,1,Kayle,Kha'Zix,Ahri,Corki,Sona,Rengar,Blitzcrank,Nunu & Willump,Syndra,Azir,Cho'Gath,Talon,Kassadin,Ezreal,Yuumi
2903,16.3,NA1_5493020230,0,,Red,0,Cho'Gath,Talon,Kassadin,Ezreal,Yuumi,Zilean,Nunu & Willump,Vayne,Riven,Gwen,Kayle,Kha'Zix,Ahri,Corki,Sona
2904,16.4,NA1_5502077828,1,,Blue,1,Dr. Mundo,Ambessa,Aurora,Lucian,Nami,Azir,Poppy,Rengar,Draven,Nunu & Willump,Renekton,Graves,Ahri,Caitlyn,Sona
2905,16.4,NA1_5502077828,0,,Red,0,Renekton,Graves,Ahri,Caitlyn,Sona,Draven,Yasuo,Bel'Veth,Pyke,Riven,Dr. Mundo,Ambessa,Aurora,Lucian,Nami
2906,16.3,NA1_5493884205,1,,Blue,1,Gragas,Poppy,Ahri,Ezreal,Mel,,Gwen,Jax,Draven,Zed,Cho'Gath,Lee Sin,Akali,Tristana,Shaco
2907,16.3,NA1_5493884205,0,,Red,0,Cho'Gath,Lee Sin,Akali,Tristana,Shaco,Draven,Naafiri,Graves,Aphelios,Gwen,Gragas,Poppy,Ahri,Ezreal,Mel
2908,16.4,NA1_5500913361,1,,Blue,1,Vayne,Xin Zhao,Yone,Aphelios,Nidalee,,Aurora,Rengar,Jax,Draven,Singed,Kha'Zix,Nasus,Smolder,Syndra
2909,16.4,NA1_5500913361,0,,Red,0,Singed,Kha'Zix,Nasus,Smolder,Syndra,Caitlyn,Pyke,Ambessa,Rek'Sai,Urgot,Vayne,Xin Zhao,Yone,Aphelios,Nidalee
2910,16.4,NA1_5500511720,0,,Blue,1,Malphite,Kha'Zix,Anivia,Ashe,Janna,Qiyana,Draven,Kindred,Ambessa,Syndra,Vladimir,Zaahen,Aurelion Sol,Lucian,Senna
2911,16.4,NA1_5500511720,1,,Red,0,Vladimir,Zaahen,Aurelion Sol,Lucian,Senna,Nasus,Poppy,Naafiri,Tristana,Karma,Malphite,Kha'Zix,Anivia,Ashe,Janna
2912,16.4,NA1_5497119347,0,,Blue,1,Aatrox,Graves,Ryze,Corki,Senna,Zoe,,Rengar,Yasuo,Karthus,Cho'Gath,Kindred,Ahri,Ezreal,Nami
2913,16.4,NA1_5497119347,1,,Red,0,Cho'Gath,Kindred,Ahri,Ezreal,Nami,Jayce,Vayne,Twitch,Fiora,,Aatrox,Graves,Ryze,Corki,Senna
2914,16.3,NA1_5493444764,0,,Blue,1,Garen,Sylas,Corki,Hwei,Leona,Kindred,Braum,Riven,Vayne,Rengar,Zaahen,Fiddlesticks,Qiyana,Tristana,Lulu
2915,16.3,NA1_5493444764,1,,Red,0,Zaahen,Fiddlesticks,Qiyana,Tristana,Lulu,Nunu & Willump,Sona,Swain,Yasuo,Zilean,Garen,Sylas,Corki,Hwei,Leona
2916,16.4,NA1_5502215615,1,,Blue,1,Ornn,Wukong,Jayce,Aphelios,Zoe,Nunu & Willump,Rengar,Ambessa,Hecarim,,Urgot,Talon,Akali,Draven,Neeko
2917,16.4,NA1_5502215615,0,,Red,0,Urgot,Talon,Akali,Draven,Neeko,Pyke,,Bel'Veth,Varus,Braum,Ornn,Wukong,Jayce,Aphelios,Zoe
2918,16.4,NA1_5500155979,0,,Blue,1,Tryndamere,Fizz,Tristana,Lux,Maokai,Mel,Galio,Udyr,Malphite,Leona,Shen,Ambessa,Vladimir,Miss Fortune,Nautilus
2919,16.4,NA1_5500155979,1,,Red,0,Shen,Ambessa,Vladimir,Miss Fortune,Nautilus,Kha'Zix,Nidalee,Kindred,Camille,Syndra,Tryndamere,Fizz,Tristana,Lux,Maokai
2920,16.3,NA1_5492869291,1,,Blue,1,Rumble,Jarvan IV,Syndra,Corki,Nami,Jayce,Qiyana,Riven,Darius,Ambessa,Kennen,Nidalee,Viego,Tristana,Lulu
2921,16.3,NA1_5492869291,0,,Red,0,Kennen,Nidalee,Viego,Tristana,Lulu,Gwen,Sona,Jax,Yasuo,Rengar,Rumble,Jarvan IV,Syndra,Corki,Nami
2922,16.4,NA1_5501112741,1,,Blue,1,Sion,Sylas,Ryze,Ezreal,Bard,Ambessa,,Yasuo,Shaco,Riven,Gwen,Viego,Ahri,Senna,Swain
2923,16.4,NA1_5501112741,0,,Red,0,Gwen,Viego,Ahri,Senna,Swain,Akshan,Cassiopeia,Zilean,Nautilus,Yunara,Sion,Sylas,Ryze,Ezreal,Bard
2924,16.4,NA1_5501169575,1,,Blue,1,Nasus,Talon,Akshan,Seraphine,Vel'Koz,Master Yi,Mel,Pyke,Yasuo,Riven,Ambessa,Sylas,Urgot,Aphelios,Nami
2925,16.4,NA1_5501169575,0,,Red,0,Ambessa,Sylas,Urgot,Aphelios,Nami,,Irelia,Draven,Syndra,Jayce,Nasus,Talon,Akshan,Seraphine,Vel'Koz
2926,16.4,NA1_5501450170,0,,Blue,1,K'Sante,Talon,Orianna,Vladimir,Pantheon,,Caitlyn,Briar,Viktor,Elise,Illaoi,Udyr,Xerath,Kai'Sa,Lee Sin
2927,16.4,NA1_5501450170,1,,Red,0,Illaoi,Udyr,Xerath,Kai'Sa,Lee Sin,Poppy,Karma,Akali,Ambessa,Gangplank,K'Sante,Talon,Orianna,Vladimir,Pantheon
2928,16.4,NA1_5502193581,0,,Blue,1,Ambessa,Zed,Vladimir,Varus,Lulu,Gwen,Sivir,Sett,Hecarim,Orianna,Pantheon,Kha'Zix,Viktor,Jhin,Zilean
2929,16.4,NA1_5502193581,1,,Red,0,Pantheon,Kha'Zix,Viktor,Jhin,Zilean,Kennen,Yuumi,Karma,Pyke,Fiddlesticks,Ambessa,Zed,Vladimir,Varus,Lulu
2930,16.4,NA1_5498956245,0,,Blue,1,Aatrox,Viego,Viktor,Aphelios,Bard,Ekko,Ambessa,Draven,,Kha'Zix,Fiora,Wukong,Ahri,Lux,Neeko
2931,16.4,NA1_5498956245,1,,Red,0,Fiora,Wukong,Ahri,Lux,Neeko,Mel,Riven,Ambessa,Gwen,Pyke,Aatrox,Viego,Viktor,Aphelios,Bard
2932,16.4,NA1_5497781377,1,,Blue,1,Irelia,Karthus,Kassadin,Caitlyn,Lux,Nautilus,Pyke,Fiddlesticks,Orianna,Riven,Fiora,Xin Zhao,Ryze,Aphelios,Lulu
2933,16.4,NA1_5497781377,0,,Red,0,Fiora,Xin Zhao,Ryze,Aphelios,Lulu,Sona,Nunu & Willump,Jayce,Rengar,Yasuo,Irelia,Karthus,Kassadin,Caitlyn,Lux
2934,16.4,NA1_5500156664,1,,Blue,1,Fiora,Rek'Sai,Aurora,Caitlyn,Senna,Zed,Mel,Ambessa,Pyke,Vayne,Urgot,Hecarim,Akali,Yunara,Milio
2935,16.4,NA1_5500156664,0,,Red,0,Urgot,Hecarim,Akali,Yunara,Milio,Nunu & Willump,,Rumble,Varus,Rengar,Fiora,Rek'Sai,Aurora,Caitlyn,Senna
2936,16.4,NA1_5498360514,0,,Blue,1,Vel'Koz,Shaco,Akshan,Samira,Soraka,Fiora,Nidalee,Ezreal,Alistar,Yasuo,Irelia,Rumble,Swain,Tristana,Pyke
2937,16.4,NA1_5498360514,1,,Red,0,Irelia,Rumble,Swain,Tristana,Pyke,Kha'Zix,Bel'Veth,Jax,Xerath,Zoe,Vel'Koz,Shaco,Akshan,Samira,Soraka
2938,16.3,NA1_5493864479,1,,Blue,1,Aurora,Ambessa,Qiyana,Yunara,Braum,Riven,Draven,Pyke,Rengar,Akali,Vayne,Taliyah,Yasuo,Akshan,Alistar
2939,16.3,NA1_5493864479,0,,Red,0,Vayne,Taliyah,Yasuo,Akshan,Alistar,Mel,Rengar,Urgot,Riven,Akali,Aurora,Ambessa,Qiyana,Yunara,Braum
2940,16.3,NA1_5495293475,1,,Blue,1,Ahri,Hecarim,Cassiopeia,Xayah,Pyke,Talon,Kha'Zix,Taliyah,,Irelia,Fiora,Jayce,Akshan,Kai'Sa,Nautilus
2941,16.3,NA1_5495293475,0,,Red,0,Fiora,Jayce,Akshan,Kai'Sa,Nautilus,Bel'Veth,Aphelios,Draven,Yasuo,Malphite,Ahri,Hecarim,Cassiopeia,Xayah,Pyke
2942,16.4,NA1_5502380690,1,,Blue,1,Urgot,Zaahen,Aurora,Yunara,Rakan,Jayce,,Varus,Lulu,Rumble,Garen,Nidalee,Nasus,Vayne,Nautilus
2943,16.4,NA1_5502380690,0,,Red,0,Garen,Nidalee,Nasus,Vayne,Nautilus,Ahri,Darius,Yasuo,Rengar,Neeko,Urgot,Zaahen,Aurora,Yunara,Rakan
2944,16.4,NA1_5499169360,0,,Blue,1,Riven,Graves,Anivia,Kai'Sa,Nautilus,Jax,Renekton,LeBlanc,Zaahen,Rengar,Vayne,Zac,Ryze,Tristana,Nami
2945,16.4,NA1_5499169360,1,,Red,0,Vayne,Zac,Ryze,Tristana,Nami,Pyke,Braum,Samira,Jayce,Kindred,Riven,Graves,Anivia,Kai'Sa,Nautilus
2946,16.3,NA1_5492536931,1,,Blue,1,Kennen,Kha'Zix,Corki,Miss Fortune,Senna,Ambessa,Darius,Rek'Sai,Jayce,Draven,Nasus,Jarvan IV,Veigar,Ezreal,Karma
2947,16.3,NA1_5492536931,0,,Red,0,Nasus,Jarvan IV,Veigar,Ezreal,Karma,Twitch,Pyke,Katarina,,Kassadin,Kennen,Kha'Zix,Corki,Miss Fortune,Senna
2948,16.4,NA1_5502012150,0,,Blue,1,Aatrox,Ivern,Yone,Malzahar,Senna,Tryndamere,Talon,Smolder,Mel,Zed,Zaahen,Kha'Zix,Syndra,Corki,Nami
2949,16.4,NA1_5502012150,1,,Red,0,Zaahen,Kha'Zix,Syndra,Corki,Nami,Talon,Ambessa,Draven,Anivia,Jax,Aatrox,Ivern,Yone,Malzahar,Senna
2950,16.4,NA1_5495776190,1,,Blue,1,Akali,Ambessa,Orianna,Senna,Nautilus,Fizz,,Neeko,Ezreal,Bard,Jayce,Bel'Veth,Zoe,Aphelios,Blitzcrank
2951,16.4,NA1_5495776190,0,,Red,0,Jayce,Bel'Veth,Zoe,Aphelios,Blitzcrank,Lux,,Jax,Riven,Varus,Akali,Ambessa,Orianna,Senna,Nautilus
2952,16.4,NA1_5502419114,1,,Blue,1,Renekton,Hecarim,Zoe,Aphelios,Camille,Riven,Kindred,Caitlyn,Yasuo,Janna,Rumble,Shaco,Talon,Yunara,Lux
2953,16.4,NA1_5502419114,0,,Red,0,Rumble,Shaco,Talon,Yunara,Lux,Ambessa,Shen,Ezreal,Nautilus,Riven,Renekton,Hecarim,Zoe,Aphelios,Camille
2954,16.4,NA1_5501121734,1,,Blue,1,Jayce,Sylas,Corki,Ezreal,Nami,Irelia,Sona,Kha'Zix,,Pyke,Rumble,Graves,Nasus,Nilah,Senna
2955,16.4,NA1_5501121734,0,,Red,0,Rumble,Graves,Nasus,Nilah,Senna,Kindred,Ambessa,Anivia,Rengar,Blitzcrank,Jayce,Sylas,Corki,Ezreal,Nami
2956,16.4,NA1_5501798817,1,,Blue,1,Akali,Aatrox,Kassadin,Varus,Janna,Sona,Akshan,Draven,Graves,Zed,K'Sante,Viego,Camille,Viktor,Nami
2957,16.4,NA1_5501798817,0,,Red,0,K'Sante,Viego,Camille,Viktor,Nami,Riven,Poppy,Ambessa,Karthus,Kha'Zix,Akali,Aatrox,Kassadin,Varus,Janna
2958,16.4,NA1_5496589730,1,,Blue,1,Camille,Kha'Zix,Malzahar,Miss Fortune,Leona,Jayce,Zoe,Yasuo,Caitlyn,Jax,Garen,Naafiri,Aurora,Twitch,Renata Glasc
2959,16.4,NA1_5496589730,0,,Red,0,Garen,Naafiri,Aurora,Twitch,Renata Glasc,,Lucian,Yasuo,Qiyana,Ambessa,Camille,Kha'Zix,Malzahar,Miss Fortune,Leona
2960,16.3,NA1_5491803654,1,,Blue,1,Zaahen,Sylas,Azir,Kai'Sa,Poppy,Lucian,Bel'Veth,Zoe,Karthus,Riven,Aurora,Jarvan IV,Irelia,Viktor,Thresh
2961,16.3,NA1_5491803654,0,,Red,0,Aurora,Jarvan IV,Irelia,Viktor,Thresh,Rengar,Draven,Ryze,Caitlyn,Jayce,Zaahen,Sylas,Azir,Kai'Sa,Poppy
2962,16.4,NA1_5500356506,0,,Blue,1,Lee Sin,Graves,Vladimir,Yunara,Lulu,Pyke,Jayce,Caitlyn,Kindred,Naafiri,Cho'Gath,Xin Zhao,Yone,Swain,Zoe
2963,16.4,NA1_5500356506,1,,Red,0,Cho'Gath,Xin Zhao,Yone,Swain,Zoe,Twitch,Rengar,Poppy,Aatrox,Akshan,Lee Sin,Graves,Vladimir,Yunara,Lulu
2964,16.4,NA1_5496852195,1,,Blue,1,Zed,Ekko,Viktor,Qiyana,Alistar,Sylas,Kha'Zix,Akali,Braum,Graves,Ambessa,Shaco,Ryze,Senna,Poppy
2965,16.4,NA1_5496852195,0,,Red,0,Ambessa,Shaco,Ryze,Senna,Poppy,Nidalee,Mel,Sylas,Zilean,Pyke,Zed,Ekko,Viktor,Qiyana,Alistar
2966,16.4,NA1_5501311542,1,,Blue,1,Anivia,Ambessa,Galio,Aurelion Sol,Pyke,Ezreal,Lulu,Irelia,,Kha'Zix,Camille,Xin Zhao,LeBlanc,Seraphine,Mel
2967,16.4,NA1_5501311542,0,,Red,0,Camille,Xin Zhao,LeBlanc,Seraphine,Mel,Sivir,Shaco,Alistar,Kindred,Yasuo,Anivia,Ambessa,Galio,Aurelion Sol,Pyke
2968,16.4,NA1_5501731108,1,,Blue,1,Yone,Dr. Mundo,Zoe,Yunara,Alistar,Yasuo,Lux,Akali,Riven,,Renekton,Pantheon,Ryze,Ziggs,Senna
2969,16.4,NA1_5501731108,0,,Red,0,Renekton,Pantheon,Ryze,Ziggs,Senna,Qiyana,Draven,Yasuo,Pyke,Rumble,Yone,Dr. Mundo,Zoe,Yunara,Alistar
2970,16.4,NA1_5501221515,0,,Blue,1,Riven,Morgana,Nasus,Azir,Bard,Jayce,Akshan,Shaco,Pyke,Renekton,Garen,Fiddlesticks,Kog'Maw,Seraphine,Rell
2971,16.4,NA1_5501221515,1,,Red,0,Garen,Fiddlesticks,Kog'Maw,Seraphine,Rell,Ambessa,Twitch,Yunara,Yasuo,Akali,Riven,Morgana,Nasus,Azir,Bard
2972,16.4,NA1_5502332661,1,,Blue,1,Anivia,Udyr,Viktor,Corki,Nautilus,Aatrox,Gwen,Mel,Ambessa,Zoe,Tryndamere,Jayce,Vex,Sivir,Thresh
2973,16.4,NA1_5502332661,0,,Red,0,Tryndamere,Jayce,Vex,Sivir,Thresh,Kha'Zix,Graves,Gwen,Urgot,Mel,Anivia,Udyr,Viktor,Corki,Nautilus
2974,16.4,NA1_5502012397,0,,Blue,1,Kennen,Vayne,Akshan,Kai'Sa,Nami,Irelia,Teemo,Twisted Fate,,Talon,Renekton,Kha'Zix,Lissandra,Seraphine,Thresh
2975,16.4,NA1_5502012397,1,,Red,0,Renekton,Kha'Zix,Lissandra,Seraphine,Thresh,Jax,Zed,Sivir,Urgot,Sona,Kennen,Vayne,Akshan,Kai'Sa,Nami
2976,16.4,NA1_5500143653,0,,Blue,1,Varus,Kayn,Akali,Xayah,Rakan,Viego,Caitlyn,Nami,LeBlanc,Ryze,Olaf,Kha'Zix,Twisted Fate,Vel'Koz,Senna
2977,16.4,NA1_5500143653,1,,Red,0,Olaf,Kha'Zix,Twisted Fate,Vel'Koz,Senna,Jinx,Pyke,Fiddlesticks,Yasuo,Riven,Varus,Kayn,Akali,Xayah,Rakan
2978,16.3,NA1_5495043674,1,,Blue,1,Rumble,Hecarim,Irelia,Yunara,Zilean,Fiddlesticks,Varus,Kha'Zix,Karma,Gwen,Akali,Zac,Yasuo,Kai'Sa,Neeko
2979,16.3,NA1_5495043674,0,,Red,0,Akali,Zac,Yasuo,Kai'Sa,Neeko,,Twitch,Janna,Poppy,Gwen,Rumble,Hecarim,Irelia,Yunara,Zilean
2980,16.4,NA1_5498991445,1,,Blue,1,Jayce,Hecarim,Zoe,Smolder,Rakan,Xin Zhao,Zaahen,Riven,Mel,Graves,Aatrox,Jarvan IV,Tristana,Seraphine,Alistar
2981,16.4,NA1_5498991445,0,,Red,0,Aatrox,Jarvan IV,Tristana,Seraphine,Alistar,Sona,Mel,Elise,,Zaahen,Jayce,Hecarim,Zoe,Smolder,Rakan
2982,16.3,NA1_5494739377,1,,Blue,1,Sett,Shyvana,Annie,Senna,Anivia,Janna,,Tryndamere,Rengar,Pyke,Jax,Lee Sin,Ahri,Aphelios,Xerath
2983,16.3,NA1_5494739377,0,,Red,0,Jax,Lee Sin,Ahri,Aphelios,Xerath,Shen,Zac,,Zoe,Braum,Sett,Shyvana,Annie,Senna,Anivia
2984,16.4,NA1_5499346418,0,,Blue,1,Jayce,Volibear,Azir,Lux,Rell,Kennen,Pyke,Zoe,Zed,Mel,Olaf,Jarvan IV,Akali,Yunara,Blitzcrank
2985,16.4,NA1_5499346418,1,,Red,0,Olaf,Jarvan IV,Akali,Yunara,Blitzcrank,Rengar,Vayne,Seraphine,Riven,Jax,Jayce,Volibear,Azir,Lux,Rell
2986,16.4,NA1_5501974930,0,,Blue,1,Irelia,Udyr,Zed,Hwei,Nami,Kha'Zix,Sivir,Pyke,Rumble,Zoe,Jax,Naafiri,Taliyah,Mel,Braum
2987,16.4,NA1_5501974930,1,,Red,0,Jax,Naafiri,Taliyah,Mel,Braum,Akshan,Graves,Neeko,Sivir,Ambessa,Irelia,Udyr,Zed,Hwei,Nami
2988,16.4,NA1_5502030858,1,,Blue,1,Zaahen,Rengar,Sylas,Jayce,Milio,,Braum,Wukong,,Kha'Zix,Yasuo,Ivern,Anivia,Varus,Alistar
2989,16.4,NA1_5502030858,0,,Red,0,Yasuo,Ivern,Anivia,Varus,Alistar,Zilean,,Talon,Draven,Sion,Zaahen,Rengar,Sylas,Jayce,Milio
2990,16.4,NA1_5499872435,0,,Blue,1,Mordekaiser,Naafiri,Syndra,Twitch,Bard,Rengar,Yasuo,,Braum,,Azir,Ambessa,Yone,Ahri,Blitzcrank
2991,16.4,NA1_5499872435,1,,Red,0,Azir,Ambessa,Yone,Ahri,Blitzcrank,Akali,Dr. Mundo,Poppy,Mel,Jayce,Mordekaiser,Naafiri,Syndra,Twitch,Bard
2992,16.4,NA1_5499805968,1,,Blue,1,Kayle,Qiyana,Akali,Ezreal,Janna,Rengar,Vladimir,Zed,Pyke,Jax,Yasuo,Zac,Syndra,Tristana,Rakan
2993,16.4,NA1_5499805968,0,,Red,0,Yasuo,Zac,Syndra,Tristana,Rakan,Urgot,Jayce,Rengar,,Talon,Kayle,Qiyana,Akali,Ezreal,Janna
2994,16.4,NA1_5499233582,0,,Blue,1,Vladimir,Mordekaiser,Corki,Smolder,Janna,Pyke,Nasus,Kha'Zix,Lux,Zed,Rengar,Zac,Qiyana,Kai'Sa,Senna
2995,16.4,NA1_5499233582,1,,Red,0,Rengar,Zac,Qiyana,Kai'Sa,Senna,Thresh,Akali,Jayce,Pyke,Darius,Vladimir,Mordekaiser,Corki,Smolder,Janna
2996,16.4,NA1_5499905627,0,,Blue,1,Volibear,Graves,Ahri,Vladimir,Camille,Irelia,Ambessa,Fiddlesticks,Jax,Shaco,Jayce,Sion,Zac,Yunara,Karma
2997,16.4,NA1_5499905627,1,,Red,0,Jayce,Sion,Zac,Yunara,Karma,Poppy,Gwen,Pyke,Lux,Rengar,Volibear,Graves,Ahri,Vladimir,Camille
2998,16.3,NA1_5494586126,1,,Blue,1,Rumble,Kindred,Yasuo,Irelia,Soraka,Jax,Rengar,Gwen,Blitzcrank,Akali,K'Sante,Jarvan IV,Taliyah,Sivir,Bard
2999,16.3,NA1_5494586126,0,,Red,0,K'Sante,Jarvan IV,Taliyah,Sivir,Bard,Zaahen,Pyke,Zed,Ambessa,Rengar,Rumble,Kindred,Yasuo,Irelia,Soraka
3000,16.3,NA1_5493551748,0,,Blue,1,Irelia,Dr. Mundo,Lucian,Veigar,Nami,Ambessa,Draven,Nautilus,Zoe,Shaco,Vladimir,Ekko,Jayce,Caitlyn,Sona
3001,16.3,NA1_5493551748,1,,Red,0,Vladimir,Ekko,Jayce,Caitlyn,Sona,Fiddlesticks,Ambessa,Fiora,Yasuo,Zoe,Irelia,Dr. Mundo,Lucian,Veigar,Nami
3002,16.4,NA1_5496889370,1,,Blue,1,K'Sante,Ekko,Zed,Senna,Rell,Shaco,Akali,Vladimir,Kha'Zix,Alistar,Gnar,Nunu & Willump,Morgana,Pyke,Leona
3003,16.4,NA1_5496889370,0,,Red,0,Gnar,Nunu & Willump,Morgana,Pyke,Leona,Braum,,Sylas,Bel'Veth,Galio,K'Sante,Ekko,Zed,Senna,Rell
3004,16.4,NA1_5502527125,0,,Blue,1,Aurora,Jarvan IV,Veigar,Lucian,Milio,Braum,Zoe,Karma,Rengar,Kha'Zix,Nasus,Lee Sin,Ryze,Jinx,Pyke
3005,16.4,NA1_5502527125,1,,Red,0,Nasus,Lee Sin,Ryze,Jinx,Pyke,Akali,Dr. Mundo,Blitzcrank,Yasuo,Ambessa,Aurora,Jarvan IV,Veigar,Lucian,Milio
3006,16.3,NA1_5495196233,1,,Blue,1,Gragas,Jarvan IV,Yasuo,Kog'Maw,Soraka,Taliyah,Rengar,Ambessa,Fiora,Qiyana,Vayne,Jax,Azir,Yone,Rakan
3007,16.3,NA1_5495196233,0,,Red,0,Vayne,Jax,Azir,Yone,Rakan,Ambessa,Nilah,Sion,Malphite,Akali,Gragas,Jarvan IV,Yasuo,Kog'Maw,Soraka
3008,16.3,NA1_5495521187,1,,Blue,1,Jax,Ambessa,Annie,Aphelios,Renata Glasc,Draven,,Mel,Nunu & Willump,Malphite,Jayce,Master Yi,Anivia,Kai'Sa,Nautilus
3009,16.3,NA1_5495521187,0,,Red,0,Jayce,Master Yi,Anivia,Kai'Sa,Nautilus,Syndra,Caitlyn,Riven,Braum,,Jax,Ambessa,Annie,Aphelios,Renata Glasc
3010,16.3,NA1_5492480797,0,,Blue,1,Ambessa,Rek'Sai,Zoe,Miss Fortune,Janna,Katarina,Fiora,Qiyana,Naafiri,Rengar,Sett,Viego,Gwen,Corki,Karma
3011,16.3,NA1_5492480797,1,,Red,0,Sett,Viego,Gwen,Corki,Karma,Pyke,Qiyana,Lulu,Rengar,Riven,Ambessa,Rek'Sai,Zoe,Miss Fortune,Janna
3012,16.4,NA1_5502229619,0,,Blue,1,Illaoi,Neeko,Veigar,Xayah,Milio,,Kennen,Nilah,Ambessa,Akali,Azir,Lee Sin,Katarina,Ashe,Seraphine
3013,16.4,NA1_5502229619,1,,Red,0,Azir,Lee Sin,Katarina,Ashe,Seraphine,Akali,Sona,Zac,Graves,Jayce,Illaoi,Neeko,Veigar,Xayah,Milio
3014,16.4,NA1_5499801219,0,,Blue,1,Zed,Ambessa,Ryze,Kai'Sa,Neeko,Kha'Zix,Rengar,Bard,Fiora,Ekko,Dr. Mundo,Talon,Sion,Aphelios,Nami
3015,16.4,NA1_5499801219,1,,Red,0,Dr. Mundo,Talon,Sion,Aphelios,Nami,Mel,Udyr,Brand,Rek'Sai,Lux,Zed,Ambessa,Ryze,Kai'Sa,Neeko
3016,16.3,NA1_5491872527,1,,Blue,1,Ambessa,Jarvan IV,Viktor,Caitlyn,Seraphine,Pyke,Kha'Zix,,Qiyana,Jax,Gangplank,Ivern,Akali,Corki,Lux
3017,16.3,NA1_5491872527,0,,Red,0,Gangplank,Ivern,Akali,Corki,Lux,Mel,Vladimir,Katarina,Sion,Jayce,Ambessa,Jarvan IV,Viktor,Caitlyn,Seraphine
3018,16.4,NA1_5500712317,1,,Blue,1,Cassiopeia,Jayce,Ryze,Xayah,Rakan,Poppy,Rengar,Akali,Yasuo,,Graves,Ambessa,Aurora,Corki,Nami
3019,16.4,NA1_5500712317,0,,Red,0,Graves,Ambessa,Aurora,Corki,Nami,Zed,Rengar,Jax,Yasuo,Caitlyn,Cassiopeia,Jayce,Ryze,Xayah,Rakan
3020,16.4,NA1_5498914061,1,,Blue,1,Gragas,Graves,Yasuo,Varus,Karma,,Riven,Orianna,Rengar,Gwen,Vladimir,Jarvan IV,Lucian,Lux,Sona
3021,16.4,NA1_5498914061,0,,Red,0,Vladimir,Jarvan IV,Lucian,Lux,Sona,Ivern,Riven,Pyke,Kennen,Mel,Gragas,Graves,Yasuo,Varus,Karma
3022,16.4,NA1_5498079874,0,,Blue,1,Sejuani,Viego,Vladimir,Corki,Ekko,Sett,Hecarim,Caitlyn,Kennen,Akali,Mordekaiser,Lee Sin,Annie,Pantheon,Karma
3023,16.4,NA1_5498079874,1,,Red,0,Mordekaiser,Lee Sin,Annie,Pantheon,Karma,Poppy,Nunu & Willump,Neeko,Akali,Riven,Sejuani,Viego,Vladimir,Corki,Ekko
3024,16.4,NA1_5500038248,1,,Blue,1,Cassiopeia,Graves,Varus,Yasuo,Swain,Karma,Akali,Ambessa,Jayce,Mel,Rengar,Zyra,Yone,Seraphine,Alistar
3025,16.4,NA1_5500038248,0,,Red,0,Rengar,Zyra,Yone,Seraphine,Alistar,Darius,Bel'Veth,Lux,Gwen,Bard,Cassiopeia,Graves,Varus,Yasuo,Swain
3026,16.4,NA1_5499850962,1,,Blue,1,Ornn,Ekko,Naafiri,Yunara,Zilean,Ambessa,Bard,Vladimir,Rengar,Pyke,Kayle,Zaahen,Zoe,Caitlyn,Rakan
3027,16.4,NA1_5499850962,0,,Red,0,Kayle,Zaahen,Zoe,Caitlyn,Rakan,Yasuo,Jax,Braum,Draven,Shaco,Ornn,Ekko,Naafiri,Yunara,Zilean
3028,16.3,NA1_5491848529,0,,Blue,1,Jax,Hecarim,Yone,Xerath,Karma,Lee Sin,Braum,Renekton,Kai'Sa,Zed,Gragas,Gwen,Naafiri,Aphelios,Milio
3029,16.3,NA1_5491848529,1,,Red,0,Gragas,Gwen,Naafiri,Aphelios,Milio,Rengar,Kha'Zix,Varus,Yasuo,Ambessa,Jax,Hecarim,Yone,Xerath,Karma
3030,16.4,NA1_5498411992,0,,Blue,1,Swain,Udyr,LeBlanc,Kalista,Nautilus,Akali,Draven,Tryndamere,,Kindred,Gnar,Zac,Ekko,Zeri,Nami
3031,16.4,NA1_5498411992,1,,Red,0,Gnar,Zac,Ekko,Zeri,Nami,Malphite,Kindred,Kha'Zix,Anivia,Draven,Swain,Udyr,LeBlanc,Kalista,Nautilus
3032,16.4,NA1_5495809899,0,,Blue,1,Jayce,Wukong,Malzahar,Yunara,Lulu,Riven,Kha'Zix,Yasuo,Lucian,,Aurora,Vi,Smolder,Samira,Alistar
3033,16.4,NA1_5495809899,1,,Red,0,Aurora,Vi,Smolder,Samira,Alistar,Amumu,Sona,Graves,,Akali,Jayce,Wukong,Malzahar,Yunara,Lulu
3034,16.3,NA1_5495568069,1,,Blue,1,Aurora,Trundle,Ahri,Yunara,Lulu,,Varus,Rengar,Riven,,Jayce,Draven,Ryze,Sion,Senna
3035,16.3,NA1_5495568069,0,,Red,0,Jayce,Draven,Ryze,Sion,Senna,Poppy,Ambessa,Nunu & Willump,Qiyana,Nautilus,Aurora,Trundle,Ahri,Yunara,Lulu
3036,16.3,NA1_5494058384,1,,Blue,1,Camille,Sejuani,Akshan,Sivir,Bard,,Graves,Ryze,Jax,Draven,Renekton,Viego,Aurora,Senna,Nautilus
3037,16.3,NA1_5494058384,0,,Red,0,Renekton,Viego,Aurora,Senna,Nautilus,Rengar,Zed,Riven,Zoe,Lux,Camille,Sejuani,Akshan,Sivir,Bard
3038,16.3,NA1_5493601636,1,,Blue,1,Fiora,Zac,Galio,Aphelios,Karma,Poppy,Bard,Zoe,Rumble,Yasuo,Tryndamere,Xin Zhao,Akshan,Cassiopeia,Zilean
3039,16.3,NA1_5493601636,0,,Red,0,Tryndamere,Xin Zhao,Akshan,Cassiopeia,Zilean,Pyke,Ambessa,Syndra,Twitch,Malphite,Fiora,Zac,Galio,Aphelios,Karma
3040,16.4,NA1_5501223668,0,,Blue,1,Zaahen,Zac,Zoe,Aphelios,Leona,Bard,Riven,Zed,Zilean,Janna,Singed,Volibear,Mel,Kai'Sa,Alistar
3041,16.4,NA1_5501223668,1,,Red,0,Singed,Volibear,Mel,Kai'Sa,Alistar,Kayle,Varus,Ambessa,Kha'Zix,Kassadin,Zaahen,Zac,Zoe,Aphelios,Leona
3042,16.4,NA1_5501287055,1,,Blue,1,Zaahen,Graves,Galio,Aphelios,Soraka,Riven,Pyke,Kha'Zix,Yasuo,Blitzcrank,Renekton,Aatrox,Annie,Kalista,Renata Glasc
3043,16.4,NA1_5501287055,0,,Red,0,Renekton,Aatrox,Annie,Kalista,Renata Glasc,Ambessa,Blitzcrank,Mordekaiser,Akali,Zilean,Zaahen,Graves,Galio,Aphelios,Soraka
3044,16.4,NA1_5499624529,1,,Blue,1,Vladimir,Zaahen,Karma,Aphelios,Bard,,Graves,Fiddlesticks,Riven,Ambessa,Gnar,Jayce,Zoe,Jhin,Janna
3045,16.4,NA1_5499624529,0,,Red,0,Gnar,Jayce,Zoe,Jhin,Janna,Kennen,,Zac,Bel'Veth,Cassiopeia,Vladimir,Zaahen,Karma,Aphelios,Bard
3046,16.4,NA1_5501628457,0,,Blue,1,Kennen,Kha'Zix,Zoe,Ezreal,Bard,Mel,Yasuo,Akali,Jayce,Ambessa,Irelia,Talon,Ahri,Kai'Sa,Pyke
3047,16.4,NA1_5501628457,1,,Red,0,Irelia,Talon,Ahri,Kai'Sa,Pyke,Graves,Sona,Jayce,Nautilus,,Kennen,Kha'Zix,Zoe,Ezreal,Bard
3048,16.3,NA1_5492561147,1,,Blue,1,Akali,Viego,Aurora,Kai'Sa,Alistar,Master Yi,Blitzcrank,Kha'Zix,Yasuo,Hecarim,Ambessa,Zaahen,Naafiri,Veigar,Janna
3049,16.3,NA1_5492561147,0,,Red,0,Ambessa,Zaahen,Naafiri,Veigar,Janna,Draven,LeBlanc,Braum,Bel'Veth,Jayce,Akali,Viego,Aurora,Kai'Sa,Alistar
3050,16.3,NA1_5495488210,0,,Blue,1,Jax,Gwen,Karma,Aphelios,Rakan,Bard,Nunu & Willump,Zed,Riven,Pyke,Aurora,Wukong,Yone,Lux,Sona
3051,16.3,NA1_5495488210,1,,Red,0,Aurora,Wukong,Yone,Lux,Sona,Akshan,Ekko,Nautilus,Pyke,Kled,Jax,Gwen,Karma,Aphelios,Rakan
3052,16.4,NA1_5496765829,1,,Blue,1,Ryze,Vayne,Zoe,Jhin,Leona,Riven,Neeko,Swain,Ambessa,Sion,Malphite,Ekko,Zed,Lux,Sona
3053,16.4,NA1_5496765829,0,,Red,0,Malphite,Ekko,Zed,Lux,Sona,Orianna,Akali,,Pyke,Karma,Ryze,Vayne,Zoe,Jhin,Leona
3054,16.4,NA1_5500204383,1,,Blue,1,Zaahen,Viego,Ryze,Seraphine,Soraka,,Twitch,,Rengar,Pyke,Akali,Ambessa,LeBlanc,Kai'Sa,Blitzcrank
3055,16.4,NA1_5500204383,0,,Red,0,Akali,Ambessa,LeBlanc,Kai'Sa,Blitzcrank,Poppy,Sona,Zilean,Kha'Zix,Riven,Zaahen,Viego,Ryze,Seraphine,Soraka
3056,16.4,NA1_5498969400,1,,Blue,1,Aatrox,Xin Zhao,Orianna,Kalista,Nautilus,Azir,Sona,Elise,Irelia,,Garen,Ekko,Yasuo,Ezreal,Alistar
3057,16.4,NA1_5498969400,0,,Red,0,Garen,Ekko,Yasuo,Ezreal,Alistar,Zoe,Lux,Mel,Nasus,Akali,Aatrox,Xin Zhao,Orianna,Kalista,Nautilus
3058,16.4,NA1_5496650227,0,,Blue,1,Camille,Darius,Nasus,Lux,Neeko,Karma,Rengar,Pyke,Jax,Sylas,Gangplank,Ambessa,Cassiopeia,Sivir,Bard
3059,16.4,NA1_5496650227,0,,Red,0,Gangplank,Ambessa,Cassiopeia,Sivir,Bard,Kha'Zix,,Mel,Sion,Riven,Camille,Darius,Nasus,Lux,Neeko
3060,16.4,NA1_5500632283,0,,Blue,1,Rengar,Lee Sin,Fiddlesticks,Jinx,Karma,Yasuo,Bel'Veth,Braum,Darius,Sylas,Tryndamere,Xin Zhao,Viktor,Xayah,Rakan
3061,16.4,NA1_5500632283,1,,Red,0,Tryndamere,Xin Zhao,Viktor,Xayah,Rakan,Graves,Kassadin,Qiyana,Pyke,,Rengar,Lee Sin,Fiddlesticks,Jinx,Karma
3062,16.3,NA1_5492494450,0,,Blue,1,Zaahen,Nocturne,Anivia,Ezreal,Maokai,Rengar,Ambessa,Qiyana,Ahri,Fiora,Malzahar,Rek'Sai,Kayle,Sivir,Soraka
3063,16.3,NA1_5492494450,1,,Red,0,Malzahar,Rek'Sai,Kayle,Sivir,Soraka,Olaf,Orianna,Neeko,Kindred,Ambessa,Zaahen,Nocturne,Anivia,Ezreal,Maokai
3064,16.4,NA1_5496435615,1,,Blue,1,Twisted Fate,Teemo,Ambessa,Tristana,Rakan,Gangplank,Pyke,Lee Sin,Lucian,Rengar,Riven,Naafiri,Kassadin,Jhin,Taric
3065,16.4,NA1_5496435615,0,,Red,0,Riven,Naafiri,Kassadin,Jhin,Taric,Neeko,Hecarim,Ezreal,Zed,Renekton,Twisted Fate,Teemo,Ambessa,Tristana,Rakan
3066,16.4,NA1_5499915954,1,,Blue,1,Aurora,Taric,Akshan,Xayah,Blitzcrank,Naafiri,Lucian,,Viktor,Ambessa,Gnar,Zac,Kassadin,Ezreal,Sona
3067,16.4,NA1_5499915954,0,,Red,0,Gnar,Zac,Kassadin,Ezreal,Sona,Jayce,Kha'Zix,Pyke,Zed,Mel,Aurora,Taric,Akshan,Xayah,Blitzcrank
3068,16.4,NA1_5499678196,0,,Blue,1,Rek'Sai,Ambessa,Galio,Kai'Sa,Nautilus,Renata Glasc,,Nunu & Willump,,Irelia,Renekton,Lee Sin,Ryze,Twitch,Sona
3069,16.4,NA1_5499678196,1,,Red,0,Renekton,Lee Sin,Ryze,Twitch,Sona,Syndra,Riven,Yasuo,,Jayce,Rek'Sai,Ambessa,Galio,Kai'Sa,Nautilus
3070,16.4,NA1_5501248555,0,,Blue,1,Udyr,Viego,Orianna,Ezreal,Nami,Yasuo,Caitlyn,Katarina,Pyke,Ambessa,Renekton,Shaco,Azir,Sivir,Bard
3071,16.4,NA1_5501248555,1,,Red,0,Renekton,Shaco,Azir,Sivir,Bard,Zaahen,Riven,Fiddlesticks,Akshan,Kha'Zix,Udyr,Viego,Orianna,Ezreal,Nami
3072,16.4,NA1_5502046274,1,,Blue,1,Zaahen,Karthus,Aurora,Viego,Yuumi,Yunara,Braum,Akshan,Riven,Rengar,Orianna,Zac,Yasuo,Aphelios,Bard
3073,16.4,NA1_5502046274,0,,Red,0,Orianna,Zac,Yasuo,Aphelios,Bard,Draven,Talon,Akali,,Ambessa,Zaahen,Karthus,Aurora,Viego,Yuumi
3074,16.4,NA1_5502116727,0,,Blue,1,Sion,Dr. Mundo,Viktor,Draven,Neeko,Pyke,Braum,Gwen,Blitzcrank,Akali,Varus,Zed,Aurora,Caitlyn,Lux
3075,16.4,NA1_5502116727,1,,Red,0,Varus,Zed,Aurora,Caitlyn,Lux,Nautilus,Cho'Gath,Bel'Veth,Jax,Yasuo,Sion,Dr. Mundo,Viktor,Draven,Neeko
3076,16.3,NA1_5494054824,1,,Blue,1,Gwen,Jarvan IV,Anivia,Yunara,Karma,Syndra,Rengar,Riven,Draven,Pyke,Sion,Zaahen,Katarina,Lucian,Milio
3077,16.3,NA1_5494054824,0,,Red,0,Sion,Zaahen,Katarina,Lucian,Milio,Sona,Zac,Vladimir,Draven,Fiora,Gwen,Jarvan IV,Anivia,Yunara,Karma
3078,16.4,NA1_5500151172,0,,Blue,1,Vayne,Teemo,Ekko,Ezreal,Swain,Shaco,Jax,Malphite,Akali,Karma,Ambessa,Qiyana,Aurora,Yasuo,Lee Sin
3079,16.4,NA1_5500151172,1,,Red,0,Ambessa,Qiyana,Aurora,Yasuo,Lee Sin,Caitlyn,Rengar,Syndra,Poppy,Riven,Vayne,Teemo,Ekko,Ezreal,Swain
3080,16.4,NA1_5500067433,0,,Blue,1,Kennen,Ambessa,Vladimir,Seraphine,Neeko,Mel,Rengar,,Fiddlesticks,Riven,Renekton,Jayce,Ryze,Swain,Bard
3081,16.4,NA1_5500067433,1,,Red,0,Renekton,Jayce,Ryze,Swain,Bard,Rengar,Riven,Yasuo,Karma,,Kennen,Ambessa,Vladimir,Seraphine,Neeko
3082,16.4,NA1_5502117740,0,,Blue,1,Gangplank,Evelynn,Zed,Yunara,Renata Glasc,Zoe,,Mel,Braum,Cassiopeia,Varus,Wukong,Sylas,Aphelios,Blitzcrank
3083,16.4,NA1_5502117740,1,,Red,0,Varus,Wukong,Sylas,Aphelios,Blitzcrank,Ezreal,Zoe,Kha'Zix,Draven,Fiora,Gangplank,Evelynn,Zed,Yunara,Renata Glasc
3084,16.3,NA1_5493691376,0,,Blue,1,Gangplank,Shaco,Ryze,Kai'Sa,Taric,Gwen,Ambessa,Pyke,Draven,Nidalee,Darius,Zyra,Ekko,Smolder,Nautilus
3085,16.3,NA1_5493691376,1,,Red,0,Darius,Zyra,Ekko,Smolder,Nautilus,Akali,Pyke,Twitch,Jayce,Talon,Gangplank,Shaco,Ryze,Kai'Sa,Taric
3086,16.4,NA1_5501557059,1,,Blue,1,Riven,Jarvan IV,Ahri,Draven,Neeko,Braum,Zoe,Kennen,Pyke,Ambessa,Anivia,Vi,Ryze,Ashe,Zilean
3087,16.4,NA1_5501557059,0,,Red,0,Anivia,Vi,Ryze,Ashe,Zilean,Mel,Aatrox,Ambessa,Sona,Yasuo,Riven,Jarvan IV,Ahri,Draven,Neeko
3088,16.4,NA1_5498309270,1,,Blue,1,K'Sante,Jarvan IV,Akali,Varus,Bard,Pyke,Galio,,Gwen,Bel'Veth,Shen,Jayce,Anivia,Jhin,Karma
3089,16.4,NA1_5498309270,0,,Red,0,Shen,Jayce,Anivia,Jhin,Karma,,Shaco,Yorick,Malphite,Zeri,K'Sante,Jarvan IV,Akali,Varus,Bard
3090,16.4,NA1_5498329752,0,,Blue,1,Malphite,Briar,Malzahar,Seraphine,Nautilus,Kha'Zix,Samira,Braum,Yasuo,Rumble,Morgana,Vayne,Mel,Lucian,Lulu
3091,16.4,NA1_5498329752,1,,Red,0,Morgana,Vayne,Mel,Lucian,Lulu,Rumble,Ahri,Braum,Alistar,Tryndamere,Malphite,Briar,Malzahar,Seraphine,Nautilus
3092,16.4,NA1_5499921988,1,,Blue,1,Renekton,Fiddlesticks,Kassadin,Ashe,Rakan,Ambessa,Zed,Kled,,Caitlyn,Illaoi,Taric,Tristana,Yunara,Lee Sin
3093,16.4,NA1_5499921988,0,,Red,0,Illaoi,Taric,Tristana,Yunara,Lee Sin,Yasuo,Naafiri,Zoe,Riven,Poppy,Renekton,Fiddlesticks,Kassadin,Ashe,Rakan
3094,16.4,NA1_5501071116,1,,Blue,1,Ambessa,Zaahen,Ezreal,Mel,Karma,Rengar,Sona,Sivir,Riven,Shaco,Sion,Pantheon,Zilean,Yunara,Soraka
3095,16.4,NA1_5501071116,0,,Red,0,Sion,Pantheon,Zilean,Yunara,Soraka,Yasuo,Kha'Zix,Qiyana,Riven,Zoe,Ambessa,Zaahen,Ezreal,Mel,Karma
3096,16.4,NA1_5497449984,1,,Blue,1,Zaahen,Evelynn,Yone,Xerath,Senna,Nunu & Willump,Jax,Sylas,Lux,Jarvan IV,Renekton,Camille,Mel,Brand,Soraka
3097,16.4,NA1_5497449984,0,,Red,0,Renekton,Camille,Mel,Brand,Soraka,Sivir,Zoe,Kennen,Rengar,Kha'Zix,Zaahen,Evelynn,Yone,Xerath,Senna
3098,16.4,NA1_5501256552,1,,Blue,1,Jayce,Lee Sin,Ahri,Varus,Anivia,Thresh,Kindred,Mel,Riven,Zed,Camille,Briar,Azir,Zyra,Bard
3099,16.4,NA1_5501256552,0,,Red,0,Camille,Briar,Azir,Zyra,Bard,Gwen,Syndra,Pyke,Renekton,Ambessa,Jayce,Lee Sin,Ahri,Varus,Anivia
3100,16.4,NA1_5500354460,1,,Blue,1,Shen,Rengar,Sylas,Ziggs,Karma,Tryndamere,Fiddlesticks,Sivir,Zoe,Poppy,Zaahen,Talon,Ryze,Aphelios,Pantheon
3101,16.4,NA1_5500354460,0,,Red,0,Zaahen,Talon,Ryze,Aphelios,Pantheon,Malphite,Lux,Anivia,Ambessa,Bel'Veth,Shen,Rengar,Sylas,Ziggs,Karma
3102,16.4,NA1_5501745874,0,,Blue,1,Shen,Nidalee,Brand,Twitch,Nami,Draven,Tryndamere,Bel'Veth,Swain,Kassadin,Jayce,Shaco,Ziggs,Tristana,Blitzcrank
3103,16.4,NA1_5501745874,1,,Red,0,Jayce,Shaco,Ziggs,Tristana,Blitzcrank,Ambessa,Zaahen,Yasuo,Riven,Pyke,Shen,Nidalee,Brand,Twitch,Nami
3104,16.4,NA1_5501688273,1,,Blue,1,Zaahen,Xin Zhao,Anivia,Ashe,Bard,Sona,Riven,Yasuo,Rengar,Syndra,Malphite,Lee Sin,Kog'Maw,Caitlyn,Thresh
3105,16.4,NA1_5501688273,0,,Red,0,Malphite,Lee Sin,Kog'Maw,Caitlyn,Thresh,Sion,Bel'Veth,Rengar,Ambessa,Mel,Zaahen,Xin Zhao,Anivia,Ashe,Bard
3106,16.3,NA1_5495122725,0,,Blue,1,Renekton,Vi,Yone,Brand,Nami,Sivir,Ambessa,,Taliyah,Mel,Dr. Mundo,Fiddlesticks,Tryndamere,Ezreal,Karma
3107,16.3,NA1_5495122725,1,,Red,0,Dr. Mundo,Fiddlesticks,Tryndamere,Ezreal,Karma,Gangplank,Ambessa,Riven,Nidalee,,Renekton,Vi,Yone,Brand,Nami
3108,16.4,NA1_5500828254,0,,Blue,1,Nasus,Rengar,Orianna,Sivir,Skarner,Akali,Ambessa,Lee Sin,Gwen,Poppy,Rumble,Zaahen,Taliyah,Jinx,Lulu
3109,16.4,NA1_5500828254,1,,Red,0,Rumble,Zaahen,Taliyah,Jinx,Lulu,Riven,Nunu & Willump,,Sona,Darius,Nasus,Rengar,Orianna,Sivir,Skarner
3110,16.4,NA1_5496758258,0,,Blue,1,Ambessa,Aatrox,Ahri,Xayah,Rakan,,Jayce,Senna,Zed,Lux,Aurora,Rengar,Pyke,Sivir,Alistar
3111,16.4,NA1_5496758258,1,,Red,0,Aurora,Rengar,Pyke,Sivir,Alistar,Draven,Jax,Lee Sin,,Sylas,Ambessa,Aatrox,Ahri,Xayah,Rakan
3112,16.4,NA1_5498495802,0,,Blue,1,Kayle,Xin Zhao,Nasus,Kog'Maw,Senna,Pyke,Irelia,Swain,Rengar,Ekko,Singed,Kayn,Zed,Ezreal,Anivia
3113,16.4,NA1_5498495802,1,,Red,0,Singed,Kayn,Zed,Ezreal,Anivia,Viego,Rengar,Ambessa,Yunara,LeBlanc,Kayle,Xin Zhao,Nasus,Kog'Maw,Senna
3114,16.4,NA1_5501426199,1,,Blue,1,Dr. Mundo,Talon,Viktor,Swain,Lee Sin,Gwen,Rek'Sai,Akali,Poppy,Braum,Udyr,Zaahen,Karma,Vladimir,Pyke
3115,16.4,NA1_5501426199,0,,Red,0,Udyr,Zaahen,Karma,Vladimir,Pyke,Zed,Caitlyn,Ambessa,Shaco,Elise,Dr. Mundo,Talon,Viktor,Swain,Lee Sin
3116,16.4,NA1_5495851331,0,,Blue,1,Vayne,Wukong,Hwei,Jhin,Neeko,Zed,Gwen,Zaahen,Bel'Veth,,Malphite,Graves,Katarina,Senna,Nami
3117,16.4,NA1_5495851331,1,,Red,0,Malphite,Graves,Katarina,Senna,Nami,Jayce,Blitzcrank,Kindred,Gwen,Ryze,Vayne,Wukong,Hwei,Jhin,Neeko
3118,16.3,NA1_5493663565,0,,Blue,1,Gwen,Jayce,Xerath,Yunara,Nautilus,Draven,Lux,Graves,Riven,Akali,Zoe,Lee Sin,Galio,Jhin,Elise
3119,16.3,NA1_5493663565,1,,Red,0,Zoe,Lee Sin,Galio,Jhin,Elise,Jarvan IV,Gangplank,Ambessa,Viego,Malphite,Gwen,Jayce,Xerath,Yunara,Nautilus
3120,16.4,NA1_5499436652,1,,Blue,1,Irelia,Jayce,Taliyah,Ezreal,Bard,Varus,Bel'Veth,Kennen,Viktor,Lee Sin,Camille,Ambessa,Xerath,Seraphine,Neeko
3121,16.4,NA1_5499436652,0,,Red,0,Camille,Ambessa,Xerath,Seraphine,Neeko,,Riven,Jax,Mel,,Irelia,Jayce,Taliyah,Ezreal,Bard
3122,16.4,NA1_5501671077,1,,Blue,1,Cassiopeia,Fiddlesticks,Riven,Caitlyn,Pantheon,Galio,Nautilus,Lux,Rengar,Azir,Varus,Xin Zhao,Anivia,Ezreal,Yuumi
3123,16.4,NA1_5501671077,0,,Red,0,Varus,Xin Zhao,Anivia,Ezreal,Yuumi,Aurora,Graves,Yasuo,Lucian,Rengar,Cassiopeia,Fiddlesticks,Riven,Caitlyn,Pantheon
3124,16.4,NA1_5496062123,1,,Blue,1,Akali,Brand,Akshan,Jhin,Nautilus,Ambessa,Yasuo,Draven,Rengar,Kindred,Sion,Naafiri,Taliyah,Hwei,Senna
3125,16.4,NA1_5496062123,0,,Red,0,Sion,Naafiri,Taliyah,Hwei,Senna,Katarina,Kha'Zix,Bard,Karma,Sona,Akali,Brand,Akshan,Jhin,Nautilus
3126,16.4,NA1_5500978606,1,,Blue,1,Kayle,Rek'Sai,Akshan,Varus,Thresh,Draven,Shaco,Nami,Zaahen,Qiyana,Ornn,Talon,Galio,Yunara,Braum
3127,16.4,NA1_5500978606,0,,Red,0,Ornn,Talon,Galio,Yunara,Braum,Pyke,Rengar,Zoe,Ambessa,Caitlyn,Kayle,Rek'Sai,Akshan,Varus,Thresh
3128,16.4,NA1_5502170801,1,,Blue,1,Ahri,Jayce,Yone,Draven,Thresh,,Sona,Ambessa,Twitch,Rengar,Zac,Lee Sin,Viktor,Seraphine,Tahm Kench
3129,16.4,NA1_5502170801,0,,Red,0,Zac,Lee Sin,Viktor,Seraphine,Tahm Kench,Akali,Sivir,Poppy,Bel'Veth,Ambessa,Ahri,Jayce,Yone,Draven,Thresh
3130,16.4,NA1_5500912043,1,,Blue,1,Camille,Vi,Viktor,Ziggs,Leona,Draven,Qiyana,Caitlyn,Kindred,Zoe,Malphite,Diana,Irelia,Pyke,Alistar
3131,16.4,NA1_5500912043,0,,Red,0,Malphite,Diana,Irelia,Pyke,Alistar,Braum,Rengar,,Gwen,Sylas,Camille,Vi,Viktor,Ziggs,Leona
3132,16.4,NA1_5496811083,1,,Blue,1,Jayce,Nunu & Willump,Vel'Koz,Corki,Nautilus,Bel'Veth,Rengar,Pyke,Malphite,,Zoe,Trundle,Zed,Jhin,Blitzcrank
3133,16.4,NA1_5496811083,0,,Red,0,Zoe,Trundle,Zed,Jhin,Blitzcrank,Bard,Dr. Mundo,Shaco,Rengar,Draven,Jayce,Nunu & Willump,Vel'Koz,Corki,Nautilus
3134,16.4,NA1_5496246191,1,,Blue,1,Volibear,Zaahen,Zoe,Draven,Rell,Dr. Mundo,Braum,Jax,Kayn,Zed,Jayce,Nidalee,Twisted Fate,Lucian,Yuumi
3135,16.4,NA1_5496246191,0,,Red,0,Jayce,Nidalee,Twisted Fate,Lucian,Yuumi,Ambessa,Alistar,Pyke,Vladimir,Qiyana,Volibear,Zaahen,Zoe,Draven,Rell
3136,16.4,NA1_5499107834,1,,Blue,1,Yasuo,Hecarim,Orianna,Twitch,Yuumi,Graves,Jax,Pyke,Varus,Ekko,K'Sante,Talon,Veigar,Ashe,Senna
3137,16.4,NA1_5499107834,0,,Red,0,K'Sante,Talon,Veigar,Ashe,Senna,Shen,Bel'Veth,Bard,Malphite,Sivir,Yasuo,Hecarim,Orianna,Twitch,Yuumi
3138,16.4,NA1_5497509320,0,,Blue,1,Lee Sin,Fiddlesticks,Naafiri,Senna,Janna,Galio,Rengar,Nautilus,Yone,,Renekton,Briar,LeBlanc,Lux,Neeko
3139,16.4,NA1_5497509320,1,,Red,0,Renekton,Briar,LeBlanc,Lux,Neeko,Mel,Jarvan IV,Pyke,Akshan,Kennen,Lee Sin,Fiddlesticks,Naafiri,Senna,Janna
3140,16.3,NA1_5492084256,0,,Blue,1,Kennen,Draven,Syndra,Lucian,Leona,Braum,Zed,Kindred,Akali,Fiora,Nasus,Jax,Ryze,Sivir,Yuumi
3141,16.3,NA1_5492084256,1,,Red,0,Nasus,Jax,Ryze,Sivir,Yuumi,Pyke,,Bel'Veth,Alistar,Rengar,Kennen,Draven,Syndra,Lucian,Leona
3142,16.4,NA1_5499508308,1,,Blue,1,Vladimir,Aatrox,Zed,Sylas,Nami,Malphite,Pyke,,Fiora,Varus,Irelia,Shaco,Syndra,Kai'Sa,Leona
3143,16.4,NA1_5499508308,0,,Red,0,Irelia,Shaco,Syndra,Kai'Sa,Leona,Ambessa,Rengar,Fiddlesticks,Qiyana,Riven,Vladimir,Aatrox,Zed,Sylas,Nami
3144,16.3,NA1_5495535066,1,,Blue,1,Fiora,Ambessa,Aurora,Ezreal,Janna,Draven,,Nunu & Willump,Rumble,Mel,Jayce,Talon,Galio,Twitch,Thresh
3145,16.3,NA1_5495535066,0,,Red,0,Jayce,Talon,Galio,Twitch,Thresh,Zoe,Pyke,Rengar,Riven,Yasuo,Fiora,Ambessa,Aurora,Ezreal,Janna
3146,16.4,NA1_5498997317,1,,Blue,1,Jax,Zed,Yasuo,Varus,Bard,,,Ambessa,Karma,Bel'Veth,Riven,Shyvana,Xerath,Seraphine,Sona
3147,16.4,NA1_5498997317,0,,Red,0,Riven,Shyvana,Xerath,Seraphine,Sona,Neeko,Zoe,Kha'Zix,Mel,,Jax,Zed,Yasuo,Varus,Bard
3148,16.4,NA1_5495769904,0,,Blue,1,Akali,Graves,Twisted Fate,Aphelios,Karma,Ahri,Riven,Lux,Pyke,Varus,Jax,Aatrox,Sylas,Senna,Bard
3149,16.4,NA1_5495769904,1,,Red,0,Jax,Aatrox,Sylas,Senna,Bard,Ezreal,Neeko,Zoe,Zac,Bel'Veth,Akali,Graves,Twisted Fate,Aphelios,Karma
3150,16.4,NA1_5501993545,1,,Blue,1,Darius,Viego,Ahri,Lucian,Nautilus,Jax,Sona,Kha'Zix,Fiora,Yasuo,Camille,Jayce,Teemo,Jhin,Blitzcrank
3151,16.4,NA1_5501993545,0,,Red,0,Camille,Jayce,Teemo,Jhin,Blitzcrank,Zed,Ambessa,Draven,Alistar,Vayne,Darius,Viego,Ahri,Lucian,Nautilus
3152,16.3,NA1_5492225395,0,,Blue,1,Gnar,Zed,Fizz,Vayne,Janna,Kha'Zix,Fiora,Sylas,Ambessa,Bard,Malphite,Poppy,Azir,Swain,Senna
3153,16.3,NA1_5492225395,1,,Red,0,Malphite,Poppy,Azir,Swain,Senna,Braum,Bard,Irelia,Shaco,Ambessa,Gnar,Zed,Fizz,Vayne,Janna
3154,16.3,NA1_5493583602,0,,Blue,1,Jax,Ambessa,Xerath,Mel,Senna,Kha'Zix,Akali,Zac,Darius,Lux,Gnar,Lee Sin,Aurora,Yunara,Lulu
3155,16.3,NA1_5493583602,1,,Red,0,Gnar,Lee Sin,Aurora,Yunara,Lulu,Nautilus,Sona,Naafiri,Rengar,Gangplank,Jax,Ambessa,Xerath,Mel,Senna
3156,16.4,NA1_5497404739,1,,Blue,1,Renekton,Udyr,Sejuani,Caitlyn,Nautilus,Draven,Yasuo,Syndra,Ambessa,Kennen,Fiora,Kha'Zix,Twisted Fate,Varus,Taric
3157,16.4,NA1_5497404739,0,,Red,0,Fiora,Kha'Zix,Twisted Fate,Varus,Taric,Graves,Syndra,,Ambessa,Ezreal,Renekton,Udyr,Sejuani,Caitlyn,Nautilus
3158,16.3,NA1_5492839993,1,,Blue,1,Riven,Nidalee,Syndra,Tristana,Lulu,Shaco,Fiddlesticks,Ambessa,Yasuo,Sona,Fiora,Xin Zhao,Aurora,Jinx,Thresh
3159,16.3,NA1_5492839993,0,,Red,0,Fiora,Xin Zhao,Aurora,Jinx,Thresh,Talon,Yasuo,Twitch,Ambessa,Lux,Riven,Nidalee,Syndra,Tristana,Lulu
3160,16.4,NA1_5502384587,1,,Blue,1,Vayne,Lee Sin,LeBlanc,Vladimir,Pantheon,Poppy,Naafiri,Fiddlesticks,,Singed,Talon,Hecarim,Kennen,Ezreal,Karma
3161,16.4,NA1_5502384587,0,,Red,0,Talon,Hecarim,Kennen,Ezreal,Karma,Ambessa,Draven,Lux,Galio,Jax,Vayne,Lee Sin,LeBlanc,Vladimir,Pantheon
3162,16.4,NA1_5499613481,0,,Blue,1,Vel'Koz,Fiddlesticks,Malphite,Ashe,Senna,Caitlyn,Galio,Pyke,Gwen,Yasuo,Aatrox,Kha'Zix,LeBlanc,Xerath,Soraka
3163,16.4,NA1_5499613481,1,,Red,0,Aatrox,Kha'Zix,LeBlanc,Xerath,Soraka,Irelia,Sivir,Vex,Naafiri,Sona,Vel'Koz,Fiddlesticks,Malphite,Ashe,Senna
3164,16.3,NA1_5494510593,0,,Blue,1,Sion,Shyvana,Diana,Zeri,Neeko,Gwen,Pyke,Bel'Veth,Draven,Poppy,Cho'Gath,Talon,Syndra,Kai'Sa,Karma
3165,16.3,NA1_5494510593,1,,Red,0,Cho'Gath,Talon,Syndra,Kai'Sa,Karma,Ziggs,Shaco,Zed,Yasuo,Gwen,Sion,Shyvana,Diana,Zeri,Neeko
3166,16.3,NA1_5495239192,1,,Blue,1,Darius,Udyr,Aurora,Smolder,Leona,Neeko,Draven,Bel'Veth,Vayne,LeBlanc,Garen,Nidalee,Xerath,Yasuo,Nami
3167,16.3,NA1_5495239192,0,,Red,0,Garen,Nidalee,Xerath,Yasuo,Nami,,Ambessa,Karma,Rengar,Katarina,Darius,Udyr,Aurora,Smolder,Leona
3168,16.4,NA1_5498636967,1,,Blue,1,Akali,Jarvan IV,Smolder,Jhin,Elise,,Lillia,Jayce,Yasuo,Braum,Rumble,Talon,Lux,Ezreal,Rakan
3169,16.4,NA1_5498636967,0,,Red,0,Rumble,Talon,Lux,Ezreal,Rakan,Blitzcrank,Draven,Mel,Ambessa,Zac,Akali,Jarvan IV,Smolder,Jhin,Elise
3170,16.4,NA1_5499229966,0,,Blue,1,Tryndamere,Pantheon,Zoe,Twitch,Thresh,Akshan,Kindred,Malphite,Yasuo,Rengar,Sion,Viego,LeBlanc,Ezreal,Nami
3171,16.4,NA1_5499229966,1,,Red,0,Sion,Viego,LeBlanc,Ezreal,Nami,,Ambessa,Viktor,Kha'Zix,Gwen,Tryndamere,Pantheon,Zoe,Twitch,Thresh
3172,16.4,NA1_5496966977,0,,Blue,1,K'Sante,Ambessa,Azir,Kai'Sa,Bard,Pyke,Rengar,Corki,Bel'Veth,Malphite,Gwen,Lee Sin,Akali,Ezreal,Annie
3173,16.4,NA1_5496966977,1,,Red,0,Gwen,Lee Sin,Akali,Ezreal,Annie,Neeko,Yasuo,Riven,Rengar,Fizz,K'Sante,Ambessa,Azir,Kai'Sa,Bard
3174,16.4,NA1_5502374113,0,,Blue,1,Sett,Kindred,Ahri,Varus,Mel,Syndra,Akshan,Sivir,Tryndamere,Nautilus,Riven,Teemo,Zoe,Ezreal,Karma
3175,16.4,NA1_5502374113,1,,Red,0,Riven,Teemo,Zoe,Ezreal,Karma,Azir,,Yasuo,Zed,Shen,Sett,Kindred,Ahri,Varus,Mel
3176,16.4,NA1_5499939291,1,,Blue,1,Ambessa,Evelynn,Galio,Kai'Sa,Pyke,Braum,Zoe,Renekton,Volibear,Twitch,Sion,Bel'Veth,LeBlanc,Ezreal,Taric
3177,16.4,NA1_5499939291,0,,Red,0,Sion,Bel'Veth,LeBlanc,Ezreal,Taric,Yasuo,Vex,Graves,Rakan,Jax,Ambessa,Evelynn,Galio,Kai'Sa,Pyke
3178,16.3,NA1_5494558658,0,,Blue,1,Dr. Mundo,Ivern,Lux,Lucian,Nami,Ambessa,Graves,Sona,Zaahen,Sylas,Zilean,Qiyana,Syndra,Draven,Janna
3179,16.3,NA1_5494558658,1,,Red,0,Zilean,Qiyana,Syndra,Draven,Janna,Yasuo,Yuumi,Riven,Braum,Rengar,Dr. Mundo,Ivern,Lux,Lucian,Nami
3180,16.3,NA1_5494508389,0,,Blue,1,Lissandra,Jarvan IV,Katarina,Jhin,Karma,Morgana,Vladimir,Ambessa,Akshan,Riven,Kayle,Viego,Viktor,Kai'Sa,Braum
3181,16.3,NA1_5494508389,1,,Red,0,Kayle,Viego,Viktor,Kai'Sa,Braum,Kha'Zix,Akali,Ambessa,Jax,Draven,Lissandra,Jarvan IV,Katarina,Jhin,Karma
3182,16.4,NA1_5502026087,0,,Blue,1,Irelia,Graves,Galio,Smolder,Bard,Ahri,Rengar,Kha'Zix,Aphelios,Jax,Akali,Ambessa,Orianna,Corki,Neeko
3183,16.4,NA1_5502026087,1,,Red,0,Akali,Ambessa,Orianna,Corki,Neeko,Azir,Yasuo,,Malphite,Pyke,Irelia,Graves,Galio,Smolder,Bard
3184,16.4,NA1_5500169675,1,,Blue,1,Varus,Zac,Akali,Yunara,Lulu,Mel,,Kindred,,Draven,Yasuo,Ambessa,Azir,Aphelios,Thresh
3185,16.4,NA1_5500169675,0,,Red,0,Yasuo,Ambessa,Azir,Aphelios,Thresh,,Aurora,,Caitlyn,Graves,Varus,Zac,Akali,Yunara,Lulu
3186,16.3,NA1_5491828032,1,,Blue,1,Ambessa,Nidalee,Syndra,Aphelios,Lulu,Draven,Gwen,Zed,Akali,Riven,Zaahen,Hecarim,Ryze,Tristana,Zilean
3187,16.3,NA1_5491828032,0,,Red,0,Zaahen,Hecarim,Ryze,Tristana,Zilean,Braum,Qiyana,Mel,Karma,Gwen,Ambessa,Nidalee,Syndra,Aphelios,Lulu
3188,16.3,NA1_5491787555,1,,Blue,1,Lissandra,Bel'Veth,Galio,Yunara,Rakan,Caitlyn,Varus,Ambessa,Riven,Graves,Zaahen,Lee Sin,Taliyah,Ezreal,Alistar
3189,16.3,NA1_5491787555,0,,Red,0,Zaahen,Lee Sin,Taliyah,Ezreal,Alistar,Zac,Riven,Talon,Akali,Sylas,Lissandra,Bel'Veth,Galio,Yunara,Rakan
3190,16.3,NA1_5494885985,1,,Blue,1,Gwen,Ambessa,Syndra,Jinx,Karma,Yunara,Shaco,Nunu & Willump,Jayce,Akali,Azir,Naafiri,Orianna,Brand,Camille
3191,16.3,NA1_5494885985,0,,Red,0,Azir,Naafiri,Orianna,Brand,Camille,Yasuo,Hecarim,Jax,Sivir,Jayce,Gwen,Ambessa,Syndra,Jinx,Karma
3192,16.4,NA1_5496160198,0,,Blue,1,Aurora,Kindred,Ryze,Kai'Sa,Nautilus,Jax,Draven,Pyke,Jayce,Riven,Yorick,Kha'Zix,Taliyah,Senna,Lulu
3193,16.4,NA1_5496160198,1,,Red,0,Yorick,Kha'Zix,Taliyah,Senna,Lulu,Bel'Veth,Master Yi,Gwen,Rengar,,Aurora,Kindred,Ryze,Kai'Sa,Nautilus
3194,16.3,NA1_5494971164,1,,Blue,1,Ambessa,Kindred,Taliyah,Kai'Sa,Thresh,Renekton,Caitlyn,Zoe,Zac,Zilean,Cassiopeia,Talon,Veigar,Lucian,Nami
3195,16.3,NA1_5494971164,0,,Red,0,Cassiopeia,Talon,Veigar,Lucian,Nami,Draven,Urgot,Zoe,Bard,Qiyana,Ambessa,Kindred,Taliyah,Kai'Sa,Thresh
3196,16.4,NA1_5501117538,1,,Blue,1,Fiora,Sylas,Naafiri,Kai'Sa,Nautilus,Sona,Rengar,Irelia,Neeko,Malphite,Vayne,Maokai,Lissandra,Yunara,Nami
3197,16.4,NA1_5501117538,0,,Red,0,Vayne,Maokai,Lissandra,Yunara,Nami,Neeko,Draven,Malphite,Jayce,Zoe,Fiora,Sylas,Naafiri,Kai'Sa,Nautilus
3198,16.4,NA1_5499153889,1,,Blue,1,Jax,Graves,Zoe,Karthus,Thresh,Braum,Vayne,Gwen,Mel,Viktor,Renekton,Jayce,Ahri,Sivir,Alistar
3199,16.4,NA1_5499153889,0,,Red,0,Renekton,Jayce,Ahri,Sivir,Alistar,Pyke,Rengar,Kayle,Draven,Twisted Fate,Jax,Graves,Zoe,Karthus,Thresh
3200,16.4,NA1_5502509182,1,,Blue,1,Rengar,Kindred,Hwei,Ashe,Galio,Sylas,Kha'Zix,Zed,Darius,Syndra,Vel'Koz,Naafiri,Orianna,Kalista,Nautilus
3201,16.4,NA1_5502509182,0,,Red,0,Vel'Koz,Naafiri,Orianna,Kalista,Nautilus,Malphite,Bard,Master Yi,Ambessa,Ekko,Rengar,Kindred,Hwei,Ashe,Galio
3202,16.4,NA1_5501900444,0,,Blue,1,Gwen,Kayn,Talon,Sivir,Alistar,Braum,Kha'Zix,Jayce,Syndra,Sylas,Zaahen,Zyra,Pantheon,Yasuo,Rell
3203,16.4,NA1_5501900444,1,,Red,0,Zaahen,Zyra,Pantheon,Yasuo,Rell,Jayce,Draven,Pyke,Mel,Poppy,Gwen,Kayn,Talon,Sivir,Alistar
3204,16.4,NA1_5499792666,1,,Blue,1,Aatrox,Shaco,Aurora,Jhin,Nami,Rengar,Blitzcrank,Twitch,Irelia,Jayce,Garen,Zac,Orianna,Yunara,Milio
3205,16.4,NA1_5499792666,0,,Red,0,Garen,Zac,Orianna,Yunara,Milio,Naafiri,Qiyana,Riven,Gwen,Ambessa,Aatrox,Shaco,Aurora,Jhin,Nami
3206,16.4,NA1_5499984980,1,,Blue,1,Riven,Talon,Aurora,Swain,Senna,Sivir,Zoe,Ambessa,Jayce,Nunu & Willump,Varus,Maokai,Viego,Jinx,Lee Sin
3207,16.4,NA1_5499984980,0,,Red,0,Varus,Maokai,Viego,Jinx,Lee Sin,Kha'Zix,Twitch,,Poppy,,Riven,Talon,Aurora,Swain,Senna
3208,16.3,NA1_5495011123,1,,Blue,1,Fiora,Jarvan IV,Kassadin,Miss Fortune,Braum,Bel'Veth,Rengar,Vayne,Kindred,Anivia,Jax,Kha'Zix,Aurelion Sol,Yunara,Tahm Kench
3209,16.3,NA1_5495011123,0,,Red,0,Jax,Kha'Zix,Aurelion Sol,Yunara,Tahm Kench,Anivia,Zyra,Yone,Swain,Rengar,Fiora,Jarvan IV,Kassadin,Miss Fortune,Braum
3210,16.3,NA1_5492008264,0,,Blue,1,Gwen,Talon,Anivia,Smolder,Karma,Ambessa,Syndra,Draven,Kha'Zix,Malphite,Fiora,Ivern,Twitch,Jinx,Vel'Koz
3211,16.3,NA1_5492008264,1,,Red,0,Fiora,Ivern,Twitch,Jinx,Vel'Koz,Ambessa,Naafiri,Draven,Pyke,Ekko,Gwen,Talon,Anivia,Smolder,Karma
3212,16.3,NA1_5494924977,1,,Blue,1,Viego,Talon,Singed,Sivir,Janna,Riven,Lux,Lee Sin,Gangplank,Gwen,Mordekaiser,Nocturne,Katarina,Lucian,Nami
3213,16.3,NA1_5494924977,0,,Red,0,Mordekaiser,Nocturne,Katarina,Lucian,Nami,Draven,Yasuo,Braum,Kha'Zix,Gwen,Viego,Talon,Singed,Sivir,Janna
3214,16.3,NA1_5494800673,0,,Blue,1,Renekton,Ambessa,Zac,Kai'Sa,Sona,Rengar,Nunu & Willump,Riven,Azir,Gwen,Aurora,Zaahen,Ahri,Yunara,Rakan
3215,16.3,NA1_5494800673,1,,Red,0,Aurora,Zaahen,Ahri,Yunara,Rakan,Shaco,Gwen,Rengar,,Riven,Renekton,Ambessa,Zac,Kai'Sa,Sona
3216,16.4,NA1_5498329641,0,,Blue,1,Yorick,Rek'Sai,Sylas,Tristana,Blitzcrank,Braum,Senna,Jax,Renekton,Yasuo,Darius,Hecarim,Yone,Xerath,Karma
3217,16.4,NA1_5498329641,1,,Red,0,Darius,Hecarim,Yone,Xerath,Karma,Akali,Draven,Xin Zhao,Pyke,Kha'Zix,Yorick,Rek'Sai,Sylas,Tristana,Blitzcrank
3218,16.4,NA1_5497618542,1,,Blue,1,Jax,Nocturne,Orianna,Caitlyn,Zoe,,Draven,Poppy,Renekton,Ambessa,K'Sante,Graves,Ahri,Yunara,Xerath
3219,16.4,NA1_5497618542,0,,Red,0,K'Sante,Graves,Ahri,Yunara,Xerath,Kai'Sa,Bel'Veth,Lee Sin,Nunu & Willump,Riven,Jax,Nocturne,Orianna,Caitlyn,Zoe
3220,16.3,NA1_5494860537,1,,Blue,1,Renekton,Jayce,Ryze,Corki,Vel'Koz,Gwen,Braum,Pyke,Nasus,Riven,Aatrox,Xin Zhao,Akali,Ezreal,Karma
3221,16.3,NA1_5494860537,0,,Red,0,Aatrox,Xin Zhao,Akali,Ezreal,Karma,Rengar,Akshan,Leona,Qiyana,Ambessa,Renekton,Jayce,Ryze,Corki,Vel'Koz
3222,16.4,NA1_5500530640,1,,Blue,1,Illaoi,Kha'Zix,Yasuo,Kai'Sa,Fiddlesticks,Draven,Riven,Kennen,Varus,Qiyana,Kled,Talon,Ambessa,Swain,Alistar
3223,16.4,NA1_5500530640,0,,Red,0,Kled,Talon,Ambessa,Swain,Alistar,Draven,Poppy,Fiora,Neeko,Galio,Illaoi,Kha'Zix,Yasuo,Kai'Sa,Fiddlesticks
3224,16.4,NA1_5497581828,0,,Blue,1,K'Sante,Viego,Gragas,Jinx,Karma,Ezreal,Orianna,Pyke,Rumble,Kha'Zix,Renekton,Ambessa,Ryze,Syndra,Vel'Koz
3225,16.4,NA1_5497581828,1,,Red,0,Renekton,Ambessa,Ryze,Syndra,Vel'Koz,Pyke,Yasuo,Anivia,Shaco,Kennen,K'Sante,Viego,Gragas,Jinx,Karma
3226,16.4,NA1_5500836433,1,,Blue,1,Fiora,Udyr,Azir,Ezreal,Nami,Ambessa,LeBlanc,Akali,Yunara,Malphite,Darius,Jarvan IV,Yasuo,Ziggs,Trundle
3227,16.4,NA1_5500836433,0,,Red,0,Darius,Jarvan IV,Yasuo,Ziggs,Trundle,Pyke,Caitlyn,Irelia,Riven,Akali,Fiora,Udyr,Azir,Ezreal,Nami
3228,16.3,NA1_5494402785,0,,Blue,1,Jax,Kha'Zix,Swain,Draven,Janna,Braum,Sylas,Nautilus,Fiddlesticks,Gwen,Garen,Ambessa,Orianna,Aphelios,Milio
3229,16.3,NA1_5494402785,1,,Red,0,Garen,Ambessa,Orianna,Aphelios,Milio,Rengar,Qiyana,Sona,Blitzcrank,Aurora,Jax,Kha'Zix,Swain,Draven,Janna
3230,16.4,NA1_5498219638,1,,Blue,1,Renekton,Vayne,Yone,Ezreal,Renata Glasc,Rek'Sai,Teemo,,Gwen,Jayce,Kennen,Ekko,Ambessa,Kalista,Elise
3231,16.4,NA1_5498219638,0,,Red,0,Kennen,Ekko,Ambessa,Kalista,Elise,,Syndra,,Braum,Riven,Renekton,Vayne,Yone,Ezreal,Renata Glasc
3232,16.3,NA1_5492121377,0,,Blue,1,Jayce,Dr. Mundo,Orianna,Swain,Alistar,Sylas,Karma,Mel,Fiora,Akali,Ambessa,Shaco,Anivia,Varus,Seraphine
3233,16.3,NA1_5492121377,1,,Red,0,Ambessa,Shaco,Anivia,Varus,Seraphine,Gwen,Aphelios,Braum,Rengar,,Jayce,Dr. Mundo,Orianna,Swain,Alistar
3234,16.4,NA1_5499324523,0,,Blue,1,Singed,Lee Sin,Annie,Jinx,Maokai,Draven,Ekko,Kayle,Graves,Lulu,Zaahen,Shaco,Naafiri,Veigar,Blitzcrank
3235,16.4,NA1_5499324523,1,,Red,0,Zaahen,Shaco,Naafiri,Veigar,Blitzcrank,Ezreal,Karthus,Malphite,Ambessa,Irelia,Singed,Lee Sin,Annie,Jinx,Maokai
3236,16.4,NA1_5496610100,0,,Blue,1,Naafiri,Lee Sin,Taliyah,Varus,Poppy,Zed,Kha'Zix,Ambessa,Kindred,Mel,Garen,Pantheon,Orianna,Xayah,Rakan
3237,16.4,NA1_5496610100,1,,Red,0,Garen,Pantheon,Orianna,Xayah,Rakan,Thresh,Jayce,Zoe,Kha'Zix,Ambessa,Naafiri,Lee Sin,Taliyah,Varus,Poppy
3238,16.4,NA1_5499948116,0,,Blue,1,Akali,Brand,Yasuo,Jhin,Neeko,Pyke,Ambessa,,Vex,Riven,Malphite,Rek'Sai,Annie,Poppy,Senna
3239,16.4,NA1_5499948116,1,,Red,0,Malphite,Rek'Sai,Annie,Poppy,Senna,Mel,Nasus,Kog'Maw,Taliyah,Jax,Akali,Brand,Yasuo,Jhin,Neeko
3240,16.3,NA1_5494246367,0,,Blue,1,Riven,Sylas,Yone,Ahri,Pyke,Akshan,Aurelion Sol,Milio,Akali,Malphite,Fiora,Udyr,Kayle,Lucian,Sona
3241,16.3,NA1_5494246367,1,,Red,0,Fiora,Udyr,Kayle,Lucian,Sona,Blitzcrank,Ambessa,LeBlanc,Bel'Veth,Vayne,Riven,Sylas,Yone,Ahri,Pyke
3242,16.4,NA1_5502478109,0,,Blue,1,Tryndamere,Hecarim,Zoe,Ezreal,Camille,Karthus,Yasuo,Kindred,Heimerdinger,Sivir,Darius,Ambessa,Vayne,Kai'Sa,Sona
3243,16.4,NA1_5502478109,1,,Red,0,Darius,Ambessa,Vayne,Kai'Sa,Sona,,Zaahen,Akshan,Jayce,Anivia,Tryndamere,Hecarim,Zoe,Ezreal,Camille
3244,16.4,NA1_5496247921,1,,Blue,1,Sion,Jarvan IV,Annie,Kai'Sa,Blitzcrank,,Rengar,Riven,Zaahen,Kha'Zix,Urgot,Graves,Kayle,Ziggs,Pyke
3245,16.4,NA1_5496247921,0,,Red,0,Urgot,Graves,Kayle,Ziggs,Pyke,Ambessa,Kha'Zix,Jayce,Talon,,Sion,Jarvan IV,Annie,Kai'Sa,Blitzcrank
3246,16.3,NA1_5492844112,0,,Blue,1,Naafiri,Zed,Ambessa,Syndra,Neeko,Akali,Kha'Zix,Caitlyn,Riven,Gwen,Jayce,Rengar,Orianna,Ezreal,Bard
3247,16.3,NA1_5492844112,1,,Red,0,Jayce,Rengar,Orianna,Ezreal,Bard,Diana,Irelia,Gwen,Pyke,Viego,Naafiri,Zed,Ambessa,Syndra,Neeko
3248,16.3,NA1_5492505979,1,,Blue,1,Malzahar,Kindred,Anivia,Miss Fortune,Thresh,Sivir,Yasuo,Aurora,Vladimir,Olaf,Ambessa,Jarvan IV,Mel,Lux,Karma
3249,16.3,NA1_5492505979,0,,Red,0,Ambessa,Jarvan IV,Mel,Lux,Karma,Kha'Zix,Rek'Sai,Draven,Syndra,Irelia,Malzahar,Kindred,Anivia,Miss Fortune,Thresh
3250,16.3,NA1_5493813347,1,,Blue,1,Dr. Mundo,Kindred,Galio,Yunara,Pyke,Braum,Ambessa,Riven,Jayce,Zoe,Fiora,Elise,Kennen,Kai'Sa,Rakan
3251,16.3,NA1_5493813347,0,,Red,0,Fiora,Elise,Kennen,Kai'Sa,Rakan,Graves,Sylas,Jayce,Mel,Rengar,Dr. Mundo,Kindred,Galio,Yunara,Pyke
3252,16.4,NA1_5500506152,0,,Blue,1,Rengar,Lee Sin,Anivia,Syndra,Seraphine,Darius,Naafiri,,Swain,Thresh,Singed,Kayn,Aatrox,Jhin,Soraka
3253,16.4,NA1_5500506152,1,,Red,0,Singed,Kayn,Aatrox,Jhin,Soraka,Vladimir,Kha'Zix,Fiora,,Rek'Sai,Rengar,Lee Sin,Anivia,Syndra,Seraphine
3254,16.4,NA1_5499668421,1,,Blue,1,Riven,Sylas,Yasuo,Jinx,Milio,Ambessa,Bel'Veth,Kennen,Draven,Rengar,Shen,Zac,Sejuani,Senna,Seraphine
3255,16.4,NA1_5499668421,0,,Red,0,Shen,Zac,Sejuani,Senna,Seraphine,Ambessa,Zaahen,Kindred,Pyke,Aurora,Riven,Sylas,Yasuo,Jinx,Milio
3256,16.3,NA1_5494828385,0,,Blue,1,Renekton,Kha'Zix,Ryze,Ziggs,Nautilus,Rengar,Lux,,Yasuo,Ambessa,Gnar,Qiyana,Kassadin,Seraphine,Rakan
3257,16.3,NA1_5494828385,1,,Red,0,Gnar,Qiyana,Kassadin,Seraphine,Rakan,Yasuo,Gangplank,Mel,Sivir,Jayce,Renekton,Kha'Zix,Ryze,Ziggs,Nautilus
3258,16.4,NA1_5498494483,0,,Blue,1,Dr. Mundo,Nidalee,Aurelion Sol,Ashe,Seraphine,,,,Pyke,Jayce,Gangplank,Rumble,Zed,Aphelios,Neeko
3259,16.4,NA1_5498494483,1,,Red,0,Gangplank,Rumble,Zed,Aphelios,Neeko,Azir,Pyke,Aurora,Sion,Yasuo,Dr. Mundo,Nidalee,Aurelion Sol,Ashe,Seraphine
3260,16.3,NA1_5494493279,0,,Blue,1,Akali,Rengar,Aurelion Sol,Nilah,Yuumi,Yasuo,Bard,Janna,Zed,,Irelia,Zac,Qiyana,Lucian,Nami
3261,16.3,NA1_5494493279,1,,Red,0,Irelia,Zac,Qiyana,Lucian,Nami,Poppy,Yasuo,Zaahen,Janna,Aatrox,Akali,Rengar,Aurelion Sol,Nilah,Yuumi
3262,16.4,NA1_5501974704,0,,Blue,1,Lissandra,Rumble,Quinn,Kai'Sa,Rakan,Bel'Veth,Anivia,Warwick,Ahri,Bard,Zac,Udyr,Tristana,Ezreal,Karma
3263,16.4,NA1_5501974704,1,,Red,0,Zac,Udyr,Tristana,Ezreal,Karma,Poppy,Nunu & Willump,Akali,Zilean,,Lissandra,Rumble,Quinn,Kai'Sa,Rakan
3264,16.4,NA1_5500299160,0,,Blue,1,K'Sante,Malphite,Yasuo,Varus,Braum,Shaco,,,Talon,Akali,Cho'Gath,Olaf,Sylas,Sivir,Leona
3265,16.4,NA1_5500299160,1,,Red,0,Cho'Gath,Olaf,Sylas,Sivir,Leona,Shaco,Vladimir,Draven,Pyke,Bel'Veth,K'Sante,Malphite,Yasuo,Varus,Braum
3266,16.4,NA1_5499951857,0,,Blue,1,Yorick,Cho'Gath,Twisted Fate,Aphelios,Lee Sin,Graves,Poppy,Riven,Jayce,Zoe,Zaahen,Urgot,Kassadin,Varus,Anivia
3267,16.4,NA1_5499951857,1,,Red,0,Zaahen,Urgot,Kassadin,Varus,Anivia,Nunu & Willump,Kha'Zix,Pyke,Zed,Draven,Yorick,Cho'Gath,Twisted Fate,Aphelios,Lee Sin
3268,16.3,NA1_5492212180,1,,Blue,1,Renekton,Lee Sin,Syndra,Varus,Nidalee,,Zoe,,Rengar,Bel'Veth,Sion,Ivern,Azir,Jhin,Bard
3269,16.3,NA1_5492212180,0,,Red,0,Sion,Ivern,Azir,Jhin,Bard,Ambessa,Kha'Zix,Yasuo,Pyke,Malphite,Renekton,Lee Sin,Syndra,Varus,Nidalee
3270,16.4,NA1_5497243997,1,,Blue,1,Rumble,Vayne,Zed,Lucian,Karma,Akali,Ambessa,Twitch,Pyke,Jayce,Gwen,Kayn,Fizz,Jinx,Lulu
3271,16.4,NA1_5497243997,0,,Red,0,Gwen,Kayn,Fizz,Jinx,Lulu,Akali,Tryndamere,Kha'Zix,Graves,Kassadin,Rumble,Vayne,Zed,Lucian,Karma
3272,16.3,NA1_5494158296,0,,Blue,1,Nasus,Sylas,Kai'Sa,Lucian,Yuumi,,Nunu & Willump,Rengar,Swain,Kha'Zix,Shen,Vi,Viego,Syndra,Senna
3273,16.3,NA1_5494158296,1,,Red,0,Shen,Vi,Viego,Syndra,Senna,Diana,Gwen,,Akali,Heimerdinger,Nasus,Sylas,Kai'Sa,Lucian,Yuumi
3274,16.4,NA1_5500938813,0,,Blue,1,Urgot,Graves,Ryze,Lucian,Nami,Kha'Zix,Gwen,Draven,Ambessa,Malphite,Kayle,Jayce,Talon,Mel,Sona
3275,16.4,NA1_5500938813,1,,Red,0,Kayle,Jayce,Talon,Mel,Sona,Kha'Zix,Zed,Qiyana,Rengar,Ambessa,Urgot,Graves,Ryze,Lucian,Nami
3276,16.4,NA1_5500112143,1,,Blue,1,Garen,Diana,Nasus,Yasuo,Lux,Anivia,Sona,Ambessa,Kennen,Kha'Zix,Fiora,Xin Zhao,Akali,Ezreal,Neeko
3277,16.4,NA1_5500112143,0,,Red,0,Fiora,Xin Zhao,Akali,Ezreal,Neeko,Akshan,Riven,Rengar,Gwen,,Garen,Diana,Nasus,Yasuo,Lux
3278,16.4,NA1_5501753262,0,,Blue,1,Ambessa,Udyr,Taliyah,Kai'Sa,Nautilus,Jayce,Azir,Viktor,Zoe,,Riven,Wukong,Ryze,Ezreal,Karma
3279,16.4,NA1_5501753262,1,,Red,0,Riven,Wukong,Ryze,Ezreal,Karma,Renekton,Graves,Rengar,Sona,Azir,Ambessa,Udyr,Taliyah,Kai'Sa,Nautilus
3280,16.4,NA1_5499945170,1,,Blue,1,Rumble,Viego,Twisted Fate,Smolder,Bard,Irelia,Pyke,Zed,Renekton,Kha'Zix,Yasuo,Graves,Taliyah,Ashe,Poppy
3281,16.4,NA1_5499945170,0,,Red,0,Yasuo,Graves,Taliyah,Ashe,Poppy,Jayce,Teemo,Zed,Ahri,,Rumble,Viego,Twisted Fate,Smolder,Bard
3282,16.4,NA1_5502094192,0,,Blue,1,Yasuo,Lee Sin,Lucian,Yunara,Janna,Bel'Veth,Nautilus,Viktor,Sion,Jax,Tryndamere,Kha'Zix,Syndra,Caitlyn,Thresh
3283,16.4,NA1_5502094192,1,,Red,0,Tryndamere,Kha'Zix,Syndra,Caitlyn,Thresh,Jayce,Rengar,Gangplank,Ambessa,Akali,Yasuo,Lee Sin,Lucian,Yunara,Janna
3284,16.4,NA1_5502045814,1,,Blue,1,Fiora,Ekko,Ahri,Ezreal,Braum,Yasuo,Ambessa,Rengar,Sylas,Vayne,Vladimir,Naafiri,Ryze,Zyra,Nautilus
3285,16.4,NA1_5502045814,0,,Red,0,Vladimir,Naafiri,Ryze,Zyra,Nautilus,Diana,,Mel,Sion,Taliyah,Fiora,Ekko,Ahri,Ezreal,Braum
3286,16.4,NA1_5501298931,0,,Blue,1,Riven,Ekko,Viktor,Kalista,Thresh,Poppy,Zaahen,Draven,Zilean,Fiddlesticks,Jayce,Xin Zhao,Aurora,Kai'Sa,Nautilus
3287,16.4,NA1_5501298931,1,,Red,0,Jayce,Xin Zhao,Aurora,Kai'Sa,Nautilus,Ambessa,Braum,Anivia,Nunu & Willump,Rengar,Riven,Ekko,Viktor,Kalista,Thresh
3288,16.4,NA1_5500734209,0,,Blue,1,Ornn,Hecarim,Karma,Twitch,Lulu,Pyke,Kayle,Ryze,Kha'Zix,Kindred,Rengar,Jarvan IV,Taliyah,Draven,Neeko
3289,16.4,NA1_5500734209,1,,Red,0,Rengar,Jarvan IV,Taliyah,Draven,Neeko,Nunu & Willump,Pyke,Braum,Darius,,Ornn,Hecarim,Karma,Twitch,Lulu
3290,16.3,NA1_5493602732,1,,Blue,1,Nasus,Kindred,Lissandra,Mel,Karma,Ambessa,Gwen,Swain,,Syndra,Yorick,Viego,Ekko,Veigar,Nautilus
3291,16.3,NA1_5493602732,0,,Red,0,Yorick,Viego,Ekko,Veigar,Nautilus,Kai'Sa,Akali,Riven,Lux,Rengar,Nasus,Kindred,Lissandra,Mel,Karma
3292,16.4,NA1_5500876533,0,,Blue,1,Irelia,Kha'Zix,Syndra,Vel'Koz,Leona,,Jinx,Vayne,Graves,Qiyana,LeBlanc,Zaahen,Naafiri,Corki,Zilean
3293,16.4,NA1_5500876533,1,,Red,0,LeBlanc,Zaahen,Naafiri,Corki,Zilean,Sion,Rengar,Varus,Nautilus,Akshan,Irelia,Kha'Zix,Syndra,Vel'Koz,Leona
3294,16.4,NA1_5501855361,1,,Blue,1,Jayce,Xin Zhao,Lissandra,Mel,Anivia,Akali,Syndra,Elise,Thresh,Pyke,Urgot,Karthus,Camille,Yunara,Leona
3295,16.4,NA1_5501855361,0,,Red,0,Urgot,Karthus,Camille,Yunara,Leona,Fiora,Braum,Rengar,Caitlyn,Kha'Zix,Jayce,Xin Zhao,Lissandra,Mel,Anivia
3296,16.4,NA1_5497162541,0,,Blue,1,Aatrox,Graves,Ekko,Jinx,Lulu,Azir,,Ambessa,Irelia,Bel'Veth,Zaahen,Master Yi,Ahri,Xayah,Blitzcrank
3297,16.4,NA1_5497162541,1,,Red,0,Zaahen,Master Yi,Ahri,Xayah,Blitzcrank,Lux,Riven,Jayce,Ambessa,Azir,Aatrox,Graves,Ekko,Jinx,Lulu
3298,16.3,NA1_5493347782,0,,Blue,1,Naafiri,Lee Sin,Twisted Fate,Jhin,Karma,Bel'Veth,Zed,Varus,Irelia,Lucian,Sett,Poppy,Brand,Caitlyn,Bard
3299,16.3,NA1_5493347782,1,,Red,0,Sett,Poppy,Brand,Caitlyn,Bard,Kha'Zix,Riven,Ambessa,Nunu & Willump,Qiyana,Naafiri,Lee Sin,Twisted Fate,Jhin,Karma
3300,16.3,NA1_5492184039,0,,Blue,1,Rumble,Graves,Zed,Corki,Nami,Riven,Braum,Naafiri,Ambessa,Rengar,Draven,Kha'Zix,Ahri,Yunara,Lulu
3301,16.3,NA1_5492184039,1,,Red,0,Draven,Kha'Zix,Ahri,Yunara,Lulu,Mel,Rengar,Zoe,Nunu & Willump,Nautilus,Rumble,Graves,Zed,Corki,Nami
3302,16.4,NA1_5501196048,1,,Blue,1,Anivia,Lee Sin,Syndra,Sivir,Nami,Draven,Nunu & Willump,,Aatrox,Aurelion Sol,Katarina,Graves,Yasuo,Seraphine,Blitzcrank
3303,16.4,NA1_5501196048,0,,Red,0,Katarina,Graves,Yasuo,Seraphine,Blitzcrank,Pyke,Braum,Gwen,Shaco,Kayle,Anivia,Lee Sin,Syndra,Sivir,Nami
3304,16.4,NA1_5501594311,0,,Blue,1,Anivia,Viego,Lissandra,Caitlyn,Alistar,Gwen,Zoe,Aatrox,Zac,Poppy,Irelia,Jayce,Karma,Yasuo,Lulu
3305,16.4,NA1_5501594311,1,,Red,0,Irelia,Jayce,Karma,Yasuo,Lulu,Ahri,Nunu & Willump,Ambessa,Kled,Malphite,Anivia,Viego,Lissandra,Caitlyn,Alistar
3306,16.4,NA1_5498623802,1,,Blue,1,Jax,Teemo,Yone,Aurelion Sol,Zilean,Jayce,Ambessa,Rengar,Sona,Poppy,Yasuo,Lee Sin,Gragas,Aphelios,Rakan
3307,16.4,NA1_5498623802,0,,Red,0,Yasuo,Lee Sin,Gragas,Aphelios,Rakan,Bel'Veth,Azir,Sion,,Ambessa,Jax,Teemo,Yone,Aurelion Sol,Zilean
3308,16.4,NA1_5498982367,0,,Blue,1,Rumble,Graves,Annie,Varus,Rakan,Riven,Ambessa,Sona,Elise,Irelia,Aatrox,Zaahen,Ahri,Xayah,Jarvan IV
3309,16.4,NA1_5498982367,1,,Red,0,Aatrox,Zaahen,Ahri,Xayah,Jarvan IV,Irelia,,Kayn,Rengar,Xin Zhao,Rumble,Graves,Annie,Varus,Rakan
3310,16.4,NA1_5500835323,0,,Blue,1,Darius,Master Yi,Syndra,Lucian,Pantheon,Malphite,Vayne,Lulu,Caitlyn,Kha'Zix,Urgot,Nunu & Willump,Kassadin,Swain,Senna
3311,16.4,NA1_5500835323,1,,Red,0,Urgot,Nunu & Willump,Kassadin,Swain,Senna,Sivir,Blitzcrank,Yorick,Mel,Zed,Darius,Master Yi,Syndra,Lucian,Pantheon
3312,16.4,NA1_5497156468,0,,Blue,1,Renekton,Vi,Viktor,Lux,Morgana,Ambessa,Yasuo,Sivir,Qiyana,Rengar,Akali,Kindred,Akshan,Mel,Zoe
3313,16.4,NA1_5497156468,1,,Red,0,Akali,Kindred,Akshan,Mel,Zoe,Jayce,Sivir,Ambessa,Yasuo,Gwen,Renekton,Vi,Viktor,Lux,Morgana
3314,16.4,NA1_5498581462,1,,Blue,1,Aatrox,Ambessa,Galio,Vayne,Yuumi,Nautilus,Bel'Veth,,Akali,Nunu & Willump,Jayce,Xin Zhao,Viktor,Twitch,Nami
3315,16.4,NA1_5498581462,0,,Red,0,Jayce,Xin Zhao,Viktor,Twitch,Nami,Sona,Darius,Jarvan IV,Yasuo,Rumble,Aatrox,Ambessa,Galio,Vayne,Yuumi
3316,16.4,NA1_5499856085,0,,Blue,1,Graves,Xin Zhao,Ekko,Karthus,Thresh,Mel,Yasuo,Rengar,Leona,Malphite,Varus,Rek'Sai,Cassiopeia,Ezreal,Neeko
3317,16.4,NA1_5499856085,1,,Red,0,Varus,Rek'Sai,Cassiopeia,Ezreal,Neeko,Kha'Zix,Jax,Yasuo,Taliyah,Talon,Graves,Xin Zhao,Ekko,Karthus,Thresh
3318,16.4,NA1_5502392863,1,,Blue,1,Tahm Kench,Diana,Yasuo,Varus,Rell,Akali,Janna,Rengar,Anivia,Vladimir,Ornn,Taliyah,Galio,Jinx,Zilean
3319,16.4,NA1_5502392863,0,,Red,0,Ornn,Taliyah,Galio,Jinx,Zilean,Twitch,Jayce,Nami,,Syndra,Tahm Kench,Diana,Yasuo,Varus,Rell
3320,16.4,NA1_5499432833,1,,Blue,1,Gnar,Ambessa,Galio,Lucian,Nami,Graves,Yasuo,Caitlyn,LeBlanc,Rengar,Nasus,Xin Zhao,Karma,Yunara,Neeko
3321,16.4,NA1_5499432833,0,,Red,0,Nasus,Xin Zhao,Karma,Yunara,Neeko,Jayce,Draven,Kha'Zix,Mel,Riven,Gnar,Ambessa,Galio,Lucian,Nami
3322,16.4,NA1_5501262518,1,,Blue,1,Malphite,Rumble,Ekko,Zeri,Sona,Bel'Veth,Nautilus,Renekton,Yasuo,Vladimir,Smolder,Udyr,Zoe,Seraphine,Milio
3323,16.4,NA1_5501262518,0,,Red,0,Smolder,Udyr,Zoe,Seraphine,Milio,Ambessa,Sivir,Fiora,Zed,Yasuo,Malphite,Rumble,Ekko,Zeri,Sona
3324,16.4,NA1_5500566818,0,,Blue,1,Gwen,Zaahen,Yone,Veigar,Soraka,Riven,Shaco,Braum,Syndra,Sett,Vayne,Rek'Sai,Gragas,Ezreal,Karma
3325,16.4,NA1_5500566818,1,,Red,0,Vayne,Rek'Sai,Gragas,Ezreal,Karma,Zyra,Kassadin,Pyke,Jax,Ambessa,Gwen,Zaahen,Yone,Veigar,Soraka
3326,16.4,NA1_5499260295,1,,Blue,1,Aatrox,Zac,Nasus,Yunara,Sona,Caitlyn,Jayce,Anivia,Ambessa,Yasuo,Brand,Graves,Sivir,Swain,Pyke
3327,16.4,NA1_5499260295,0,,Red,0,Brand,Graves,Sivir,Swain,Pyke,Akshan,Sylas,Rengar,Jayce,Jax,Aatrox,Zac,Nasus,Yunara,Sona
3328,16.4,NA1_5501530850,1,,Blue,1,Dr. Mundo,Kha'Zix,Kennen,Ezreal,Vel'Koz,Naafiri,Syndra,Gwen,Aphelios,Corki,Jax,Graves,Ahri,Mel,Vi
3329,16.4,NA1_5501530850,0,,Red,0,Jax,Graves,Ahri,Mel,Vi,Trundle,Akali,Zaahen,Ambessa,Gangplank,Dr. Mundo,Kha'Zix,Kennen,Ezreal,Vel'Koz
3330,16.3,NA1_5492012110,0,,Blue,1,Cho'Gath,Zac,Smolder,Draven,Renata Glasc,Gwen,Ryze,Poppy,Rengar,Braum,Ambessa,Lillia,Akali,Corki,Alistar
3331,16.3,NA1_5492012110,1,,Red,0,Ambessa,Lillia,Akali,Corki,Alistar,Pyke,Maokai,Nunu & Willump,Fiora,Viktor,Cho'Gath,Zac,Smolder,Draven,Renata Glasc
3332,16.3,NA1_5494985071,1,,Blue,1,Dr. Mundo,Udyr,Katarina,Ezreal,Lulu,Talon,Pyke,Nautilus,Zed,Gwen,Shen,Karthus,Zoe,Samira,Rell
3333,16.3,NA1_5494985071,0,,Red,0,Shen,Karthus,Zoe,Samira,Rell,Alistar,Janna,Hecarim,Akshan,,Dr. Mundo,Udyr,Katarina,Ezreal,Lulu
3334,16.3,NA1_5492525333,1,,Blue,1,Yasuo,Kha'Zix,Gragas,Varus,Thresh,Gwen,Taric,Ambessa,Malphite,Viktor,Rumble,Taliyah,Jhin,Jinx,Braum
3335,16.3,NA1_5492525333,0,,Red,0,Rumble,Taliyah,Jhin,Jinx,Braum,Pyke,Talon,Draven,Rengar,Fiddlesticks,Yasuo,Kha'Zix,Gragas,Varus,Thresh
3336,16.3,NA1_5493518532,0,,Blue,1,Ambessa,Dr. Mundo,Ziggs,Twitch,Rakan,Shaco,,Yasuo,Jayce,Urgot,Jax,Sylas,Akshan,Caitlyn,Thresh
3337,16.3,NA1_5493518532,1,,Red,0,Jax,Sylas,Akshan,Caitlyn,Thresh,Qiyana,Diana,Jayce,Syndra,Sivir,Ambessa,Dr. Mundo,Ziggs,Twitch,Rakan
3338,16.4,NA1_5499315278,0,,Blue,1,Yasuo,Graves,Corki,Seraphine,Neeko,Zoe,Jayce,Riven,Pyke,Mel,Aurora,Vayne,Kassadin,Varus,Lee Sin
3339,16.4,NA1_5499315278,1,,Red,0,Aurora,Vayne,Kassadin,Varus,Lee Sin,Kha'Zix,Jax,Gwen,Singed,Poppy,Yasuo,Graves,Corki,Seraphine,Neeko
3340,16.4,NA1_5501710778,1,,Blue,1,Irelia,Olaf,Twitch,Ashe,Alistar,Anivia,Bel'Veth,Mel,Jax,Ambessa,Darius,Fiddlesticks,Talon,Kai'Sa,Nautilus
3341,16.4,NA1_5501710778,0,,Red,0,Darius,Fiddlesticks,Talon,Kai'Sa,Nautilus,Galio,Master Yi,Neeko,Mel,Jax,Irelia,Olaf,Twitch,Ashe,Alistar
3342,16.4,NA1_5501343528,0,,Blue,1,Jayce,Rek'Sai,Vladimir,Xayah,Yuumi,Draven,Graves,Jax,Zyra,Akali,Ambessa,Aatrox,Galio,Lux,Bard
3343,16.4,NA1_5501343528,1,,Red,0,Ambessa,Aatrox,Galio,Lux,Bard,Sona,Kha'Zix,Irelia,Rengar,Tryndamere,Jayce,Rek'Sai,Vladimir,Xayah,Yuumi
3344,16.4,NA1_5496798315,0,,Blue,1,Ambessa,Kindred,Galio,Twitch,Lulu,Gwen,Shaco,Yasuo,Jax,Rengar,Riven,Karthus,Akshan,Yunara,Senna
3345,16.4,NA1_5496798315,1,,Red,0,Riven,Karthus,Akshan,Yunara,Senna,Karma,Pyke,Jayce,Draven,Yasuo,Ambessa,Kindred,Galio,Twitch,Lulu
3346,16.4,NA1_5502054349,1,,Blue,1,Kayn,Rek'Sai,Twisted Fate,Yunara,Bard,Ambessa,Akshan,Jax,Pyke,Karthus,Volibear,Shen,Zoe,Sivir,Sona
3347,16.4,NA1_5502054349,0,,Red,0,Volibear,Shen,Zoe,Sivir,Sona,Nautilus,Jax,Yasuo,Pyke,Nunu & Willump,Kayn,Rek'Sai,Twisted Fate,Yunara,Bard
3348,16.4,NA1_5501921860,1,,Blue,1,Fiora,Zac,Cho'Gath,Miss Fortune,Nautilus,Poppy,Akshan,Pyke,Braum,Ambessa,Jayce,Dr. Mundo,Pantheon,Seraphine,Nami
3349,16.4,NA1_5501921860,0,,Red,0,Jayce,Dr. Mundo,Pantheon,Seraphine,Nami,Sivir,Ahri,Fiddlesticks,Pyke,Varus,Fiora,Zac,Cho'Gath,Miss Fortune,Nautilus
3350,16.4,NA1_5497008606,0,,Blue,1,Dr. Mundo,Talon,Diana,Hwei,Karma,Ambessa,Jax,LeBlanc,Rengar,Pyke,Irelia,Fizz,Corki,Jhin,Zilean
3351,16.4,NA1_5497008606,1,,Red,0,Irelia,Fizz,Corki,Jhin,Zilean,Rengar,Ambessa,Shaco,Bel'Veth,Yasuo,Dr. Mundo,Talon,Diana,Hwei,Karma
3352,16.4,NA1_5499610429,1,,Blue,1,Shen,Jarvan IV,Sylas,Yunara,Lulu,Tryndamere,Gwen,Taliyah,Pyke,Rengar,LeBlanc,Ekko,Zed,Sivir,Braum
3353,16.4,NA1_5499610429,0,,Red,0,LeBlanc,Ekko,Zed,Sivir,Braum,Sion,Akali,Kha'Zix,Draven,Corki,Shen,Jarvan IV,Sylas,Yunara,Lulu
3354,16.4,NA1_5497891430,0,,Blue,1,Gwen,Shaco,Riven,Corki,Maokai,Nidalee,Ambessa,Wukong,Jax,Orianna,Renekton,Aatrox,Ekko,Ezreal,Karma
3355,16.4,NA1_5497891430,1,,Red,0,Renekton,Aatrox,Ekko,Ezreal,Karma,Lux,Jayce,Orianna,Pantheon,Mel,Gwen,Shaco,Riven,Corki,Maokai
3356,16.3,NA1_5493501075,0,,Blue,1,Akali,Sylas,Akshan,Soraka,Sona,Naafiri,Kha'Zix,Sivir,Ambessa,Syndra,Aatrox,Nunu & Willump,Zed,Yunara,Rakan
3357,16.3,NA1_5493501075,1,,Red,0,Aatrox,Nunu & Willump,Zed,Yunara,Rakan,Lux,Shaco,Ambessa,Ryze,Zoe,Akali,Sylas,Akshan,Soraka,Sona
3358,16.4,NA1_5500946917,1,,Blue,1,Zac,Rengar,Swain,Zyra,Nautilus,Mel,Zed,Jayce,Smolder,Poppy,K'Sante,Maokai,Aurora,Jhin,Sett
3359,16.4,NA1_5500946917,0,,Red,0,K'Sante,Maokai,Aurora,Jhin,Sett,Ambessa,Bard,Riven,Bel'Veth,Zed,Zac,Rengar,Swain,Zyra,Nautilus
3360,16.4,NA1_5501274245,0,,Blue,1,Varus,Naafiri,Akali,Lucian,Nautilus,Jax,Braum,Ekko,Rengar,Draven,Kennen,Sion,Viktor,Aphelios,Morgana
3361,16.4,NA1_5501274245,1,,Red,0,Kennen,Sion,Viktor,Aphelios,Morgana,Sylas,Corki,Gwen,Fiddlesticks,Jarvan IV,Varus,Naafiri,Akali,Lucian,Nautilus
3362,16.4,NA1_5499454875,1,,Blue,1,Kayle,Graves,Sylas,Jinx,Sona,Yasuo,Jax,Mel,Yone,LeBlanc,Ambessa,Aatrox,Diana,Samira,Maokai
3363,16.4,NA1_5499454875,0,,Red,0,Ambessa,Aatrox,Diana,Samira,Maokai,Jayce,Qiyana,Leona,Pyke,LeBlanc,Kayle,Graves,Sylas,Jinx,Sona
3364,16.4,NA1_5500166450,1,,Blue,1,Renekton,Talon,Kassadin,Draven,Nautilus,Zed,Jax,Braum,Akali,Caitlyn,Darius,Lee Sin,Sylas,Jhin,Blitzcrank
3365,16.4,NA1_5500166450,0,,Red,0,Darius,Lee Sin,Sylas,Jhin,Blitzcrank,Pyke,Shaco,Vayne,Graves,Braum,Renekton,Talon,Kassadin,Draven,Nautilus
3366,16.4,NA1_5501818212,0,,Blue,1,Rumble,Jarvan IV,Anivia,Jhin,Nami,Rengar,,Ahri,Riven,,Ambessa,Fiddlesticks,Aurora,Aphelios,Thresh
3367,16.4,NA1_5501818212,1,,Red,0,Ambessa,Fiddlesticks,Aurora,Aphelios,Thresh,Heimerdinger,Galio,Fizz,Varus,Graves,Rumble,Jarvan IV,Anivia,Jhin,Nami
3368,16.4,NA1_5502201441,0,,Blue,1,Vladimir,Lee Sin,Zed,Tristana,Yuumi,Ambessa,Akali,Pyke,Qiyana,Tryndamere,Zac,Jarvan IV,Sylas,Kai'Sa,Blitzcrank
3369,16.4,NA1_5502201441,1,,Red,0,Zac,Jarvan IV,Sylas,Kai'Sa,Blitzcrank,Draven,Sona,Zoe,Poppy,Akshan,Vladimir,Lee Sin,Zed,Tristana,Yuumi
3370,16.3,NA1_5491901560,1,,Blue,1,Udyr,Briar,Galio,Aphelios,Karma,Qiyana,Riven,Neeko,Draven,Yasuo,Olaf,Gwen,Anivia,Ezreal,Twisted Fate
3371,16.3,NA1_5491901560,0,,Red,0,Olaf,Gwen,Anivia,Ezreal,Twisted Fate,Katarina,Kassadin,Caitlyn,Nunu & Willump,Ivern,Udyr,Briar,Galio,Aphelios,Karma
3372,16.4,NA1_5501684185,1,,Blue,1,Teemo,Ambessa,Swain,Yunara,Jarvan IV,Riven,Jax,Rengar,Katarina,Bard,Camille,Naafiri,Aurelion Sol,Tristana,Senna
3373,16.4,NA1_5501684185,0,,Red,0,Camille,Naafiri,Aurelion Sol,Tristana,Senna,Pyke,Zoe,Karma,Shaco,Caitlyn,Teemo,Ambessa,Swain,Yunara,Jarvan IV
3374,16.4,NA1_5501113246,1,,Blue,1,Aurora,Nocturne,Zoe,Ezreal,Janna,Shaco,Riven,Jayce,Nunu & Willump,Akali,Karma,Kindred,Sion,Yunara,Sona
3375,16.4,NA1_5501113246,0,,Red,0,Karma,Kindred,Sion,Yunara,Sona,Zilean,,Ambessa,Lee Sin,Akali,Aurora,Nocturne,Zoe,Ezreal,Janna
3376,16.4,NA1_5501658059,1,,Blue,1,Fiora,Taliyah,Vladimir,Yunara,Nautilus,Graves,Fiddlesticks,Rengar,Sona,Jayce,Kennen,Nocturne,Zoe,Ezreal,Vel'Koz
3377,16.4,NA1_5501658059,0,,Red,0,Kennen,Nocturne,Zoe,Ezreal,Vel'Koz,Yasuo,Akali,Ambessa,Bard,Nunu & Willump,Fiora,Taliyah,Vladimir,Yunara,Nautilus
3378,16.3,NA1_5494290250,1,,Blue,1,Sion,Bel'Veth,Akali,Corki,Neeko,Jayce,Zaahen,Jax,Qiyana,Ambessa,Rengar,Zyra,Ryze,Ezreal,Pyke
3379,16.3,NA1_5494290250,0,,Red,0,Rengar,Zyra,Ryze,Ezreal,Pyke,Darius,Zac,Jayce,Ambessa,Akshan,Sion,Bel'Veth,Akali,Corki,Neeko
3380,16.3,NA1_5493622987,0,,Blue,1,Ornn,Viego,Akshan,Tristana,Janna,Yasuo,Rengar,,Kennen,Naafiri,Malphite,Kindred,Yone,Ezreal,Fiddlesticks
3381,16.3,NA1_5493622987,1,,Red,0,Malphite,Kindred,Yone,Ezreal,Fiddlesticks,Lissandra,Aphelios,Kha'Zix,Pyke,Riven,Ornn,Viego,Akshan,Tristana,Janna
3382,16.4,NA1_5501181593,1,,Blue,1,Sion,Zed,Sylas,Caitlyn,Nami,Draven,Mel,Jayce,Dr. Mundo,Malphite,Zaahen,Fizz,Akali,Jinx,Blitzcrank
3383,16.4,NA1_5501181593,0,,Red,0,Zaahen,Fizz,Akali,Jinx,Blitzcrank,Janna,Pyke,Varus,Orianna,Braum,Sion,Zed,Sylas,Caitlyn,Nami
3384,16.4,NA1_5498570589,1,,Blue,1,Varus,Rek'Sai,Zac,Yunara,Lulu,Hwei,Yasuo,Draven,Mel,Jax,Gangplank,Zed,Pantheon,Kog'Maw,Bard
3385,16.4,NA1_5498570589,0,,Red,0,Gangplank,Zed,Pantheon,Kog'Maw,Bard,Bel'Veth,Kha'Zix,Sion,Ambessa,,Varus,Rek'Sai,Zac,Yunara,Lulu
3386,16.4,NA1_5496141286,0,,Blue,1,Yone,Jayce,Xerath,Lux,Alistar,Ambessa,Twitch,Zed,Sylas,Darius,Malphite,Xin Zhao,Taliyah,Aphelios,Bard
3387,16.4,NA1_5496141286,1,,Red,0,Malphite,Xin Zhao,Taliyah,Aphelios,Bard,Draven,Azir,Viktor,Sona,Gwen,Yone,Jayce,Xerath,Lux,Alistar
3388,16.3,NA1_5493485295,0,,Blue,1,Garen,Zaahen,Syndra,Draven,Senna,Kha'Zix,Kayle,Pyke,Braum,Darius,Nocturne,Shaco,Swain,Ezreal,Janna
3389,16.3,NA1_5493485295,1,,Red,0,Nocturne,Shaco,Swain,Ezreal,Janna,Zoe,Rengar,Qiyana,Aphelios,Fiora,Garen,Zaahen,Syndra,Draven,Senna
3390,16.4,NA1_5499889449,1,,Blue,1,Mordekaiser,Bel'Veth,LeBlanc,Jhin,Xerath,Graves,Darius,Pyke,Ziggs,Vex,Gwen,Rek'Sai,Akshan,Lucian,Sona
3391,16.4,NA1_5499889449,0,,Red,0,Gwen,Rek'Sai,Akshan,Lucian,Sona,Blitzcrank,Mel,Rengar,Syndra,Akali,Mordekaiser,Bel'Veth,LeBlanc,Jhin,Xerath
3392,16.3,NA1_5493772089,0,,Blue,1,Master Yi,Zyra,Viktor,Yone,Thresh,Talon,Akali,Sona,Braum,Kha'Zix,Gragas,Ambessa,Ryze,Jhin,Bard
3393,16.3,NA1_5493772089,1,,Red,0,Gragas,Ambessa,Ryze,Jhin,Bard,Shaco,Rengar,Lux,Draven,Yasuo,Master Yi,Zyra,Viktor,Yone,Thresh
3394,16.4,NA1_5495758409,0,,Blue,1,Yasuo,Qiyana,Zoe,Soraka,Sona,Sivir,Jax,Nidalee,Ahri,Riven,Renekton,Bel'Veth,Ornn,Syndra,Bard
3395,16.4,NA1_5495758409,1,,Red,0,Renekton,Bel'Veth,Ornn,Syndra,Bard,Hwei,Gwen,Riven,Lux,Jax,Yasuo,Qiyana,Zoe,Soraka,Sona
3396,16.4,NA1_5500690147,1,,Blue,1,Yorick,Volibear,Irelia,Nilah,Karma,Neeko,,Cassiopeia,Riven,Tristana,Gwen,Jayce,Rumble,Ashe,Nautilus
3397,16.4,NA1_5500690147,0,,Red,0,Gwen,Jayce,Rumble,Ashe,Nautilus,Pyke,Zoe,Naafiri,Twitch,Jax,Yorick,Volibear,Irelia,Nilah,Karma
3398,16.4,NA1_5501402785,1,,Blue,1,Sion,Lee Sin,Vladimir,Xayah,Rakan,Jayce,Seraphine,Fiddlesticks,Riven,,Dr. Mundo,Kha'Zix,Aurora,Ezreal,Poppy
3399,16.4,NA1_5501402785,0,,Red,0,Dr. Mundo,Kha'Zix,Aurora,Ezreal,Poppy,Mel,,Qiyana,,Rengar,Sion,Lee Sin,Vladimir,Xayah,Rakan
3400,16.4,NA1_5498945080,1,,Blue,1,Garen,Zaahen,Karma,Lux,Neeko,Nasus,,Graves,Mel,Pyke,Vayne,Ambessa,Anivia,Twisted Fate,Nautilus
3401,16.4,NA1_5498945080,0,,Red,0,Vayne,Ambessa,Anivia,Twisted Fate,Nautilus,Rengar,Sona,Swain,Kha'Zix,,Garen,Zaahen,Karma,Lux,Neeko
3402,16.4,NA1_5498446959,0,,Blue,1,Camille,Ambessa,K'Sante,Lux,Nami,Nautilus,Pyke,Jax,Ahri,Graves,Gnar,Zac,Kassadin,Kai'Sa,Lulu
3403,16.4,NA1_5498446959,1,,Red,0,Gnar,Zac,Kassadin,Kai'Sa,Lulu,Poppy,Smolder,Nunu & Willump,Zed,Pyke,Camille,Ambessa,K'Sante,Lux,Nami
3404,16.4,NA1_5499796467,0,,Blue,1,Neeko,Graves,Nasus,Lucian,Nami,Ambessa,Akali,Akshan,Irelia,Pyke,Darius,Evelynn,Tristana,Swain,Blitzcrank
3405,16.4,NA1_5499796467,1,,Red,0,Darius,Evelynn,Tristana,Swain,Blitzcrank,Nautilus,Kindred,Rell,Jarvan IV,Kayle,Neeko,Graves,Nasus,Lucian,Nami
3406,16.4,NA1_5499381125,1,,Blue,1,Wukong,Nocturne,Azir,Nilah,Nautilus,Akali,Draven,Bel'Veth,,Rumble,Aatrox,Vi,Vladimir,Corki,Lee Sin
3407,16.4,NA1_5499381125,0,,Red,0,Aatrox,Vi,Vladimir,Corki,Lee Sin,Ekko,Gwen,Orianna,Riven,Poppy,Wukong,Nocturne,Azir,Nilah,Nautilus
3408,16.4,NA1_5501908556,1,,Blue,1,Garen,Sylas,Pantheon,Fizz,Nautilus,Ahri,Draven,Braum,,Master Yi,Zaahen,Fiddlesticks,Yasuo,Seraphine,Rell
3409,16.4,NA1_5501908556,0,,Red,0,Zaahen,Fiddlesticks,Yasuo,Seraphine,Rell,Mel,LeBlanc,Ambessa,Pyke,Riven,Garen,Sylas,Pantheon,Fizz,Nautilus
3410,16.4,NA1_5500076287,0,,Blue,1,Rengar,Zyra,Yasuo,Olaf,Sona,Vayne,Akali,Bel'Veth,Zac,Darius,Riven,Ambessa,Syndra,Corki,Lulu
3411,16.4,NA1_5500076287,1,,Red,0,Riven,Ambessa,Syndra,Corki,Lulu,Poppy,Rumble,Karma,Akali,Jayce,Rengar,Zyra,Yasuo,Olaf,Sona
3412,16.3,NA1_5492476182,1,,Blue,1,Akali,Rek'Sai,Viego,Varus,Soraka,Irelia,Zoe,Neeko,Kindred,Lux,Gnar,Xin Zhao,Xerath,Caitlyn,Sona
3413,16.3,NA1_5492476182,0,,Red,0,Gnar,Xin Zhao,Xerath,Caitlyn,Sona,Mel,Rengar,Syndra,Irelia,Pyke,Akali,Rek'Sai,Viego,Varus,Soraka
3414,16.4,NA1_5502294177,0,,Blue,1,Gwen,Jarvan IV,Yone,Yunara,Karma,Draven,Ambessa,Akali,Jayce,Akshan,Azir,Xin Zhao,Hwei,Kai'Sa,Pyke
3415,16.4,NA1_5502294177,1,,Red,0,Azir,Xin Zhao,Hwei,Kai'Sa,Pyke,Katarina,Zoe,Jayce,Draven,Akshan,Gwen,Jarvan IV,Yone,Yunara,Karma
3416,16.4,NA1_5502151504,0,,Blue,1,Galio,Shen,Zoe,Lucian,Elise,Zed,Draven,Thresh,Vayne,Shaco,Akali,Talon,Ekko,Caitlyn,Braum
3417,16.4,NA1_5502151504,1,,Red,0,Akali,Talon,Ekko,Caitlyn,Braum,Yasuo,Kennen,Jayce,Kha'Zix,Ambessa,Galio,Shen,Zoe,Lucian,Elise
3418,16.3,NA1_5494093682,1,,Blue,1,Pantheon,Viego,Taliyah,Ezreal,Thresh,Rengar,Akshan,Riven,Kindred,Ekko,Irelia,Lee Sin,Twisted Fate,Caitlyn,Bard
3419,16.3,NA1_5494093682,0,,Red,0,Irelia,Lee Sin,Twisted Fate,Caitlyn,Bard,Draven,,Akali,Kennen,,Pantheon,Viego,Taliyah,Ezreal,Thresh
3420,16.4,NA1_5501218785,1,,Blue,1,Varus,Zyra,Yasuo,Sivir,Xerath,Pyke,Zilean,Akali,Anivia,Ambessa,Dr. Mundo,Diana,Zed,Kai'Sa,Neeko
3421,16.4,NA1_5501218785,0,,Red,0,Dr. Mundo,Diana,Zed,Kai'Sa,Neeko,Bel'Veth,Pyke,,,Ambessa,Varus,Zyra,Yasuo,Sivir,Xerath
3422,16.4,NA1_5500665934,1,,Blue,1,Aatrox,Taliyah,Viego,Kai'Sa,Nautilus,LeBlanc,Aurora,Seraphine,Vladimir,Zaahen,Volibear,Qiyana,Cassiopeia,Tristana,Lulu
3423,16.4,NA1_5500665934,0,,Red,0,Volibear,Qiyana,Cassiopeia,Tristana,Lulu,Ambessa,Akali,Vladimir,Talon,Jax,Aatrox,Taliyah,Viego,Kai'Sa,Nautilus
3424,16.4,NA1_5498305422,1,,Blue,1,Ashe,Morgana,Aurora,Kai'Sa,Rell,Akali,Shaco,Gwen,Jax,Zoe,Malphite,Kindred,Rumble,Jhin,Nautilus
3425,16.4,NA1_5498305422,0,,Red,0,Malphite,Kindred,Rumble,Jhin,Nautilus,Braum,Karma,Jayce,Galio,Ambessa,Ashe,Morgana,Aurora,Kai'Sa,Rell
3426,16.4,NA1_5500540856,1,,Blue,1,Jayce,Zac,Naafiri,Twitch,Nami,Fizz,Kindred,Draven,,Malphite,Renekton,Ambessa,Syndra,Ezreal,Senna
3427,16.4,NA1_5500540856,0,,Red,0,Renekton,Ambessa,Syndra,Ezreal,Senna,Yasuo,Braum,Shaco,Talon,Pyke,Jayce,Zac,Naafiri,Twitch,Nami
3428,16.4,NA1_5500022420,1,,Blue,1,Graves,Naafiri,Ryze,Varus,Lee Sin,Poppy,Zoe,Taliyah,Pyke,Nunu & Willump,Jayce,Malphite,Sylas,Yunara,Karma
3429,16.4,NA1_5500022420,0,,Red,0,Jayce,Malphite,Sylas,Yunara,Karma,Draven,Riven,Mel,Ambessa,,Graves,Naafiri,Ryze,Varus,Lee Sin
3430,16.4,NA1_5499267269,1,,Blue,1,Fiora,Lee Sin,Kassadin,Varus,Soraka,Jayce,Bel'Veth,Rengar,Volibear,Riven,Renekton,Taliyah,Ryze,Jhin,Bard
3431,16.4,NA1_5499267269,0,,Red,0,Renekton,Taliyah,Ryze,Jhin,Bard,Senna,Braum,Zoe,Rengar,Riven,Fiora,Lee Sin,Kassadin,Varus,Soraka
3432,16.4,NA1_5500787698,0,,Blue,1,Fiora,Kha'Zix,Kassadin,Senna,Bard,Graves,Zed,Rengar,Ambessa,Malphite,Darius,Aatrox,Azir,Mel,Sona
3433,16.4,NA1_5500787698,1,,Red,0,Darius,Aatrox,Azir,Mel,Sona,Viktor,Sivir,Bel'Veth,Ambessa,Vayne,Fiora,Kha'Zix,Kassadin,Senna,Bard
3434,16.3,NA1_5492108422,1,,Blue,1,Mordekaiser,Graves,Katarina,Varus,Anivia,Bel'Veth,Kha'Zix,Ryze,Braum,Jayce,Jax,Rek'Sai,Cassiopeia,Sivir,Nami
3435,16.3,NA1_5492108422,0,,Red,0,Jax,Rek'Sai,Cassiopeia,Sivir,Nami,Blitzcrank,Draven,Fiora,Yasuo,Kindred,Mordekaiser,Graves,Katarina,Varus,Anivia
3436,16.4,NA1_5501566319,1,,Blue,1,Kennen,Aatrox,Zoe,Yunara,Lulu,Jayce,Akali,Rengar,Nami,Draven,Zed,Rek'Sai,Yasuo,Vayne,Pantheon
3437,16.4,NA1_5501566319,0,,Red,0,Zed,Rek'Sai,Yasuo,Vayne,Pantheon,Corki,Akali,Ambessa,Kindred,Sona,Kennen,Aatrox,Zoe,Yunara,Lulu
3438,16.4,NA1_5500845805,1,,Blue,1,Zaahen,Zac,Zoe,Tristana,Leona,Kindred,Rumble,Graves,Yasuo,Dr. Mundo,Fiora,Ambessa,Syndra,Mel,Sona
3439,16.4,NA1_5500845805,0,,Red,0,Fiora,Ambessa,Syndra,Mel,Sona,Blitzcrank,Sivir,Rengar,Nunu & Willump,Darius,Zaahen,Zac,Zoe,Tristana,Leona
3440,16.4,NA1_5500908068,0,,Blue,1,Renekton,Sylas,Yone,Karthus,Zilean,Sona,Bel'Veth,,Riven,Rengar,Jayce,Ivern,Ahri,Lucian,Bard
3441,16.4,NA1_5500908068,1,,Red,0,Jayce,Ivern,Ahri,Lucian,Bard,Ambessa,Lux,Nunu & Willump,Graves,Rengar,Renekton,Sylas,Yone,Karthus,Zilean
3442,16.3,NA1_5492256041,0,,Blue,1,Yone,Brand,Azir,Tristana,Alistar,Viktor,Riven,,Ambessa,Rengar,Mordekaiser,Talon,Orianna,Aphelios,Milio
3443,16.3,NA1_5492256041,1,,Red,0,Mordekaiser,Talon,Orianna,Aphelios,Milio,Blitzcrank,Gwen,Kha'Zix,Syndra,Vayne,Yone,Brand,Azir,Tristana,Alistar
3444,16.4,NA1_5498956172,1,,Blue,1,Garen,Jarvan IV,Ezreal,Ahri,Seraphine,Ivern,Pyke,Nasus,Nami,Dr. Mundo,Malphite,Ambessa,Akshan,Mel,Rakan
3445,16.4,NA1_5498956172,0,,Red,0,Malphite,Ambessa,Akshan,Mel,Rakan,Ekko,Kha'Zix,Syndra,Yasuo,Sona,Garen,Jarvan IV,Ezreal,Ahri,Seraphine
3446,16.4,NA1_5501282522,0,,Blue,1,Fiora,Dr. Mundo,Lissandra,Aphelios,Poppy,,Rengar,Braum,Zoe,Nunu & Willump,Ornn,Shaco,Cho'Gath,Ezreal,Nautilus
3447,16.4,NA1_5501282522,1,,Red,0,Ornn,Shaco,Cho'Gath,Ezreal,Nautilus,Vayne,Braum,Fiddlesticks,Ambessa,Draven,Fiora,Dr. Mundo,Lissandra,Aphelios,Poppy
3448,16.4,NA1_5497160126,1,,Blue,1,Fiora,Ivern,Galio,Ezreal,Janna,Lux,Akali,Graves,Yasuo,Draven,Camille,Jarvan IV,Orianna,Swain,Karma
3449,16.4,NA1_5497160126,0,,Red,0,Camille,Jarvan IV,Orianna,Swain,Karma,Neeko,Ambessa,Kindred,Qiyana,Malphite,Fiora,Ivern,Galio,Ezreal,Janna
3450,16.4,NA1_5501367298,0,,Blue,1,Jax,Jayce,Galio,Jhin,Alistar,Lux,,Zoe,Draven,Ezreal,Garen,Lee Sin,Yone,Mel,Karma
3451,16.4,NA1_5501367298,1,,Red,0,Garen,Lee Sin,Yone,Mel,Karma,Aurora,Dr. Mundo,Bel'Veth,Sivir,Rengar,Jax,Jayce,Galio,Jhin,Alistar
3452,16.4,NA1_5501092971,1,,Blue,1,Gwen,Wukong,Akshan,Kai'Sa,Janna,Rengar,Rumble,Jayce,Yasuo,Pyke,Shen,Graves,Ryze,Sylas,Neeko
3453,16.4,NA1_5501092971,0,,Red,0,Shen,Graves,Ryze,Sylas,Neeko,Ambessa,,Jayce,Riven,Sivir,Gwen,Wukong,Akshan,Kai'Sa,Janna
3454,16.4,NA1_5498339609,1,,Blue,1,Volibear,Nunu & Willump,Kayle,Senna,Karma,Akali,Bel'Veth,Jayce,Jax,Nautilus,Riven,Jarvan IV,Azir,Jhin,Blitzcrank
3455,16.4,NA1_5498339609,0,,Red,0,Riven,Jarvan IV,Azir,Jhin,Blitzcrank,Viego,Poppy,Zed,Renekton,Draven,Volibear,Nunu & Willump,Kayle,Senna,Karma
3456,16.4,NA1_5502319230,0,,Blue,1,Yone,Ambessa,Ryze,Xayah,Rell,Rengar,LeBlanc,Jayce,Janna,Draven,Renekton,Fiddlesticks,Yasuo,Kai'Sa,Neeko
3457,16.4,NA1_5502319230,1,,Red,0,Renekton,Fiddlesticks,Yasuo,Kai'Sa,Neeko,Lissandra,Azir,Pyke,Jax,Nunu & Willump,Yone,Ambessa,Ryze,Xayah,Rell
3458,16.3,NA1_5494329620,0,,Blue,1,Akali,Talon,Anivia,Aphelios,Blitzcrank,Zed,Sona,Poppy,Bel'Veth,Kai'Sa,Dr. Mundo,Ambessa,Galio,Jinx,Tahm Kench
3459,16.3,NA1_5494329620,1,,Red,0,Dr. Mundo,Ambessa,Galio,Jinx,Tahm Kench,Bard,Poppy,Pyke,Mel,Rengar,Akali,Talon,Anivia,Aphelios,Blitzcrank
3460,16.3,NA1_5495400934,0,,Blue,1,Fiora,Fiddlesticks,Akshan,Ezreal,Nautilus,Bard,Galio,Draven,Yasuo,Malphite,Aatrox,Sylas,Zed,Aphelios,Taric
3461,16.3,NA1_5495400934,1,,Red,0,Aatrox,Sylas,Zed,Aphelios,Taric,Kennen,Caitlyn,Draven,Nunu & Willump,Akali,Fiora,Fiddlesticks,Akshan,Ezreal,Nautilus
3462,16.3,NA1_5494550900,1,,Blue,1,Renekton,Jarvan IV,Lissandra,Ezreal,Karma,,,Zed,Riven,Rengar,Vayne,Vi,Katarina,Kai'Sa,Blitzcrank
3463,16.3,NA1_5494550900,0,,Red,0,Vayne,Vi,Katarina,Kai'Sa,Blitzcrank,,Rumble,Yunara,Yasuo,Ziggs,Renekton,Jarvan IV,Lissandra,Ezreal,Karma
3464,16.4,NA1_5501836166,1,,Blue,1,Gnar,Vi,Mel,Xayah,Karma,Sona,Caitlyn,Azir,Rengar,Aurelion Sol,Aurora,Ambessa,Twisted Fate,Yunara,Nami
3465,16.4,NA1_5501836166,0,,Red,0,Aurora,Ambessa,Twisted Fate,Yunara,Nami,Riven,Fiddlesticks,Draven,Anivia,Fizz,Gnar,Vi,Mel,Xayah,Karma
3466,16.4,NA1_5501862334,1,,Blue,1,Ambessa,Graves,Lissandra,Kai'Sa,Sona,Zaahen,Caitlyn,Xin Zhao,Malphite,Kha'Zix,LeBlanc,Camille,Katarina,Hwei,Senna
3467,16.4,NA1_5501862334,0,,Red,0,LeBlanc,Camille,Katarina,Hwei,Senna,Sivir,Yasuo,Jax,Shaco,Bard,Ambessa,Graves,Lissandra,Kai'Sa,Sona
3468,16.4,NA1_5496513432,1,,Blue,1,Renekton,Xin Zhao,Zoe,Yunara,Leona,Draven,Braum,Yasuo,Jax,Cassiopeia,Jayce,Diana,Zaahen,Samira,Nidalee
3469,16.4,NA1_5496513432,0,,Red,0,Jayce,Diana,Zaahen,Samira,Nidalee,Zac,Nautilus,Varus,Poppy,Fiddlesticks,Renekton,Xin Zhao,Zoe,Yunara,Leona
3470,16.4,NA1_5497107033,0,,Blue,1,Aatrox,Zaahen,Orianna,Ezreal,Karma,Lucian,Ambessa,,Shaco,Irelia,Graves,Jarvan IV,Azir,Kai'Sa,Pyke
3471,16.4,NA1_5497107033,1,,Red,0,Graves,Jarvan IV,Azir,Kai'Sa,Pyke,Viktor,Riven,Rengar,Sona,Draven,Aatrox,Zaahen,Orianna,Ezreal,Karma
3472,16.4,NA1_5497133740,1,,Blue,1,Azir,Kindred,Smolder,Ezreal,Zilean,Lux,Bel'Veth,Ambessa,Sona,Dr. Mundo,Irelia,Graves,Galio,Aphelios,Thresh
3473,16.4,NA1_5497133740,0,,Red,0,Irelia,Graves,Galio,Aphelios,Thresh,,Sona,Jayce,Nautilus,Qiyana,Azir,Kindred,Smolder,Ezreal,Zilean
3474,16.4,NA1_5499591217,1,,Blue,1,Ambessa,Gwen,Qiyana,Senna,Karma,Vladimir,,,Bel'Veth,Pyke,Aurora,Lee Sin,Mordekaiser,Yasuo,Gragas
3475,16.4,NA1_5499591217,0,,Red,0,Aurora,Lee Sin,Mordekaiser,Yasuo,Gragas,Irelia,Sona,Naafiri,Riven,Lulu,Ambessa,Gwen,Qiyana,Senna,Karma
3476,16.4,NA1_5500728102,0,,Blue,1,Zaahen,Malphite,Rumble,Zeri,Nautilus,Braum,Zoe,Teemo,Kha'Zix,Pyke,Volibear,Talon,Galio,Yasuo,Sylas
3477,16.4,NA1_5500728102,1,,Red,0,Volibear,Talon,Galio,Yasuo,Sylas,Rengar,Draven,Zoe,Jax,Akshan,Zaahen,Malphite,Rumble,Zeri,Nautilus
3478,16.4,NA1_5496796632,1,,Blue,1,Renekton,Graves,Akshan,Vladimir,Seraphine,Braum,Fiddlesticks,Draven,Varus,Ambessa,Ornn,Darius,Ekko,Aphelios,Alistar
3479,16.4,NA1_5496796632,0,,Red,0,Ornn,Darius,Ekko,Aphelios,Alistar,Draven,Rek'Sai,Neeko,Jax,Akali,Renekton,Graves,Akshan,Vladimir,Seraphine
3480,16.4,NA1_5500081706,0,,Blue,1,Jayce,Ivern,Cassiopeia,Caitlyn,Karma,Bel'Veth,Kha'Zix,Rengar,Draven,Riven,Irelia,Teemo,Ryze,Corki,Lee Sin
3481,16.4,NA1_5500081706,1,,Red,0,Irelia,Teemo,Ryze,Corki,Lee Sin,Jax,Shaco,Poppy,Nunu & Willump,Riven,Jayce,Ivern,Cassiopeia,Caitlyn,Karma
3482,16.3,NA1_5494005596,0,,Blue,1,Elise,Diana,Akshan,Jhin,Nami,Akali,Braum,Bel'Veth,Jayce,Zaahen,Camille,Ambessa,Cassiopeia,Senna,Sona
3483,16.3,NA1_5494005596,1,,Red,0,Camille,Ambessa,Cassiopeia,Senna,Sona,Yasuo,Pyke,Rengar,Nunu & Willump,Jax,Elise,Diana,Akshan,Jhin,Nami
3484,16.4,NA1_5499972091,0,,Blue,1,Kled,Sylas,Yasuo,Varus,Nautilus,Riven,Rengar,Taliyah,Draven,Thresh,Fiora,Zyra,Ambessa,Ezreal,Lee Sin
3485,16.4,NA1_5499972091,1,,Red,0,Fiora,Zyra,Ambessa,Ezreal,Lee Sin,Poppy,Nunu & Willump,Shaco,Ryze,Rell,Kled,Sylas,Yasuo,Varus,Nautilus
3486,16.4,NA1_5498925717,1,,Blue,1,Renekton,Graves,Lucian,Lux,Neeko,Draven,Vladimir,Mel,Pyke,Yasuo,Jax,Kindred,Diana,Jhin,Bard
3487,16.4,NA1_5498925717,0,,Red,0,Jax,Kindred,Diana,Jhin,Bard,Rengar,Orianna,Dr. Mundo,Riven,,Renekton,Graves,Lucian,Lux,Neeko
3488,16.3,NA1_5493469042,1,,Blue,1,Warwick,Bel'Veth,Ryze,Ezreal,Leona,Vladimir,Kennen,Jax,Zaahen,Braum,Rumble,Master Yi,Zed,Aphelios,Karma
3489,16.3,NA1_5493469042,0,,Red,0,Rumble,Master Yi,Zed,Aphelios,Karma,Riven,Azir,Zilean,Ambessa,Nunu & Willump,Warwick,Bel'Veth,Ryze,Ezreal,Leona
3490,16.4,NA1_5501019015,0,,Blue,1,Gnar,Kindred,Ryze,Kalista,Pyke,Leona,Ezreal,Nasus,Yasuo,Rengar,Aurora,Graves,Cassiopeia,Miss Fortune,Neeko
3491,16.4,NA1_5501019015,1,,Red,0,Aurora,Graves,Cassiopeia,Miss Fortune,Neeko,,Shaco,Nautilus,Jayce,Rengar,Gnar,Kindred,Ryze,Kalista,Pyke
3492,16.4,NA1_5500629938,0,,Blue,1,Gwen,Briar,Ezreal,Aurelion Sol,Senna,Zed,Pyke,Udyr,,Rumble,Volibear,Ambessa,Viktor,Draven,Thresh
3493,16.4,NA1_5500629938,1,,Red,0,Volibear,Ambessa,Viktor,Draven,Thresh,Jax,Akali,Mel,Neeko,Shaco,Gwen,Briar,Ezreal,Aurelion Sol,Senna
3494,16.4,NA1_5500295264,0,,Blue,1,Nasus,Brand,Pyke,Corki,Rell,Bel'Veth,Ezreal,,Ambessa,Aurora,Garen,Lee Sin,Orianna,Hwei,Yuumi
3495,16.4,NA1_5500295264,1,,Red,0,Garen,Lee Sin,Orianna,Hwei,Yuumi,Cassiopeia,Draven,Ambessa,Nunu & Willump,Zed,Nasus,Brand,Pyke,Corki,Rell
3496,16.4,NA1_5496028763,0,,Blue,1,Sion,Lee Sin,Malphite,Xayah,Rakan,Mel,Draven,Hecarim,Kha'Zix,Zaahen,Gwen,Talon,Diana,Jhin,Karma
3497,16.4,NA1_5496028763,1,,Red,0,Gwen,Talon,Diana,Jhin,Karma,Fiora,Zoe,Draven,Ambessa,Sylas,Sion,Lee Sin,Malphite,Xayah,Rakan
3498,16.4,NA1_5498949410,1,,Blue,1,Fiora,Jayce,Tristana,Mel,Zoe,Sivir,Ambessa,Jarvan IV,Aurora,Kennen,Gnar,Graves,Anivia,Ezreal,Nami
3499,16.4,NA1_5498949410,0,,Red,0,Gnar,Graves,Anivia,Ezreal,Nami,Sona,Bel'Veth,Varus,Syndra,Riven,Fiora,Jayce,Tristana,Mel,Zoe
3500,16.4,NA1_5496328442,0,,Blue,1,Urgot,Qiyana,Ryze,Yunara,Sona,Yuumi,Akali,Pyke,Rengar,Orianna,Riven,Morgana,Lucian,Samira,Neeko
3501,16.4,NA1_5496328442,1,,Red,0,Riven,Morgana,Lucian,Samira,Neeko,Rengar,Pyke,Renekton,Poppy,Azir,Urgot,Qiyana,Ryze,Yunara,Sona
3502,16.4,NA1_5496104663,0,,Blue,1,Cho'Gath,Ezreal,Azir,Caitlyn,Bard,Viktor,Zilean,Jayce,Draven,Gwen,Yasuo,Graves,Orianna,Senna,Nautilus
3503,16.4,NA1_5496104663,1,,Red,0,Yasuo,Graves,Orianna,Senna,Nautilus,Gwen,Hwei,,Syndra,Riven,Cho'Gath,Ezreal,Azir,Caitlyn,Bard
3504,16.4,NA1_5499887134,0,,Blue,1,Jax,Wukong,Orianna,Corki,Nami,Aphelios,Aatrox,Viktor,Mel,Ambessa,Jayce,Kha'Zix,Sylas,Smolder,Rell
3505,16.4,NA1_5499887134,1,,Red,0,Jayce,Kha'Zix,Sylas,Smolder,Rell,Hecarim,Pyke,Yasuo,Lucian,Ambessa,Jax,Wukong,Orianna,Corki,Nami
3506,16.4,NA1_5501571468,0,,Blue,1,Sion,Graves,Orianna,Kai'Sa,Leona,Fiora,Jayce,Yasuo,Pyke,Neeko,Rek'Sai,Ambessa,Diana,Veigar,Alistar
3507,16.4,NA1_5501571468,1,,Red,0,Rek'Sai,Ambessa,Diana,Veigar,Alistar,Kha'Zix,Yasuo,,Rengar,Draven,Sion,Graves,Orianna,Kai'Sa,Leona
3508,16.4,NA1_5501781861,1,,Blue,1,Renekton,Xin Zhao,Katarina,Lucian,Nami,Caitlyn,Jax,Draven,Rumble,Vladimir,Varus,Talon,Malzahar,Yunara,Anivia
3509,16.4,NA1_5501781861,0,,Red,0,Varus,Talon,Malzahar,Yunara,Anivia,Caitlyn,Bel'Veth,Malphite,Ezreal,Akali,Renekton,Xin Zhao,Katarina,Lucian,Nami
3510,16.4,NA1_5497701566,0,,Blue,1,Fiora,Nidalee,Ryze,Aphelios,Karma,Caitlyn,,Akali,Graves,Fiddlesticks,Zac,Jarvan IV,Twisted Fate,Jhin,Neeko
3511,16.4,NA1_5497701566,1,,Red,0,Zac,Jarvan IV,Twisted Fate,Jhin,Neeko,Lux,Nunu & Willump,Shaco,Rengar,Riven,Fiora,Nidalee,Ryze,Aphelios,Karma
3512,16.3,NA1_5494727590,1,,Blue,1,Kennen,Ambessa,Galio,Jhin,Thresh,Syndra,Gwen,Shaco,Braum,Sylas,Swain,Rek'Sai,Orianna,Aphelios,Karma
3513,16.3,NA1_5494727590,0,,Red,0,Swain,Rek'Sai,Orianna,Aphelios,Karma,Lucian,Gwen,Yunara,Sylas,Kindred,Kennen,Ambessa,Galio,Jhin,Thresh
3514,16.4,NA1_5501784792,1,,Blue,1,Darius,Udyr,Yasuo,Aphelios,Alistar,Jayce,Sona,Zoe,Nautilus,Akali,Riven,Graves,Vex,Yunara,Blitzcrank
3515,16.4,NA1_5501784792,0,,Red,0,Riven,Graves,Vex,Yunara,Blitzcrank,Zoe,Sona,Azir,Pyke,Rengar,Darius,Udyr,Yasuo,Aphelios,Alistar
3516,16.4,NA1_5500290704,1,,Blue,1,Aatrox,Zac,Sion,Yunara,Bard,Ambessa,Jax,Jayce,Kindred,Pyke,Gnar,Fizz,Anivia,Smolder,Poppy
3517,16.4,NA1_5500290704,0,,Red,0,Gnar,Fizz,Anivia,Smolder,Poppy,Shaco,,Bel'Veth,Darius,Lux,Aatrox,Zac,Sion,Yunara,Bard
3518,16.3,NA1_5492473602,0,,Blue,1,Tahm Kench,Rengar,Viktor,Jinx,Brand,Talon,Lee Sin,Galio,Gwen,Caitlyn,Sett,Kha'Zix,Rumble,Anivia,Lulu
3519,16.3,NA1_5492473602,1,,Red,0,Sett,Kha'Zix,Rumble,Anivia,Lulu,Blitzcrank,Jax,Naafiri,Syndra,Rek'Sai,Tahm Kench,Rengar,Viktor,Jinx,Brand
3520,16.4,NA1_5501962358,0,,Blue,1,Gnar,Zac,Ziggs,Smolder,Seraphine,Aphelios,Zoe,,Jax,Bard,Malphite,Ambessa,Ryze,Caitlyn,Blitzcrank
3521,16.4,NA1_5501962358,1,,Red,0,Malphite,Ambessa,Ryze,Caitlyn,Blitzcrank,Yuumi,Anivia,Yasuo,Rengar,Jax,Gnar,Zac,Ziggs,Smolder,Seraphine
3522,16.4,NA1_5496164282,1,,Blue,1,Fiora,Qiyana,Tristana,Brand,Alistar,Bel'Veth,Rengar,Sivir,Renekton,Gwen,Riven,Dr. Mundo,Vladimir,Ashe,Rell
3523,16.4,NA1_5496164282,0,,Red,0,Riven,Dr. Mundo,Vladimir,Ashe,Rell,Ryze,Gwen,Zaahen,Draven,,Fiora,Qiyana,Tristana,Brand,Alistar
3524,16.4,NA1_5500103066,0,,Blue,1,Kayle,Rek'Sai,Kassadin,Varus,Bard,Yasuo,Akshan,Jax,Zed,Taliyah,Heimerdinger,Graves,Azir,Smolder,Karma
3525,16.4,NA1_5500103066,1,,Red,0,Heimerdinger,Graves,Azir,Smolder,Karma,Zoe,,Pyke,,,Kayle,Rek'Sai,Kassadin,Varus,Bard
3526,16.4,NA1_5499649902,1,,Blue,1,Karma,Lee Sin,Sett,Ezreal,Morgana,Ambessa,Nunu & Willump,Riven,Jayce,Akali,Renekton,Malphite,Taliyah,Yasuo,Lulu
3527,16.4,NA1_5499649902,0,,Red,0,Renekton,Malphite,Taliyah,Yasuo,Lulu,Draven,Ekko,Caitlyn,Pyke,Zaahen,Karma,Lee Sin,Sett,Ezreal,Morgana
3528,16.4,NA1_5499925569,1,,Blue,1,Vayne,Shaco,Lux,Sivir,Rakan,Poppy,Riven,Ambessa,Kassadin,Jayce,Darius,Zaahen,Taliyah,Ezreal,Bard
3529,16.4,NA1_5499925569,0,,Red,0,Darius,Zaahen,Taliyah,Ezreal,Bard,Kayle,Pyke,Yasuo,,Zac,Vayne,Shaco,Lux,Sivir,Rakan
3530,16.4,NA1_5498873567,0,,Blue,1,K'Sante,Graves,Aurora,Lux,Sona,Sivir,Riven,Ambessa,Nunu & Willump,Braum,Gnar,Lee Sin,Taliyah,Seraphine,Neeko
3531,16.4,NA1_5498873567,1,,Red,0,Gnar,Lee Sin,Taliyah,Seraphine,Neeko,Rengar,Aatrox,Pyke,Mel,,K'Sante,Graves,Aurora,Lux,Sona
3532,16.4,NA1_5501796371,1,,Blue,1,Vladimir,Rek'Sai,Akshan,Veigar,Nami,Yasuo,Ambessa,Katarina,Gwen,Yorick,Camille,Ivern,Taliyah,Corki,Bard
3533,16.4,NA1_5501796371,0,,Red,0,Camille,Ivern,Taliyah,Corki,Bard,Kassadin,Riven,,Pyke,Graves,Vladimir,Rek'Sai,Akshan,Veigar,Nami
3534,16.3,NA1_5494344158,0,,Blue,1,Gnar,Sylas,Seraphine,Jhin,Nautilus,Udyr,Syndra,Rengar,Pyke,Riven,Yorick,Nidalee,Zed,Ezreal,Bard
3535,16.3,NA1_5494344158,1,,Red,0,Yorick,Nidalee,Zed,Ezreal,Bard,Bel'Veth,Sivir,Ambessa,Lux,Darius,Gnar,Sylas,Seraphine,Jhin,Nautilus
3536,16.3,NA1_5492451611,0,,Blue,1,Xin Zhao,Kindred,Singed,Twitch,Renata Glasc,Pyke,Malphite,Syndra,Yuumi,Nasus,Rumble,Viego,Taliyah,Draven,Nidalee
3537,16.3,NA1_5492451611,1,,Red,0,Rumble,Viego,Taliyah,Draven,Nidalee,Karthus,Katarina,Talon,Rengar,Akali,Xin Zhao,Kindred,Singed,Twitch,Renata Glasc
3538,16.4,NA1_5500113167,0,,Blue,1,Gwen,Ambessa,Mel,Ezreal,Morgana,Karma,Jax,Zilean,Nunu & Willump,Sylas,Riven,Kha'Zix,Syndra,Ahri,Lee Sin
3539,16.4,NA1_5500113167,1,,Red,0,Riven,Kha'Zix,Syndra,Ahri,Lee Sin,Jayce,Poppy,Rumble,Shaco,LeBlanc,Gwen,Ambessa,Mel,Ezreal,Morgana
3540,16.3,NA1_5494454052,1,,Blue,1,Jax,Kha'Zix,Syndra,Kai'Sa,Neeko,,Gwen,Zed,Rengar,Fiddlesticks,Sion,Kindred,Zoe,Caitlyn,Karma
3541,16.3,NA1_5494454052,0,,Red,0,Sion,Kindred,Zoe,Caitlyn,Karma,Draven,Sona,Akshan,Ambessa,Riven,Jax,Kha'Zix,Syndra,Kai'Sa,Neeko
3542,16.3,NA1_5492122316,1,,Blue,1,Ambessa,Sejuani,Aurora,Yunara,Yuumi,Yasuo,Pyke,Draven,Riven,Kha'Zix,Varus,Rengar,Hwei,Aphelios,Nautilus
3543,16.3,NA1_5492122316,0,,Red,0,Varus,Rengar,Hwei,Aphelios,Nautilus,Orianna,Poppy,Yorick,,Draven,Ambessa,Sejuani,Aurora,Yunara,Yuumi
3544,16.4,NA1_5499912678,0,,Blue,1,Camille,Ambessa,Akali,Jhin,Swain,Sivir,Riven,Udyr,Caitlyn,Zed,Jax,Graves,Azir,Ezreal,Karma
3545,16.4,NA1_5499912678,1,,Red,0,Jax,Graves,Azir,Ezreal,Karma,Heimerdinger,Akshan,,,LeBlanc,Camille,Ambessa,Akali,Jhin,Swain
3546,16.4,NA1_5500340165,1,,Blue,1,Tryndamere,Udyr,Zoe,Miss Fortune,Leona,Graves,Neeko,Sivir,Mel,Kennen,Teemo,Sylas,Aurora,Corki,Poppy
3547,16.4,NA1_5500340165,0,,Red,0,Teemo,Sylas,Aurora,Corki,Poppy,Rengar,Kha'Zix,Mel,Ezreal,Malphite,Tryndamere,Udyr,Zoe,Miss Fortune,Leona
3548,16.4,NA1_5496517013,1,,Blue,1,Aatrox,Fiddlesticks,Hwei,Jhin,Blitzcrank,Aphelios,Jax,Sylas,Yasuo,Zed,Ambessa,Pantheon,Taliyah,Lucian,Braum
3549,16.4,NA1_5496517013,0,,Red,0,Ambessa,Pantheon,Taliyah,Lucian,Braum,Bel'Veth,Akali,Jax,Jayce,Nunu & Willump,Aatrox,Fiddlesticks,Hwei,Jhin,Blitzcrank
3550,16.4,NA1_5499587768,0,,Blue,1,Aatrox,Shaco,Ziggs,Corki,Nautilus,Ambessa,Irelia,Jayce,Neeko,Akshan,Udyr,Zac,Anivia,Kalista,Soraka
3551,16.4,NA1_5499587768,1,,Red,0,Udyr,Zac,Anivia,Kalista,Soraka,Sona,Nasus,Poppy,Riven,Yasuo,Aatrox,Shaco,Ziggs,Corki,Nautilus
3552,16.3,NA1_5494263048,0,,Blue,1,Twisted Fate,Zed,Orianna,Varus,Vel'Koz,Rengar,Anivia,Syndra,Naafiri,Sona,Riven,Vi,Pantheon,Ziggs,Pyke
3553,16.3,NA1_5494263048,1,,Red,0,Riven,Vi,Pantheon,Ziggs,Pyke,Zaahen,Renekton,Ahri,Evelynn,Malphite,Twisted Fate,Zed,Orianna,Varus,Vel'Koz
3554,16.4,NA1_5499704487,1,,Blue,1,Riven,Aatrox,Orianna,Lucian,Nami,Aphelios,Ekko,Zoe,Renekton,Pyke,Poppy,Brand,Neeko,Ezreal,Yuumi
3555,16.4,NA1_5499704487,0,,Red,0,Poppy,Brand,Neeko,Ezreal,Yuumi,Ambessa,Mel,Graves,Draven,Sylas,Riven,Aatrox,Orianna,Lucian,Nami
3556,16.3,NA1_5495547464,1,,Blue,1,Zaahen,Ambessa,Brand,Yunara,Thresh,Riven,Rengar,Syndra,Fiora,Draven,Zoe,Trundle,Sion,Xayah,Bard
3557,16.3,NA1_5495547464,0,,Red,0,Zoe,Trundle,Sion,Xayah,Bard,Sona,Dr. Mundo,Zilean,Ekko,Rengar,Zaahen,Ambessa,Brand,Yunara,Thresh
3558,16.3,NA1_5495598987,0,,Blue,1,Fiora,Qiyana,Azir,Smolder,Milio,Zaahen,Akali,Samira,Jayce,Twitch,Riven,Shaco,Zoe,Jinx,Thresh
3559,16.3,NA1_5495598987,1,,Red,0,Riven,Shaco,Zoe,Jinx,Thresh,Ambessa,Draven,Lux,Jayce,Dr. Mundo,Fiora,Qiyana,Azir,Smolder,Milio
3560,16.4,NA1_5501030508,0,,Blue,1,Varus,Graves,Taliyah,Aphelios,Alistar,Caitlyn,Pyke,Poppy,Ambessa,Kennen,Jayce,Diana,Naafiri,Yunara,Nautilus
3561,16.4,NA1_5501030508,1,,Red,0,Jayce,Diana,Naafiri,Yunara,Nautilus,Irelia,Smolder,Rengar,Nunu & Willump,Poppy,Varus,Graves,Taliyah,Aphelios,Alistar
3562,16.4,NA1_5500685603,1,,Blue,1,K'Sante,Jayce,Cassiopeia,Karthus,Thresh,Rengar,Mel,Malphite,Akali,Neeko,Varus,Lee Sin,Ahri,Kai'Sa,Nautilus
3563,16.4,NA1_5500685603,0,,Red,0,Varus,Lee Sin,Ahri,Kai'Sa,Nautilus,Volibear,Draven,Akali,Ambessa,Rengar,K'Sante,Jayce,Cassiopeia,Karthus,Thresh
3564,16.4,NA1_5500372569,0,,Blue,1,K'Sante,Graves,Hwei,Aphelios,Nautilus,Lux,Poppy,Sylas,Jayce,Nunu & Willump,Rek'Sai,Ambessa,Akali,Ziggs,Sona
3565,16.4,NA1_5500372569,1,,Red,0,Rek'Sai,Ambessa,Akali,Ziggs,Sona,Zaahen,Akshan,Rengar,Sivir,Cho'Gath,K'Sante,Graves,Hwei,Aphelios,Nautilus
3566,16.4,NA1_5498788170,0,,Blue,1,Lee Sin,Zaahen,Ryze,Corki,Nami,Caitlyn,Nunu & Willump,Pyke,Draven,Sion,Tryndamere,Aatrox,Zed,Aurelion Sol,Nidalee
3567,16.4,NA1_5498788170,1,,Red,0,Tryndamere,Aatrox,Zed,Aurelion Sol,Nidalee,Akali,Sona,LeBlanc,Viego,Nunu & Willump,Lee Sin,Zaahen,Ryze,Corki,Nami
3568,16.3,NA1_5495056571,1,,Blue,1,Tryndamere,Ambessa,Sylas,Yunara,Lulu,,Draven,Viego,Zoe,Kennen,Aphelios,Jarvan IV,Akshan,Seraphine,Braum
3569,16.3,NA1_5495056571,0,,Red,0,Aphelios,Jarvan IV,Akshan,Seraphine,Braum,Rengar,Sivir,Mel,Yasuo,Nunu & Willump,Tryndamere,Ambessa,Sylas,Yunara,Lulu
3570,16.4,NA1_5500977944,0,,Blue,1,Yasuo,Rumble,Orianna,Ashe,Alistar,Nunu & Willump,Jax,Sylas,Twitch,Syndra,Nasus,Gwen,Taliyah,Kog'Maw,Nami
3571,16.4,NA1_5500977944,1,,Red,0,Nasus,Gwen,Taliyah,Kog'Maw,Nami,Galio,Ambessa,Kha'Zix,Shaco,Blitzcrank,Yasuo,Rumble,Orianna,Ashe,Alistar
3572,16.3,NA1_5493428019,0,,Blue,1,Yone,Naafiri,Xerath,Veigar,Nami,Katarina,Karma,Cho'Gath,Ezreal,Mel,Fiora,Kha'Zix,Nasus,Kassadin,Seraphine
3573,16.3,NA1_5493428019,1,,Red,0,Fiora,Kha'Zix,Nasus,Kassadin,Seraphine,Zyra,Pyke,Ambessa,Vayne,Draven,Yone,Naafiri,Xerath,Veigar,Nami
3574,16.4,NA1_5497413777,0,,Blue,1,Mordekaiser,Rengar,Gangplank,Samira,Neeko,Karma,Ambessa,Xerath,Zed,Nunu & Willump,Zaahen,Karthus,Jayce,Corki,Alistar
3575,16.4,NA1_5497413777,1,,Red,0,Zaahen,Karthus,Jayce,Corki,Alistar,Ambessa,Orianna,Shaco,Draven,Azir,Mordekaiser,Rengar,Gangplank,Samira,Neeko
3576,16.4,NA1_5501223151,0,,Blue,1,Camille,Lee Sin,Shaco,Vel'Koz,Alistar,Gwen,Karma,Sylas,Ahri,Jax,Udyr,Fiddlesticks,Akali,Senna,Nautilus
3577,16.4,NA1_5501223151,1,,Red,0,Udyr,Fiddlesticks,Akali,Senna,Nautilus,Hecarim,Aphelios,Pyke,Kassadin,Braum,Camille,Lee Sin,Shaco,Vel'Koz,Alistar
3578,16.3,NA1_5492500246,0,,Blue,1,Aurora,Viego,Anivia,Jhin,Bard,Irelia,Rek'Sai,Rengar,Soraka,Draven,Mordekaiser,Qiyana,Vladimir,Aphelios,Thresh
3579,16.3,NA1_5492500246,1,,Red,0,Mordekaiser,Qiyana,Vladimir,Aphelios,Thresh,Taric,Riven,LeBlanc,Fiddlesticks,Rek'Sai,Aurora,Viego,Anivia,Jhin,Bard
3580,16.4,NA1_5500585771,1,,Blue,1,Aatrox,Graves,Kassadin,Seraphine,Janna,Zed,Sona,Zaahen,Pyke,Aurora,Mordekaiser,Kayn,Azir,Sivir,Thresh
3581,16.4,NA1_5500585771,0,,Red,0,Mordekaiser,Kayn,Azir,Sivir,Thresh,Zed,Kha'Zix,Bel'Veth,Rengar,Yone,Aatrox,Graves,Kassadin,Seraphine,Janna
3582,16.3,NA1_5495655250,1,,Blue,1,Orianna,Aatrox,Pantheon,Viego,Taric,Lulu,Ahri,Sona,Jax,Yasuo,Urgot,Evelynn,Talon,Samira,Morgana
3583,16.3,NA1_5495655250,0,,Red,0,Urgot,Evelynn,Talon,Samira,Morgana,Rengar,Fiora,LeBlanc,Alistar,Janna,Orianna,Aatrox,Pantheon,Viego,Taric
3584,16.4,NA1_5499530803,1,,Blue,1,Jayce,Ambessa,Neeko,Seraphine,Alistar,Bel'Veth,Pyke,Kennen,,Mel,Draven,Nidalee,Anivia,Jhin,Zoe
3585,16.4,NA1_5499530803,0,,Red,0,Draven,Nidalee,Anivia,Jhin,Zoe,Yasuo,Ezreal,Riven,Mel,Zaahen,Jayce,Ambessa,Neeko,Seraphine,Alistar
3586,16.3,NA1_5492907836,0,,Blue,1,Fiora,Kha'Zix,Ahri,Ezreal,Janna,Syndra,Zoe,Ambessa,Jayce,Talon,Vayne,Zyra,Viego,Ashe,Karma
3587,16.3,NA1_5492907836,1,,Red,0,Vayne,Zyra,Viego,Ashe,Karma,Neeko,Gwen,Bard,Sion,Rengar,Fiora,Kha'Zix,Ahri,Ezreal,Janna
3588,16.4,NA1_5501959630,1,,Blue,1,Gangplank,Xin Zhao,Aurelion Sol,Ashe,Seraphine,Shaco,Kha'Zix,Sion,Talon,Akshan,Kayle,Gwen,Nasus,Yunara,Mel
3589,16.4,NA1_5501959630,0,,Red,0,Kayle,Gwen,Nasus,Yunara,Mel,Akshan,Sivir,Hecarim,Draven,Rumble,Gangplank,Xin Zhao,Aurelion Sol,Ashe,Seraphine
3590,16.4,NA1_5499202781,1,,Blue,1,Gnar,Malphite,Taliyah,Jinx,Bard,Sona,LeBlanc,Aphelios,Zaahen,Kha'Zix,Ornn,Hecarim,Gragas,Kai'Sa,Rakan
3591,16.4,NA1_5499202781,0,,Red,0,Ornn,Hecarim,Gragas,Kai'Sa,Rakan,Gwen,Diana,Twitch,Bel'Veth,Viktor,Gnar,Malphite,Taliyah,Jinx,Bard
3592,16.4,NA1_5496133596,0,,Blue,1,Fiora,Nidalee,Vex,Jinx,Nautilus,Nunu & Willump,Riven,Jayce,Draven,Pyke,Wukong,Naafiri,Lux,Miss Fortune,Leona
3593,16.4,NA1_5496133596,1,,Red,0,Wukong,Naafiri,Lux,Miss Fortune,Leona,Gwen,Akshan,Lulu,Jax,Nami,Fiora,Nidalee,Vex,Jinx,Nautilus
3594,16.4,NA1_5501626070,1,,Blue,1,Camille,Sejuani,Anivia,Irelia,Soraka,Jinx,Master Yi,Leona,Jax,Ahri,Fiora,Talon,Orianna,Zeri,Yuumi
3595,16.4,NA1_5501626070,0,,Red,0,Fiora,Talon,Orianna,Zeri,Yuumi,Ambessa,Graves,Akali,Zac,Draven,Camille,Sejuani,Anivia,Irelia,Soraka
3596,16.4,NA1_5501138823,0,,Blue,1,Sion,Talon,Galio,Jhin,Nautilus,Riven,Ambessa,Master Yi,Lee Sin,Rengar,Zaahen,Hecarim,Katarina,Mel,Zilean
3597,16.4,NA1_5501138823,1,,Red,0,Zaahen,Hecarim,Katarina,Mel,Zilean,Ezreal,Sona,Anivia,Akali,Yasuo,Sion,Talon,Galio,Jhin,Nautilus
3598,16.4,NA1_5497963256,0,,Blue,1,Jax,Rek'Sai,Yone,Hwei,Nidalee,Sona,Graves,Akshan,Sivir,Jayce,Garen,Kindred,Twisted Fate,Corki,Nami
3599,16.4,NA1_5497963256,1,,Red,0,Garen,Kindred,Twisted Fate,Corki,Nami,Syndra,Riven,Pyke,Kennen,Azir,Jax,Rek'Sai,Yone,Hwei,Nidalee
3600,16.4,NA1_5501391654,0,,Blue,1,Sion,Udyr,Zed,Varus,Trundle,Master Yi,Draven,Kindred,Ambessa,Karma,Mordekaiser,Zaahen,Akali,Corki,Leona
3601,16.4,NA1_5501391654,1,,Red,0,Mordekaiser,Zaahen,Akali,Corki,Leona,Riven,Kha'Zix,Rengar,Morgana,Talon,Sion,Udyr,Zed,Varus,Trundle
3602,16.3,NA1_5493564310,1,,Blue,1,Ashe,Lee Sin,Rumble,Jinx,Janna,Naafiri,Zoe,Nautilus,Ambessa,Jax,Gwen,Rengar,Xerath,Kai'Sa,Neeko
3603,16.3,NA1_5493564310,0,,Red,0,Gwen,Rengar,Xerath,Kai'Sa,Neeko,Yasuo,Diana,Qiyana,Akali,Riven,Ashe,Lee Sin,Rumble,Jinx,Janna
3604,16.4,NA1_5501157242,1,,Blue,1,Sejuani,Wukong,Morgana,Zeri,Braum,Rengar,Sona,Talon,Naafiri,Jayce,Dr. Mundo,Camille,Ekko,Mel,Senna
3605,16.4,NA1_5501157242,0,,Red,0,Dr. Mundo,Camille,Ekko,Mel,Senna,Akali,Ezreal,Poppy,Zac,Azir,Sejuani,Wukong,Morgana,Zeri,Braum
3606,16.4,NA1_5500398310,1,,Blue,1,Vayne,Gragas,Viktor,Yunara,Lulu,Fiddlesticks,Heimerdinger,Garen,Poppy,Akshan,Urgot,Xin Zhao,Orianna,Xayah,Rakan
3607,16.4,NA1_5500398310,0,,Red,0,Urgot,Xin Zhao,Orianna,Xayah,Rakan,Blitzcrank,Fiora,Rengar,Graves,Lux,Vayne,Gragas,Viktor,Yunara,Lulu
3608,16.3,NA1_5493107904,0,,Blue,1,Singed,Kindred,Zed,Smolder,Soraka,Ambessa,Neeko,Rengar,Draven,Zaahen,Fiora,Zyra,Ryze,Aphelios,Pyke
3609,16.3,NA1_5493107904,1,,Red,0,Fiora,Zyra,Ryze,Aphelios,Pyke,Gwen,Draven,Akshan,Nami,Master Yi,Singed,Kindred,Zed,Smolder,Soraka
3610,16.4,NA1_5496274836,1,,Blue,1,Aurora,Kindred,Tryndamere,Yunara,Bard,Sona,Draven,Riven,Jayce,Malphite,Teemo,Darius,Zoe,Jinx,Anivia
3611,16.4,NA1_5496274836,0,,Red,0,Teemo,Darius,Zoe,Jinx,Anivia,Ezreal,Urgot,Riven,Kha'Zix,Rengar,Aurora,Kindred,Tryndamere,Yunara,Bard
3612,16.4,NA1_5500853929,0,,Blue,1,Jayce,Zed,Akali,Ahri,Neeko,Malphite,LeBlanc,Ambessa,Bel'Veth,Bard,Yone,Graves,Nasus,Ziggs,Nidalee
3613,16.4,NA1_5500853929,1,,Red,0,Yone,Graves,Nasus,Ziggs,Nidalee,Kindred,Ambessa,Sona,Caitlyn,,Jayce,Zed,Akali,Ahri,Neeko
3614,16.4,NA1_5501049962,1,,Blue,1,Aatrox,Fizz,Zoe,Ezreal,Bard,Sona,Dr. Mundo,Zed,Udyr,Ekko,Draven,Elise,Talon,Mel,Zilean
3615,16.4,NA1_5501049962,0,,Red,0,Draven,Elise,Talon,Mel,Zilean,Graves,Shaco,Nami,Ahri,Malphite,Aatrox,Fizz,Zoe,Ezreal,Bard
3616,16.4,NA1_5499247704,1,,Blue,1,Rumble,Diana,Corki,Ashe,Kennen,Akshan,Vladimir,Graves,Riven,Gangplank,Jayce,Elise,Ambessa,Lux,Neeko
3617,16.4,NA1_5499247704,0,,Red,0,Jayce,Elise,Ambessa,Lux,Neeko,Mel,Riven,Graves,Pyke,LeBlanc,Rumble,Diana,Corki,Ashe,Kennen
3618,16.3,NA1_5495023777,1,,Blue,1,Irelia,Jayce,Xerath,Lux,Neeko,Zac,Evelynn,Bard,Akali,Ezreal,Camille,Gwen,Yone,Corki,Anivia
3619,16.3,NA1_5495023777,0,,Red,0,Camille,Gwen,Yone,Corki,Anivia,Yasuo,Syndra,Riven,Tryndamere,Nunu & Willump,Irelia,Jayce,Xerath,Lux,Neeko
3620,16.4,NA1_5501344622,1,,Blue,1,Sion,Zyra,Akshan,Jhin,Leona,Yasuo,Ambessa,Nunu & Willump,Rengar,Kha'Zix,Fiora,Rek'Sai,Viktor,Corki,Seraphine
3621,16.4,NA1_5501344622,0,,Red,0,Fiora,Rek'Sai,Viktor,Corki,Seraphine,Mel,Malphite,Zilean,Volibear,Fiddlesticks,Sion,Zyra,Akshan,Jhin,Leona
3622,16.4,NA1_5499683825,0,,Blue,1,Vayne,Karthus,Zoe,Xayah,Nasus,Nilah,Malphite,Lux,Riven,Zaahen,Akali,Naafiri,Ryze,Aphelios,Rakan
3623,16.4,NA1_5499683825,1,,Red,0,Akali,Naafiri,Ryze,Aphelios,Rakan,Mel,Graves,,Kha'Zix,Lux,Vayne,Karthus,Zoe,Xayah,Nasus
3624,16.3,NA1_5494571694,0,,Blue,1,Ambessa,Nocturne,Kayle,Swain,Pyke,Akshan,,Sona,Rengar,Sylas,Gnar,Nunu & Willump,Orianna,Jinx,Lulu
3625,16.3,NA1_5494571694,1,,Red,0,Gnar,Nunu & Willump,Orianna,Jinx,Lulu,Ziggs,Bel'Veth,Zed,Gwen,Riven,Ambessa,Nocturne,Kayle,Swain,Pyke
3626,16.3,NA1_5495294056,1,,Blue,1,Olaf,Wukong,Orianna,Xayah,Soraka,Gangplank,Rengar,Jax,Master Yi,Lux,Rumble,Vi,Galio,Caitlyn,Morgana
3627,16.3,NA1_5495294056,0,,Red,0,Rumble,Vi,Galio,Caitlyn,Morgana,Riven,Gwen,Pyke,Fiora,Ambessa,Olaf,Wukong,Orianna,Xayah,Soraka
3628,16.4,NA1_5498519518,0,,Blue,1,Darius,Zac,Lux,Ezreal,Sona,Mel,Pyke,Draven,Riven,Kindred,Jayce,Rengar,Aurora,Corki,Janna
3629,16.4,NA1_5498519518,1,,Red,0,Jayce,Rengar,Aurora,Corki,Janna,,Nautilus,,Urgot,Poppy,Darius,Zac,Lux,Ezreal,Sona
3630,16.3,NA1_5492979701,1,,Blue,1,Zaahen,Taric,Akali,Draven,Karma,Braum,Talon,LeBlanc,Vayne,Bel'Veth,Viego,Hecarim,Galio,Miss Fortune,Pantheon
3631,16.3,NA1_5492979701,0,,Red,0,Viego,Hecarim,Galio,Miss Fortune,Pantheon,Riven,Braum,Malphite,Rengar,Kha'Zix,Zaahen,Taric,Akali,Draven,Karma
3632,16.4,NA1_5499933156,1,,Blue,1,Dr. Mundo,Ivern,Ekko,Yunara,Rell,Nautilus,Fiora,Yasuo,Renekton,Talon,Zed,Ambessa,Vladimir,Ashe,Senna
3633,16.4,NA1_5499933156,0,,Red,0,Zed,Ambessa,Vladimir,Ashe,Senna,Nasus,Akshan,Talon,Syndra,Draven,Dr. Mundo,Ivern,Ekko,Yunara,Rell
3634,16.3,NA1_5493904773,1,,Blue,1,Aatrox,Kha'Zix,Anivia,Ashe,Nami,Shaco,,Lee Sin,Gwen,Rengar,Fizz,Talon,Hwei,Aphelios,Senna
3635,16.3,NA1_5493904773,0,,Red,0,Fizz,Talon,Hwei,Aphelios,Senna,Mel,Draven,Ambessa,Riven,Akshan,Aatrox,Kha'Zix,Anivia,Ashe,Nami
3636,16.3,NA1_5495091127,0,,Blue,1,Irelia,Taliyah,Zed,Yunara,Rell,Corki,Draven,Jax,Qiyana,Kha'Zix,Poppy,Vi,Viego,Kai'Sa,Nautilus
3637,16.3,NA1_5495091127,1,,Red,0,Poppy,Vi,Viego,Kai'Sa,Nautilus,Gwen,Ambessa,Draven,Pyke,Kennen,Irelia,Taliyah,Zed,Yunara,Rell
3638,16.4,NA1_5499155790,1,,Blue,1,Lee Sin,Ivern,Kassadin,Yunara,Nidalee,Renekton,Rengar,Zed,Poppy,Sona,Yorick,Zac,Syndra,Vladimir,Karma
3639,16.4,NA1_5499155790,0,,Red,0,Yorick,Zac,Syndra,Vladimir,Karma,Qiyana,Jayce,Riven,Yasuo,Fiddlesticks,Lee Sin,Ivern,Kassadin,Yunara,Nidalee
3640,16.4,NA1_5500451670,0,,Blue,1,Urgot,Diana,Yasuo,Ashe,Nautilus,Zaahen,Syndra,Fiora,Akali,Braum,Gnar,Hecarim,Zoe,Lucian,Poppy
3641,16.4,NA1_5500451670,1,,Red,0,Gnar,Hecarim,Zoe,Lucian,Poppy,Pyke,Riven,Kindred,LeBlanc,Anivia,Urgot,Diana,Yasuo,Ashe,Nautilus
3642,16.4,NA1_5497862324,0,,Blue,1,Varus,Gwen,Syndra,Senna,Karma,Brand,Sion,Kha'Zix,Braum,Fiddlesticks,Shen,Xin Zhao,Sylas,Miss Fortune,Nautilus
3643,16.4,NA1_5497862324,1,,Red,0,Shen,Xin Zhao,Sylas,Miss Fortune,Nautilus,Taliyah,Rengar,Yasuo,Qiyana,Tryndamere,Varus,Gwen,Syndra,Senna,Karma
3644,16.3,NA1_5493036953,1,,Blue,1,Zac,Kindred,Anivia,Caitlyn,Neeko,Shaco,Zilean,Sona,Varus,Rengar,Rumble,Nunu & Willump,Talon,Jinx,Lulu
3645,16.3,NA1_5493036953,0,,Red,0,Rumble,Nunu & Willump,Talon,Jinx,Lulu,Gwen,Kennen,Ambessa,Yuumi,Zoe,Zac,Kindred,Anivia,Caitlyn,Neeko
3646,16.4,NA1_5499160624,1,,Blue,1,Jayce,Xin Zhao,Veigar,Yunara,Braum,Kha'Zix,Seraphine,Rumble,LeBlanc,Aurora,Ambessa,Wukong,Sylas,Twitch,Nautilus
3647,16.4,NA1_5499160624,0,,Red,0,Ambessa,Wukong,Sylas,Twitch,Nautilus,Zoe,Yasuo,Azir,Gangplank,Bard,Jayce,Xin Zhao,Veigar,Yunara,Braum
3648,16.3,NA1_5494838831,0,,Blue,1,Aurora,Vi,Smolder,Lux,Twisted Fate,Ambessa,Rengar,,Riven,Syndra,Yasuo,Gwen,Galio,Caitlyn,Thresh
3649,16.3,NA1_5494838831,1,,Red,0,Yasuo,Gwen,Galio,Caitlyn,Thresh,Rengar,Jayce,Bard,Riven,Braum,Aurora,Vi,Smolder,Lux,Twisted Fate
3650,16.4,NA1_5500678265,1,,Blue,1,Sion,Vayne,Sylas,Varus,Blitzcrank,Twisted Fate,Nunu & Willump,Draven,Neeko,Kennen,Rek'Sai,Malphite,Vladimir,Jinx,Nami
3651,16.4,NA1_5500678265,0,,Red,0,Rek'Sai,Malphite,Vladimir,Jinx,Nami,Yasuo,,Akali,Nautilus,Jax,Sion,Vayne,Sylas,Varus,Blitzcrank
3652,16.3,NA1_5492996726,1,,Blue,1,Zaahen,Ambessa,Ahri,Draven,Nautilus,Nunu & Willump,Pyke,Rengar,,,Singed,Skarner,Taliyah,Corki,Alistar
3653,16.3,NA1_5492996726,0,,Red,0,Singed,Skarner,Taliyah,Corki,Alistar,Jayce,,Orianna,Rengar,Aphelios,Zaahen,Ambessa,Ahri,Draven,Nautilus
3654,16.3,NA1_5494957087,1,,Blue,1,Darius,Zac,Cassiopeia,Aphelios,Swain,Poppy,Sona,Janna,Varus,Draven,Sett,Sylas,Talon,Twitch,Thresh
3655,16.3,NA1_5494957087,0,,Red,0,Sett,Sylas,Talon,Twitch,Thresh,LeBlanc,Pyke,Riven,Taric,,Darius,Zac,Cassiopeia,Aphelios,Swain
3656,16.3,NA1_5494924337,0,,Blue,1,Ahri,Cho'Gath,Yasuo,Brand,Nautilus,Akali,Riven,,Sivir,Viego,Varus,Graves,Katarina,Lucian,Sona
3657,16.3,NA1_5494924337,1,,Red,0,Varus,Graves,Katarina,Lucian,Sona,Vladimir,Smolder,Yuumi,Jayce,Draven,Ahri,Cho'Gath,Yasuo,Brand,Nautilus
3658,16.4,NA1_5499196010,0,,Blue,1,Yorick,Hecarim,Syndra,Aphelios,Thresh,Rengar,Caitlyn,Kindred,Rumble,Akali,Ambessa,Talon,Orianna,Jinx,Nautilus
3659,16.4,NA1_5499196010,1,,Red,0,Ambessa,Talon,Orianna,Jinx,Nautilus,Kled,Varus,Akali,Ezreal,Bel'Veth,Yorick,Hecarim,Syndra,Aphelios,Thresh
3660,16.3,NA1_5494938686,0,,Blue,1,Sion,Ambessa,Cassiopeia,Draven,Rakan,,Bel'Veth,Braum,Gwen,Taliyah,Anivia,Talon,Galio,Yunara,Blitzcrank
3661,16.3,NA1_5494938686,1,,Red,0,Anivia,Talon,Galio,Yunara,Blitzcrank,Rengar,Braum,Twitch,Zoe,Jax,Sion,Ambessa,Cassiopeia,Draven,Rakan
3662,16.3,NA1_5495631549,0,,Blue,1,K'Sante,Jayce,Ryze,Lucian,Nami,Gwen,Pyke,Aurora,Rumble,Poppy,Vayne,Sylas,Viego,Ziggs,Nautilus
3663,16.3,NA1_5495631549,1,,Red,0,Vayne,Sylas,Viego,Ziggs,Nautilus,Gwen,,,Rengar,Riven,K'Sante,Jayce,Ryze,Lucian,Nami
3664,16.3,NA1_5494604830,0,,Blue,1,Sejuani,Kai'Sa,Orianna,Varus,Rakan,Riven,Rengar,Draven,Yasuo,Fiora,Jax,Ambessa,Syndra,Jinx,Lulu
3665,16.3,NA1_5494604830,1,,Red,0,Jax,Ambessa,Syndra,Jinx,Lulu,Janna,Gwen,Braum,Riven,Zed,Sejuani,Kai'Sa,Orianna,Varus,Rakan
3666,16.4,NA1_5496228455,0,,Blue,1,Volibear,Elise,Ahri,Lucian,Yuumi,Jax,Pyke,Nautilus,Talon,Samira,Malphite,Kayn,Hwei,Yunara,Lulu
3667,16.4,NA1_5496228455,1,,Red,0,Malphite,Kayn,Hwei,Yunara,Lulu,Yasuo,Jax,Varus,Gwen,Ambessa,Volibear,Elise,Ahri,Lucian,Yuumi
3668,16.3,NA1_5492513601,1,,Blue,1,Zaahen,Zac,Ziggs,Caitlyn,Pyke,Riven,Gwen,Kindred,Zoe,Ambessa,Dr. Mundo,Nocturne,Zed,Anivia,LeBlanc
3669,16.3,NA1_5492513601,0,,Red,0,Dr. Mundo,Nocturne,Zed,Anivia,LeBlanc,Kha'Zix,Yuumi,Yasuo,Syndra,Gwen,Zaahen,Zac,Ziggs,Caitlyn,Pyke
3670,16.4,NA1_5499603778,1,,Blue,1,Zac,Ambessa,Orianna,Yunara,Pyke,Fiora,Bel'Veth,Nami,Sona,Graves,Qiyana,Jayce,Ahri,Ziggs,Karma
3671,16.4,NA1_5499603778,0,,Red,0,Qiyana,Jayce,Ahri,Ziggs,Karma,Blitzcrank,Akali,Garen,Draven,,Zac,Ambessa,Orianna,Yunara,Pyke
3672,16.4,NA1_5499560496,1,,Blue,1,Jayce,Ambessa,Akali,Veigar,Bard,Bel'Veth,Lux,,Kennen,Zed,Renekton,Viego,Qiyana,Seraphine,Rell
3673,16.4,NA1_5499560496,0,,Red,0,Renekton,Viego,Qiyana,Seraphine,Rell,Graves,Riven,Mel,Jax,Braum,Jayce,Ambessa,Akali,Veigar,Bard
3674,16.4,NA1_5501225447,1,,Blue,1,Malphite,Kayn,Viktor,Ashe,Anivia,Draven,Kha'Zix,Thresh,Sylas,Zoe,Tahm Kench,Rumble,Katarina,Varus,Janna
3675,16.4,NA1_5501225447,0,,Red,0,Tahm Kench,Rumble,Katarina,Varus,Janna,Bel'Veth,Dr. Mundo,Ekko,Pyke,Ambessa,Malphite,Kayn,Viktor,Ashe,Anivia
3676,16.4,NA1_5495740062,1,,Blue,1,Nasus,Rumble,Jayce,Jhin,Senna,Draven,Ambessa,Brand,,Pyke,Zaahen,Ekko,Kayle,Zeri,Sona
3677,16.4,NA1_5495740062,0,,Red,0,Zaahen,Ekko,Kayle,Zeri,Sona,Rengar,Rell,,Orianna,Jax,Nasus,Rumble,Jayce,Jhin,Senna
3678,16.4,NA1_5502530459,0,,Blue,1,Garen,Lee Sin,Ryze,Ashe,Bard,Hecarim,Zoe,Rumble,Riven,Zaahen,Camille,Rek'Sai,Azir,Smolder,Karma
3679,16.4,NA1_5502530459,1,,Red,0,Camille,Rek'Sai,Azir,Smolder,Karma,Kha'Zix,Urgot,Graves,Pyke,Rengar,Garen,Lee Sin,Ryze,Ashe,Bard
3680,16.3,NA1_5492228317,1,,Blue,1,Jayce,Udyr,Cho'Gath,Xayah,Nami,Ahri,Riven,,Kindred,Gwen,Urgot,Rengar,Aurora,Kai'Sa,Neeko
3681,16.3,NA1_5492228317,0,,Red,0,Urgot,Rengar,Aurora,Kai'Sa,Neeko,Mel,Draven,Riven,Zilean,Vayne,Jayce,Udyr,Cho'Gath,Xayah,Nami
3682,16.4,NA1_5502580611,1,,Blue,1,Kog'Maw,Hecarim,Morgana,Jhin,Karma,Naafiri,Rengar,Aatrox,Pyke,Talon,Irelia,Shaco,Gragas,Lucian,Pantheon
3683,16.4,NA1_5502580611,0,,Red,0,Irelia,Shaco,Gragas,Lucian,Pantheon,Ambessa,Lulu,Malphite,Ahri,Zoe,Kog'Maw,Hecarim,Morgana,Jhin,Karma
3684,16.3,NA1_5493676410,1,,Blue,1,Tryndamere,Xin Zhao,Azir,Xayah,Leona,Bel'Veth,Nilah,Morgana,LeBlanc,Akali,Kennen,Shyvana,Kassadin,Caitlyn,Zoe
3685,16.3,NA1_5493676410,0,,Red,0,Kennen,Shyvana,Kassadin,Caitlyn,Zoe,Soraka,Naafiri,Akshan,Kha'Zix,Ambessa,Tryndamere,Xin Zhao,Azir,Xayah,Leona
3686,16.3,NA1_5492085297,1,,Blue,1,Nasus,Hecarim,Orianna,Ezreal,Anivia,Syndra,Ambessa,Shaco,Karma,Kha'Zix,Kennen,Xin Zhao,Yasuo,Mel,Rakan
3687,16.3,NA1_5492085297,0,,Red,0,Kennen,Xin Zhao,Yasuo,Mel,Rakan,Akali,Ambessa,Graves,Riven,Tristana,Nasus,Hecarim,Orianna,Ezreal,Anivia
3688,16.4,NA1_5496252228,1,,Blue,1,Graves,Vi,Ahri,Caitlyn,Rakan,Pantheon,Pyke,,Draven,Riven,Vayne,Hecarim,Zoe,Yunara,Nautilus
3689,16.4,NA1_5496252228,0,,Red,0,Vayne,Hecarim,Zoe,Yunara,Nautilus,Karma,Jayce,Draven,Zed,Rengar,Graves,Vi,Ahri,Caitlyn,Rakan
3690,16.4,NA1_5500415339,0,,Blue,1,Sett,Lee Sin,Aatrox,Mel,Soraka,Azir,Blitzcrank,Sivir,Teemo,Jayce,Qiyana,Elise,Sion,Yunara,Nami
3691,16.4,NA1_5500415339,1,,Red,0,Qiyana,Elise,Sion,Yunara,Nami,Caitlyn,Jayce,Draven,Ambessa,Rengar,Sett,Lee Sin,Aatrox,Mel,Soraka
3692,16.3,NA1_5495007673,0,,Blue,1,Brand,Amumu,Twisted Fate,Ezreal,Pyke,Kindred,Dr. Mundo,Gwen,Bard,Zed,Urgot,Shaco,Yasuo,Kai'Sa,Nautilus
3693,16.3,NA1_5495007673,1,,Red,0,Urgot,Shaco,Yasuo,Kai'Sa,Nautilus,Akali,Rengar,Fiora,Talon,Braum,Brand,Amumu,Twisted Fate,Ezreal,Pyke
3694,16.4,NA1_5499937745,1,,Blue,1,Graves,Ivern,Yasuo,Caitlyn,Nautilus,Aurora,Kha'Zix,Vex,Lucian,Nunu & Willump,Ambessa,Aatrox,Azir,Hwei,Senna
3695,16.4,NA1_5499937745,0,,Red,0,Ambessa,Aatrox,Azir,Hwei,Senna,Riven,Mel,Jayce,Zoe,Rengar,Graves,Ivern,Yasuo,Caitlyn,Nautilus
3696,16.3,NA1_5494867692,1,,Blue,1,Renekton,Ekko,Pantheon,Seraphine,Mel,Ivern,Ambessa,Yasuo,Sivir,Rengar,Urgot,Graves,Sylas,Jhin,Rell
3697,16.3,NA1_5494867692,0,,Red,0,Urgot,Graves,Sylas,Jhin,Rell,,Jayce,Senna,Rumble,,Renekton,Ekko,Pantheon,Seraphine,Mel
3698,16.4,NA1_5497104913,1,,Blue,1,Darius,Ambessa,Taliyah,Lucian,Alistar,Rek'Sai,Poppy,Akshan,Azir,Ezreal,Irelia,Volibear,Katarina,Samira,Nautilus
3699,16.4,NA1_5497104913,0,,Red,0,Irelia,Volibear,Katarina,Samira,Nautilus,Xerath,Graves,Vladimir,Jax,Gwen,Darius,Ambessa,Taliyah,Lucian,Alistar
3700,16.3,NA1_5492074056,1,,Blue,1,Nocturne,Dr. Mundo,Ziggs,Ezreal,Maokai,Caitlyn,Fiora,Gwen,Karma,Ambessa,Singed,Zaahen,Zed,Kai'Sa,Anivia
3701,16.3,NA1_5492074056,0,,Red,0,Singed,Zaahen,Zed,Kai'Sa,Anivia,Draven,Caitlyn,Urgot,Viego,Graves,Nocturne,Dr. Mundo,Ziggs,Ezreal,Maokai
3702,16.4,NA1_5498905708,0,,Blue,1,Rumble,Pantheon,Sylas,Yunara,Karma,Neeko,Riven,Ambessa,Gwen,,Ornn,Kindred,Anivia,Ezreal,Zilean
3703,16.4,NA1_5498905708,1,,Red,0,Ornn,Kindred,Anivia,Ezreal,Zilean,Caitlyn,Pyke,Ambessa,Yasuo,Kha'Zix,Rumble,Pantheon,Sylas,Yunara,Karma
3704,16.4,NA1_5498123417,0,,Blue,1,Urgot,Lee Sin,Pantheon,Xayah,Nami,Fiora,Nunu & Willump,Bard,Nautilus,Ahri,Ambessa,Xin Zhao,Aurora,Draven,Blitzcrank
3705,16.4,NA1_5498123417,1,,Red,0,Ambessa,Xin Zhao,Aurora,Draven,Blitzcrank,Mel,Kha'Zix,Viktor,Akali,Karma,Urgot,Lee Sin,Pantheon,Xayah,Nami
3706,16.4,NA1_5496221372,1,,Blue,1,Garen,Naafiri,Lissandra,Hwei,Seraphine,Kha'Zix,K'Sante,Yone,Darius,Rengar,Kennen,Vi,LeBlanc,Sivir,Pyke
3707,16.4,NA1_5496221372,0,,Red,0,Kennen,Vi,LeBlanc,Sivir,Pyke,Syndra,Jayce,Talon,,Ambessa,Garen,Naafiri,Lissandra,Hwei,Seraphine
3708,16.4,NA1_5500810978,0,,Blue,1,Zaahen,Talon,Annie,Corki,Karma,Draven,Lee Sin,Qiyana,Rengar,Akali,Cho'Gath,Ambessa,Mel,Caitlyn,Lux
3709,16.4,NA1_5500810978,1,,Red,0,Cho'Gath,Ambessa,Mel,Caitlyn,Lux,Pyke,Aurora,Jayce,Rengar,Fiora,Zaahen,Talon,Annie,Corki,Karma
3710,16.4,NA1_5497491133,0,,Blue,1,Renekton,Xin Zhao,Syndra,Kog'Maw,Nami,Sona,Pyke,Kennen,Malphite,Orianna,Shen,Rek'Sai,Viktor,Kai'Sa,Alistar
3711,16.4,NA1_5497491133,1,,Red,0,Shen,Rek'Sai,Viktor,Kai'Sa,Alistar,Ambessa,Shaco,Udyr,Karma,Vladimir,Renekton,Xin Zhao,Syndra,Kog'Maw,Nami
3712,16.4,NA1_5501993202,0,,Blue,1,Kayle,Ambessa,Corki,Mel,Milio,Jax,Kha'Zix,Sivir,Syndra,Shaco,Aurora,Graves,Sion,Varus,Amumu
3713,16.4,NA1_5501993202,1,,Red,0,Aurora,Graves,Sion,Varus,Amumu,Rumble,,Jayce,Draven,Kha'Zix,Kayle,Ambessa,Corki,Mel,Milio
3714,16.4,NA1_5502520932,0,,Blue,1,Shen,Nocturne,Anivia,Corki,Nami,,Kha'Zix,Draven,Kassadin,Tryndamere,Darius,Diana,Zoe,Lucian,Senna
3715,16.4,NA1_5502520932,1,,Red,0,Darius,Diana,Zoe,Lucian,Senna,Zed,,Caitlyn,Jayce,Sona,Shen,Nocturne,Anivia,Corki,Nami
3716,16.4,NA1_5500907848,1,,Blue,1,Tryndamere,Graves,Annie,Mel,Neeko,,,Rengar,Ambessa,Zed,Aatrox,Jayce,Viktor,Ashe,Bard
3717,16.4,NA1_5500907848,0,,Red,0,Aatrox,Jayce,Viktor,Ashe,Bard,Akali,,LeBlanc,Irelia,Draven,Tryndamere,Graves,Annie,Mel,Neeko
3718,16.4,NA1_5496806728,1,,Blue,1,Tryndamere,Kha'Zix,Fizz,Kai'Sa,Brand,Ambessa,Pyke,Nilah,Naafiri,Sylas,Riven,Shaco,Jayce,Ziggs,Alistar
3719,16.4,NA1_5496806728,0,,Red,0,Riven,Shaco,Jayce,Ziggs,Alistar,Nidalee,Garen,Sylas,Yasuo,,Tryndamere,Kha'Zix,Fizz,Kai'Sa,Brand
3720,16.3,NA1_5493650900,0,,Blue,1,Gangplank,Elise,Veigar,Lucian,Swain,Karma,Rengar,Jayce,Nilah,Yasuo,Dr. Mundo,Diana,Akali,Corki,Alistar
3721,16.3,NA1_5493650900,1,,Red,0,Dr. Mundo,Diana,Akali,Corki,Alistar,Draven,Akshan,Ezreal,Ambessa,Bel'Veth,Gangplank,Elise,Veigar,Lucian,Swain
3722,16.4,NA1_5502008253,1,,Blue,1,Gnar,Ambessa,Xerath,Aphelios,Blitzcrank,Draven,Braum,,Akali,Poppy,Fiora,Dr. Mundo,Yone,Aurelion Sol,Fiddlesticks
3723,16.4,NA1_5502008253,0,,Red,0,Fiora,Dr. Mundo,Yone,Aurelion Sol,Fiddlesticks,Ezreal,Milio,Zac,Yasuo,Vayne,Gnar,Ambessa,Xerath,Aphelios,Blitzcrank
3724,16.4,NA1_5501061275,1,,Blue,1,Kennen,Gragas,Naafiri,Ezreal,Swain,Karma,Poppy,Ambessa,Rengar,Irelia,Jayce,Diana,Syndra,Yunara,Lulu
3725,16.4,NA1_5501061275,0,,Red,0,Jayce,Diana,Syndra,Yunara,Lulu,Rengar,Nunu & Willump,Caitlyn,Qiyana,Zed,Kennen,Gragas,Naafiri,Ezreal,Swain
3726,16.3,NA1_5494414792,1,,Blue,1,Irelia,Master Yi,Ryze,Zilean,Elise,Ezreal,Rengar,Volibear,,Gwen,Kled,Kha'Zix,Syndra,Kai'Sa,Seraphine
3727,16.3,NA1_5494414792,0,,Red,0,Kled,Kha'Zix,Syndra,Kai'Sa,Seraphine,Sona,Nunu & Willump,Qiyana,Varus,Vayne,Irelia,Master Yi,Ryze,Zilean,Elise
3728,16.4,NA1_5499152013,1,,Blue,1,Fiora,Graves,Orianna,Swain,Zilean,Nasus,Malphite,Leona,Tristana,Jayce,Vayne,Master Yi,Ahri,Mel,Senna
3729,16.4,NA1_5499152013,0,,Red,0,Vayne,Master Yi,Ahri,Mel,Senna,Irelia,Kha'Zix,Zaahen,Sivir,Pyke,Fiora,Graves,Orianna,Swain,Zilean
3730,16.3,NA1_5493539157,0,,Blue,1,Ambessa,Viego,Ivern,Lucian,Braum,Tristana,Ryze,Darius,Akshan,Draven,Varus,Diana,Veigar,Corki,Poppy
3731,16.3,NA1_5493539157,1,,Red,0,Varus,Diana,Veigar,Corki,Poppy,Jayce,Riven,Zed,Zoe,Malphite,Ambessa,Viego,Ivern,Lucian,Braum
3732,16.4,NA1_5502243622,1,,Blue,1,Volibear,Talon,Yasuo,Miss Fortune,Rell,Riven,Jax,Kha'Zix,Pyke,Aurora,Fiora,Udyr,Ryze,Seraphine,Brand
3733,16.4,NA1_5502243622,0,,Red,0,Fiora,Udyr,Ryze,Seraphine,Brand,Ambessa,Vladimir,Jayce,Neeko,Leona,Volibear,Talon,Yasuo,Miss Fortune,Rell
3734,16.4,NA1_5502280293,0,,Blue,1,Nasus,Jayce,Draven,Mel,Thresh,Sivir,Rengar,Aatrox,Nami,Braum,Yone,Fiddlesticks,LeBlanc,Samira,Nautilus
3735,16.4,NA1_5502280293,1,,Red,0,Yone,Fiddlesticks,LeBlanc,Samira,Nautilus,Naafiri,K'Sante,Braum,Ambessa,Pyke,Nasus,Jayce,Draven,Mel,Thresh
3736,16.4,NA1_5501529355,0,,Blue,1,Ekko,Kha'Zix,Orianna,Xayah,Milio,Pyke,Zed,Yunara,Akali,Ambessa,Nasus,Viego,Ahri,Draven,Karma
3737,16.4,NA1_5501529355,1,,Red,0,Nasus,Viego,Ahri,Draven,Karma,Graves,Ambessa,Pyke,Yasuo,Ezreal,Ekko,Kha'Zix,Orianna,Xayah,Milio
3738,16.3,NA1_5494431840,0,,Blue,1,Riven,Lee Sin,Ryze,Jhin,Neeko,Zed,Draven,Poppy,Jayce,Rumble,Irelia,Graves,Syndra,Ezreal,Bard
3739,16.3,NA1_5494431840,1,,Red,0,Irelia,Graves,Syndra,Ezreal,Bard,Zed,Jayce,Jax,Pyke,Rengar,Riven,Lee Sin,Ryze,Jhin,Neeko
3740,16.3,NA1_5494946320,1,,Blue,1,Mordekaiser,Lee Sin,Veigar,Jinx,Braum,Draven,Zac,Katarina,Karthus,Darius,Cho'Gath,Talon,Galio,Yunara,Taric
3741,16.3,NA1_5494946320,0,,Red,0,Cho'Gath,Talon,Galio,Yunara,Taric,Aatrox,Pyke,Xerath,Rengar,Zoe,Mordekaiser,Lee Sin,Veigar,Jinx,Braum
3742,16.4,NA1_5499700830,1,,Blue,1,Vayne,Lee Sin,Katarina,Vladimir,Karma,Pyke,Fiddlesticks,Singed,Riven,Rengar,Ambessa,Xin Zhao,Zoe,Caitlyn,Sona
3743,16.4,NA1_5499700830,0,,Red,0,Ambessa,Xin Zhao,Zoe,Caitlyn,Sona,Jayce,Zaahen,Bel'Veth,Sylas,Riven,Vayne,Lee Sin,Katarina,Vladimir,Karma
3744,16.4,NA1_5499002034,1,,Blue,1,Garen,Lee Sin,Zoe,Irelia,Sona,Jax,Zaahen,Nasus,Ambessa,Riven,Jayce,Hecarim,Master Yi,Heimerdinger,Nami
3745,16.4,NA1_5499002034,0,,Red,0,Jayce,Hecarim,Master Yi,Heimerdinger,Nami,Rell,Qiyana,Blitzcrank,Xin Zhao,Smolder,Garen,Lee Sin,Zoe,Irelia,Sona
3746,16.3,NA1_5495081960,0,,Blue,1,Akali,Bel'Veth,Irelia,Jinx,Lulu,Twitch,Jax,Zac,Gwen,Fiddlesticks,Malphite,Kindred,Azir,Ezreal,Karma
3747,16.3,NA1_5495081960,1,,Red,0,Malphite,Kindred,Azir,Ezreal,Karma,Ryze,Rengar,Sona,Zilean,Zoe,Akali,Bel'Veth,Irelia,Jinx,Lulu
3748,16.4,NA1_5501775848,1,,Blue,1,Gnar,Kha'Zix,Kassadin,Karthus,Senna,Poppy,Sivir,Zed,Sona,Ambessa,Ornn,Zaahen,Galio,Jinx,Lulu
3749,16.4,NA1_5501775848,0,,Red,0,Ornn,Zaahen,Galio,Jinx,Lulu,Pyke,Nunu & Willump,Draven,Yasuo,Talon,Gnar,Kha'Zix,Kassadin,Karthus,Senna
3750,16.3,NA1_5494010875,1,,Blue,1,Urgot,Kindred,Twisted Fate,Yunara,Rakan,,Twitch,Fiora,,Vladimir,Jax,Zac,Tryndamere,Karthus,Alistar
3751,16.3,NA1_5494010875,0,,Red,0,Jax,Zac,Tryndamere,Karthus,Alistar,Nunu & Willump,Sivir,Poppy,Pyke,Riven,Urgot,Kindred,Twisted Fate,Yunara,Rakan
3752,16.4,NA1_5497070692,1,,Blue,1,Renekton,Kha'Zix,Ryze,Lux,Blitzcrank,Aurora,Sivir,Swain,Yuumi,Kennen,Shen,Naafiri,Hwei,Jinx,Milio
3753,16.4,NA1_5497070692,0,,Red,0,Shen,Naafiri,Hwei,Jinx,Milio,Sona,Pyke,Malphite,Akshan,Anivia,Renekton,Kha'Zix,Ryze,Lux,Blitzcrank
3754,16.4,NA1_5498218107,1,,Blue,1,Kayle,Gwen,Sion,Xayah,Rakan,Zed,Bard,Lux,Rengar,Ambessa,Singed,Viego,Annie,Tahm Kench,Senna
3755,16.4,NA1_5498218107,0,,Red,0,Singed,Viego,Annie,Tahm Kench,Senna,Syndra,Riven,Jayce,Nautilus,Poppy,Kayle,Gwen,Sion,Xayah,Rakan
3756,16.4,NA1_5499206081,1,,Blue,1,Gangplank,Ambessa,Mel,Ashe,Rell,Poppy,Draven,Jayce,Sion,Kassadin,Renekton,Zed,Diana,Twitch,Nautilus
3757,16.4,NA1_5499206081,0,,Red,0,Renekton,Zed,Diana,Twitch,Nautilus,Yasuo,Braum,Akshan,Gwen,Akali,Gangplank,Ambessa,Mel,Ashe,Rell
3758,16.4,NA1_5499196172,1,,Blue,1,Rumble,Jarvan IV,Riven,Kog'Maw,Lulu,Pyke,,Lux,Syndra,Rengar,Jayce,Naafiri,Anivia,Yunara,Nami
3759,16.4,NA1_5499196172,0,,Red,0,Jayce,Naafiri,Anivia,Yunara,Nami,Taliyah,Graves,Kindred,Draven,Teemo,Rumble,Jarvan IV,Riven,Kog'Maw,Lulu
3760,16.4,NA1_5497609067,0,,Blue,1,Zaahen,Jayce,Anivia,Sivir,Zyra,Karthus,Shaco,Darius,Karma,Akshan,Aatrox,Graves,Gragas,Corki,Pantheon
3761,16.4,NA1_5497609067,1,,Red,0,Aatrox,Graves,Gragas,Corki,Pantheon,Orianna,Rumble,Kennen,Kha'Zix,Pyke,Zaahen,Jayce,Anivia,Sivir,Zyra
3762,16.3,NA1_5494467313,1,,Blue,1,Singed,Master Yi,Xerath,Corki,Morgana,Braum,Kha'Zix,,Ambessa,Kayle,Fiora,Qiyana,Ryze,Yunara,Nautilus
3763,16.3,NA1_5494467313,0,,Red,0,Fiora,Qiyana,Ryze,Yunara,Nautilus,Jax,Draven,Azir,Lucian,Kassadin,Singed,Master Yi,Xerath,Corki,Morgana
3764,16.4,NA1_5501455033,1,,Blue,1,Singed,Talon,Nasus,Brand,Alistar,Kayle,Hecarim,Anivia,Ambessa,Aphelios,Shaco,Udyr,Aurelion Sol,Ezreal,LeBlanc
3765,16.4,NA1_5501455033,0,,Red,0,Shaco,Udyr,Aurelion Sol,Ezreal,LeBlanc,Lee Sin,Gangplank,Pyke,Master Yi,Draven,Singed,Talon,Nasus,Brand,Alistar
3766,16.4,NA1_5500372350,0,,Blue,1,Gnar,Zyra,Zed,Mel,Zilean,Pyke,Zoe,Fiora,Qiyana,Rengar,Rumble,Jayce,Ekko,Jinx,Karma
3767,16.4,NA1_5500372350,1,,Red,0,Rumble,Jayce,Ekko,Jinx,Karma,Zaahen,Bel'Veth,Naafiri,Aurora,Shaco,Gnar,Zyra,Zed,Mel,Zilean
3768,16.4,NA1_5496267390,1,,Blue,1,Irelia,Nidalee,Urgot,Mel,Sona,Ambessa,Nunu & Willump,Azir,Rumble,Rengar,Aurora,Graves,Yone,Yunara,Senna
3769,16.4,NA1_5496267390,0,,Red,0,Aurora,Graves,Yone,Yunara,Senna,Riven,Nunu & Willump,Rengar,Ambessa,Kindred,Irelia,Nidalee,Urgot,Mel,Sona
3770,16.4,NA1_5500717246,1,,Blue,1,Tryndamere,Kha'Zix,Ahri,Draven,Neeko,Pyke,Nasus,Braum,Ambessa,Zoe,Jax,Qiyana,Ryze,Kog'Maw,Rell
3771,16.4,NA1_5500717246,0,,Red,0,Jax,Qiyana,Ryze,Kog'Maw,Rell,Karma,Sona,Talon,Fiddlesticks,Fiora,Tryndamere,Kha'Zix,Ahri,Draven,Neeko
3772,16.4,NA1_5499420574,1,,Blue,1,Aatrox,Kha'Zix,Gwen,Senna,Blitzcrank,Rumble,Draven,Bel'Veth,Nunu & Willump,Ambessa,Urgot,Vi,Sylas,Corki,Nautilus
3773,16.4,NA1_5499420574,0,,Red,0,Urgot,Vi,Sylas,Corki,Nautilus,Riven,Zac,Mel,Rengar,Pyke,Aatrox,Kha'Zix,Gwen,Senna,Blitzcrank
3774,16.4,NA1_5500619166,0,,Blue,1,Dr. Mundo,Nidalee,Vayne,Ezreal,Blitzcrank,,Kai'Sa,Ambessa,Anivia,,Briar,Lee Sin,Kassadin,Jhin,Nautilus
3775,16.4,NA1_5500619166,1,,Red,0,Briar,Lee Sin,Kassadin,Jhin,Nautilus,Akali,Rek'Sai,Bard,Ambessa,Jax,Dr. Mundo,Nidalee,Vayne,Ezreal,Blitzcrank
3776,16.4,NA1_5499464272,1,,Blue,1,Riven,Jayce,Shen,Aphelios,Thresh,Irelia,Ambessa,Bel'Veth,Caitlyn,Yasuo,Varus,Cho'Gath,Lissandra,Jhin,Karma
3777,16.4,NA1_5499464272,0,,Red,0,Varus,Cho'Gath,Lissandra,Jhin,Karma,Akshan,,Kha'Zix,Ambessa,Ahri,Riven,Jayce,Shen,Aphelios,Thresh
3778,16.4,NA1_5502466310,0,,Blue,1,Camille,Jarvan IV,Ryze,Kai'Sa,Lulu,Ambessa,Jax,Aurora,Riven,Akshan,Vayne,Maokai,Yone,Yasuo,Nautilus
3779,16.4,NA1_5502466310,1,,Red,0,Vayne,Maokai,Yone,Yasuo,Nautilus,Azir,Aurora,Taliyah,Braum,Nilah,Camille,Jarvan IV,Ryze,Kai'Sa,Lulu
3780,16.4,NA1_5499980810,1,,Blue,1,Volibear,Talon,Galio,Caitlyn,Neeko,Rengar,Zoe,Gwen,Jax,Qiyana,Tryndamere,Graves,Vayne,Aurelion Sol,Bard
3781,16.4,NA1_5499980810,0,,Red,0,Tryndamere,Graves,Vayne,Aurelion Sol,Bard,,,Draven,Riven,Kennen,Volibear,Talon,Galio,Caitlyn,Neeko
3782,16.4,NA1_5499711901,0,,Blue,1,Zaahen,Lee Sin,Zoe,Caitlyn,Senna,Jayce,LeBlanc,Mel,Sylas,Kindred,Fiora,Zac,Orianna,Lucian,Nami
3783,16.4,NA1_5499711901,1,,Red,0,Fiora,Zac,Orianna,Lucian,Nami,Sona,Jayce,Ahri,Zed,Malphite,Zaahen,Lee Sin,Zoe,Caitlyn,Senna
3784,16.4,NA1_5502003978,1,,Blue,1,Camille,Brand,Ryze,Nilah,Senna,Anivia,Sivir,Varus,Jax,Rengar,Yorick,Zaahen,Hwei,Zeri,Yuumi
3785,16.4,NA1_5502003978,0,,Red,0,Yorick,Zaahen,Hwei,Zeri,Yuumi,Draven,Ekko,Ambessa,Zed,Renekton,Camille,Brand,Ryze,Nilah,Senna
3786,16.4,NA1_5495959149,1,,Blue,1,Jayce,Zaahen,Ryze,Seraphine,Nautilus,Gangplank,Yasuo,Rengar,Akali,Sivir,Cassiopeia,Lillia,Akshan,Ezreal,Blitzcrank
3787,16.4,NA1_5495959149,0,,Red,0,Cassiopeia,Lillia,Akshan,Ezreal,Blitzcrank,Zoe,,Gwen,Gangplank,Draven,Jayce,Zaahen,Ryze,Seraphine,Nautilus
3788,16.4,NA1_5497569107,1,,Blue,1,Kennen,Briar,Aurora,Yunara,Senna,Draven,Yasuo,Shaco,Hecarim,Teemo,Tryndamere,Kindred,Sylas,Aphelios,Veigar
3789,16.4,NA1_5497569107,0,,Red,0,Tryndamere,Kindred,Sylas,Aphelios,Veigar,Jax,Zed,Graves,Nautilus,Draven,Kennen,Briar,Aurora,Yunara,Senna
3790,16.4,NA1_5502075504,1,,Blue,1,Ornn,Xin Zhao,Taliyah,Miss Fortune,Pyke,Poppy,Zed,Draven,Yasuo,Rengar,Jayce,Jax,Vladimir,Xayah,Rakan
3791,16.4,NA1_5502075504,0,,Red,0,Jayce,Jax,Vladimir,Xayah,Rakan,Yorick,Shaco,Orianna,Rengar,Bard,Ornn,Xin Zhao,Taliyah,Miss Fortune,Pyke
3792,16.4,NA1_5501551968,0,,Blue,1,Ambessa,Kayn,Zed,Corki,Skarner,Kassadin,Renekton,Bel'Veth,Zaahen,Hecarim,Ahri,Diana,Yasuo,Kog'Maw,Thresh
3793,16.4,NA1_5501551968,1,,Red,0,Ahri,Diana,Yasuo,Kog'Maw,Thresh,Akali,Senna,Jayce,Bard,Graves,Ambessa,Kayn,Zed,Corki,Skarner
3794,16.4,NA1_5500051522,1,,Blue,1,Gwen,Xin Zhao,Syndra,Aphelios,Bard,Yasuo,Caitlyn,Jax,Riven,Ambessa,Yone,Dr. Mundo,Ahri,Yunara,Lulu
3795,16.4,NA1_5500051522,0,,Red,0,Yone,Dr. Mundo,Ahri,Yunara,Lulu,Master Yi,Shaco,Irelia,Akali,Riven,Gwen,Xin Zhao,Syndra,Aphelios,Bard
3796,16.4,NA1_5502491658,0,,Blue,1,Malphite,Rammus,Orianna,Zilean,Senna,Caitlyn,Rengar,Zoe,Ambessa,Jayce,Riven,Talon,Kennen,Yasuo,Janna
3797,16.4,NA1_5502491658,1,,Red,0,Riven,Talon,Kennen,Yasuo,Janna,Azir,Lee Sin,Nilah,Dr. Mundo,Pyke,Malphite,Rammus,Orianna,Zilean,Senna
3798,16.4,NA1_5501139714,0,,Blue,1,Azir,Camille,Ekko,Xayah,Bard,Akali,Poppy,Lux,Pyke,Jayce,Ambessa,Vi,Ahri,Kai'Sa,Jarvan IV
3799,16.4,NA1_5501139714,1,,Red,0,Ambessa,Vi,Ahri,Kai'Sa,Jarvan IV,Sona,,Ryze,Riven,Rengar,Azir,Camille,Ekko,Xayah,Bard
3800,16.4,NA1_5498210246,1,,Blue,1,Zaahen,Vayne,Vladimir,Vel'Koz,Nautilus,,Fiddlesticks,Jayce,Jax,Sona,Irelia,Lee Sin,Cho'Gath,Kai'Sa,Leona
3801,16.4,NA1_5498210246,0,,Red,0,Irelia,Lee Sin,Cho'Gath,Kai'Sa,Leona,Malphite,Nunu & Willump,Bel'Veth,Twitch,Braum,Zaahen,Vayne,Vladimir,Vel'Koz,Nautilus
3802,16.3,NA1_5495499726,1,,Blue,1,Gangplank,Gwen,Orianna,Twitch,Bard,,Riven,Yasuo,Pyke,Zed,Fiora,Nidalee,Mel,Miss Fortune,Soraka
3803,16.3,NA1_5495499726,0,,Red,0,Fiora,Nidalee,Mel,Miss Fortune,Soraka,Talon,Kennen,Jinx,Nunu & Willump,Sona,Gangplank,Gwen,Orianna,Twitch,Bard
3804,16.4,NA1_5500768701,1,,Blue,1,Zoe,Kindred,Aurora,Corki,Nami,Kha'Zix,Zed,Dr. Mundo,Jayce,LeBlanc,Graves,Fizz,Mel,Caitlyn,Xerath
3805,16.4,NA1_5500768701,0,,Red,0,Graves,Fizz,Mel,Caitlyn,Xerath,Riven,Miss Fortune,Rengar,Draven,Ambessa,Zoe,Kindred,Aurora,Corki,Nami
3806,16.3,NA1_5495070073,1,,Blue,1,Irelia,Bel'Veth,Akali,Kai'Sa,Rell,Poppy,Lucian,Zac,Fiddlesticks,Jax,Singed,Kindred,Zaahen,Aphelios,Thresh
3807,16.3,NA1_5495070073,0,,Red,0,Singed,Kindred,Zaahen,Aphelios,Thresh,Zyra,Ambessa,Poppy,Twitch,Gwen,Irelia,Bel'Veth,Akali,Kai'Sa,Rell
3808,16.4,NA1_5500021142,1,,Blue,1,Riven,Maokai,Caitlyn,Seraphine,Karma,Mel,Kha'Zix,Pyke,,Jax,Vayne,Jayce,Kassadin,Jhin,Neeko
3809,16.4,NA1_5500021142,0,,Red,0,Vayne,Jayce,Kassadin,Jhin,Neeko,Lux,Zed,Yasuo,Nunu & Willump,,Riven,Maokai,Caitlyn,Seraphine,Karma
3810,16.4,NA1_5498358438,0,,Blue,1,Nasus,Graves,Akali,Caitlyn,Neeko,Yasuo,Riven,Jayce,Sylas,Bel'Veth,Rek'Sai,Lee Sin,Ryze,Jhin,Karma
3811,16.4,NA1_5498358438,1,,Red,0,Rek'Sai,Lee Sin,Ryze,Jhin,Karma,Shaco,Urgot,Kha'Zix,Bel'Veth,Varus,Nasus,Graves,Akali,Caitlyn,Neeko
3812,16.3,NA1_5495235129,0,,Blue,1,Renekton,Zaahen,Ryze,Miss Fortune,Thresh,Graves,Kai'Sa,Yasuo,Sylas,Sivir,Anivia,Riven,Gragas,Twitch,Lulu
3813,16.3,NA1_5495235129,1,,Red,0,Anivia,Riven,Gragas,Twitch,Lulu,Yasuo,Karthus,Irelia,Xerath,Viego,Renekton,Zaahen,Ryze,Miss Fortune,Thresh
3814,16.4,NA1_5497932237,1,,Blue,1,Nasus,Rengar,Cho'Gath,Twitch,Rakan,Swain,Yasuo,Graves,Zoe,Ahri,Kennen,Trundle,Sion,Seraphine,Sona
3815,16.4,NA1_5497932237,0,,Red,0,Kennen,Trundle,Sion,Seraphine,Sona,Pyke,Kha'Zix,Ekko,Yorick,Sivir,Nasus,Rengar,Cho'Gath,Twitch,Rakan
3816,16.4,NA1_5502312082,0,,Blue,1,K'Sante,Graves,Kennen,Twitch,Sona,,Taric,Riven,Sylas,Poppy,Volibear,Gwen,Lucian,Jhin,Senna
3817,16.4,NA1_5502312082,1,,Red,0,Volibear,Gwen,Lucian,Jhin,Senna,Draven,Azir,Jax,Poppy,Pyke,K'Sante,Graves,Kennen,Twitch,Sona
3818,16.4,NA1_5498385035,0,,Blue,1,Jayce,Nunu & Willump,Lux,Lucian,Nami,Shaco,Graves,Bel'Veth,Ryze,Nasus,Cho'Gath,Ambessa,Zed,Tristana,Lulu
3819,16.4,NA1_5498385035,1,,Red,0,Cho'Gath,Ambessa,Zed,Tristana,Lulu,Pyke,Akali,Yasuo,Nasus,Gangplank,Jayce,Nunu & Willump,Lux,Lucian,Nami
3820,16.4,NA1_5501500966,1,,Blue,1,Kennen,Kindred,Veigar,Corki,Nautilus,Riven,Mel,Rengar,Yasuo,Ambessa,Zac,Graves,Sion,Yunara,Braum
3821,16.4,NA1_5501500966,0,,Red,0,Zac,Graves,Sion,Yunara,Braum,Jayce,,Caitlyn,Poppy,Syndra,Kennen,Kindred,Veigar,Corki,Nautilus
3822,16.4,NA1_5500755098,0,,Blue,1,Tryndamere,Lee Sin,Zoe,Lucian,Mel,Alistar,Cassiopeia,Ezreal,,,Jax,Jayce,Azir,Pyke,Nautilus
3823,16.4,NA1_5500755098,1,,Red,0,Jax,Jayce,Azir,Pyke,Nautilus,Sylas,Braum,Nunu & Willump,Viktor,Rengar,Tryndamere,Lee Sin,Zoe,Lucian,Mel
3824,16.4,NA1_5497068272,1,,Blue,1,Riven,Xin Zhao,Sylas,Corki,Sona,Orianna,Yunara,Rengar,Jayce,Lux,Kennen,Vi,Gragas,Kai'Sa,Neeko
3825,16.4,NA1_5497068272,0,,Red,0,Kennen,Vi,Gragas,Kai'Sa,Neeko,Ambessa,Lux,Rengar,Aurora,Yorick,Riven,Xin Zhao,Sylas,Corki,Sona
3826,16.4,NA1_5499344432,0,,Blue,1,Cassiopeia,Ornn,Viego,Seraphine,Janna,Ambessa,Katarina,Braum,Pyke,Vayne,Gangplank,Wukong,Sylas,Xayah,Sona
3827,16.4,NA1_5499344432,1,,Red,0,Gangplank,Wukong,Sylas,Xayah,Sona,Akshan,Gwen,Bard,Akali,Yunara,Cassiopeia,Ornn,Viego,Seraphine,Janna
3828,16.4,NA1_5497896097,0,,Blue,1,Riven,Jax,Zoe,Aphelios,Anivia,Jayce,Bel'Veth,Sylas,Rengar,Katarina,Kennen,Graves,Syndra,Twitch,Bard
3829,16.4,NA1_5497896097,1,,Red,0,Kennen,Graves,Syndra,Twitch,Bard,Ekko,Yorick,Yasuo,Fizz,,Riven,Jax,Zoe,Aphelios,Anivia
3830,16.4,NA1_5496857841,1,,Blue,1,Renekton,Nunu & Willump,Lee Sin,Yunara,Milio,Bel'Veth,Lux,,Pyke,,Kennen,Wukong,Yasuo,Kai'Sa,Neeko
3831,16.4,NA1_5496857841,0,,Red,0,Kennen,Wukong,Yasuo,Kai'Sa,Neeko,Akali,Sona,Ambessa,Pyke,Zac,Renekton,Nunu & Willump,Lee Sin,Yunara,Milio
3832,16.4,NA1_5496631044,1,,Blue,1,Azir,Vi,Yone,Yunara,Rakan,Corki,Gwen,Mel,Dr. Mundo,Zaahen,Volibear,Zed,Galio,Varus,Alistar
3833,16.4,NA1_5496631044,0,,Red,0,Volibear,Zed,Galio,Varus,Alistar,Kha'Zix,Jax,Syndra,Katarina,Rengar,Azir,Vi,Yone,Yunara,Rakan
3834,16.4,NA1_5497540531,0,,Blue,1,Darius,Graves,Tryndamere,Ziggs,Shen,Jax,Bel'Veth,Irelia,Zoe,Sona,Nasus,Rengar,Ryze,Ezreal,Veigar
3835,16.4,NA1_5497540531,1,,Red,0,Nasus,Rengar,Ryze,Ezreal,Veigar,Ambessa,Zilean,Riven,Lux,Jax,Darius,Graves,Tryndamere,Ziggs,Shen
3836,16.4,NA1_5500952680,1,,Blue,1,Nasus,Graves,Qiyana,Yunara,Karma,Draven,,Kindred,Rengar,Ambessa,Aatrox,Udyr,Sion,Twitch,Neeko
3837,16.4,NA1_5500952680,0,,Red,0,Aatrox,Udyr,Sion,Twitch,Neeko,Braum,Zed,Gwen,Caitlyn,Pyke,Nasus,Graves,Qiyana,Yunara,Karma
3838,16.3,NA1_5494378417,0,,Blue,1,Gragas,Brand,Talon,Draven,Rengar,Ambessa,Zoe,Malphite,Braum,Lulu,Yone,Fiddlesticks,Ahri,Seraphine,Rell
3839,16.3,NA1_5494378417,1,,Red,0,Yone,Fiddlesticks,Ahri,Seraphine,Rell,Akali,Ambessa,Nautilus,Poppy,Riven,Gragas,Brand,Talon,Draven,Rengar
3840,16.4,NA1_5501019476,0,,Blue,1,Aatrox,Jayce,Galio,Yunara,Pyke,Kha'Zix,Qiyana,Braum,Caitlyn,Zoe,Renekton,Ambessa,Tristana,Corki,Neeko
3841,16.4,NA1_5501019476,1,,Red,0,Renekton,Ambessa,Tristana,Corki,Neeko,Draven,Riven,,,,Aatrox,Jayce,Galio,Yunara,Pyke
3842,16.4,NA1_5501943349,0,,Blue,1,Jayce,Elise,Galio,Samira,Blitzcrank,Alistar,Rengar,Yasuo,Riven,,Anivia,Rumble,Ambessa,Jinx,Rakan
3843,16.4,NA1_5501943349,1,,Red,0,Anivia,Rumble,Ambessa,Jinx,Rakan,Riven,Akali,Fiddlesticks,Sona,Bel'Veth,Jayce,Elise,Galio,Samira,Blitzcrank
3844,16.4,NA1_5497794256,1,,Blue,1,Jarvan IV,Graves,Aurora,Yasuo,Karma,Draven,,Syndra,Shaco,Akali,Vladimir,Master Yi,Viego,Lucian,Yuumi
3845,16.4,NA1_5497794256,0,,Red,0,Vladimir,Master Yi,Viego,Lucian,Yuumi,Draven,Pyke,Ahri,Kha'Zix,Fiora,Jarvan IV,Graves,Aurora,Yasuo,Karma
3846,16.4,NA1_5500545890,1,,Blue,1,Shen,Darius,Ryze,Ziggs,Nautilus,Yasuo,Rumble,Braum,Rengar,Akali,Riven,Evelynn,Aurelion Sol,Senna,Sona
3847,16.4,NA1_5500545890,0,,Red,0,Riven,Evelynn,Aurelion Sol,Senna,Sona,Pyke,Zed,Anivia,Aurora,Ambessa,Shen,Darius,Ryze,Ziggs,Nautilus
3848,16.4,NA1_5501419735,0,,Blue,1,Jayce,Viego,Akali,Vladimir,Alistar,Fiddlesticks,Master Yi,Yasuo,Qiyana,Rengar,Ornn,Zaahen,Mel,Jinx,Braum
3849,16.4,NA1_5501419735,1,,Red,0,Ornn,Zaahen,Mel,Jinx,Braum,,Ambessa,Kha'Zix,,Seraphine,Jayce,Viego,Akali,Vladimir,Alistar
3850,16.3,NA1_5494247530,0,,Blue,1,Warwick,Malphite,Yasuo,Vladimir,Pantheon,Ezreal,Karma,Jax,Bel'Veth,Kennen,Yone,Hecarim,Anivia,Yunara,Nidalee
3851,16.3,NA1_5494247530,1,,Red,0,Yone,Hecarim,Anivia,Yunara,Nidalee,Rengar,Aurelion Sol,Draven,Kha'Zix,Udyr,Warwick,Malphite,Yasuo,Vladimir,Pantheon
3852,16.4,NA1_5499401988,1,,Blue,1,Aatrox,Jayce,Twisted Fate,Nilah,Elise,Rengar,Rumble,Master Yi,Janna,Bel'Veth,Ambessa,Lee Sin,Zed,Senna,Sona
3853,16.4,NA1_5499401988,0,,Red,0,Ambessa,Lee Sin,Zed,Senna,Sona,Bel'Veth,Nunu & Willump,Irelia,Naafiri,Poppy,Aatrox,Jayce,Twisted Fate,Nilah,Elise
3854,16.4,NA1_5499960220,1,,Blue,1,Ornn,Kha'Zix,Talon,Sivir,Morgana,Yunara,Rengar,Pyke,Zed,Fiora,Ahri,Lee Sin,Zoe,Xayah,Seraphine
3855,16.4,NA1_5499960220,0,,Red,0,Ahri,Lee Sin,Zoe,Xayah,Seraphine,Naafiri,Akali,Malphite,Caitlyn,Pyke,Ornn,Kha'Zix,Talon,Sivir,Morgana
3856,16.4,NA1_5499083801,0,,Blue,1,Kayle,Rek'Sai,Zoe,Miss Fortune,Neeko,Zaahen,Cassiopeia,Graves,Varus,Caitlyn,Shen,Fiddlesticks,Tristana,Vladimir,Sona
3857,16.4,NA1_5499083801,1,,Red,0,Shen,Fiddlesticks,Tristana,Vladimir,Sona,Caitlyn,Ambessa,Annie,Akali,Kha'Zix,Kayle,Rek'Sai,Zoe,Miss Fortune,Neeko
3858,16.4,NA1_5496888575,1,,Blue,1,Akali,Ambessa,Taliyah,Senna,Poppy,Kha'Zix,,Bel'Veth,Mel,Nunu & Willump,Fiora,Rek'Sai,Aurora,Lucian,Nidalee
3859,16.4,NA1_5496888575,0,,Red,0,Fiora,Rek'Sai,Aurora,Lucian,Nidalee,Ryze,Graves,Draven,Blitzcrank,Jayce,Akali,Ambessa,Taliyah,Senna,Poppy
3860,16.3,NA1_5493215861,0,,Blue,1,Zaahen,Lee Sin,Twisted Fate,Yunara,Morgana,Gwen,Volibear,Rumble,Jayce,Rengar,Ambessa,Viego,Akali,Ziggs,Rell
3861,16.3,NA1_5493215861,1,,Red,0,Ambessa,Viego,Akali,Ziggs,Rell,Caitlyn,Riven,Lissandra,Nunu & Willump,Lucian,Zaahen,Lee Sin,Twisted Fate,Yunara,Morgana
3862,16.4,NA1_5499073479,0,,Blue,1,Zaahen,Kha'Zix,Ekko,Ezreal,Alistar,Riven,Gwen,Braum,Poppy,Akali,Jax,Talon,Nasus,Cassiopeia,Gragas
3863,16.4,NA1_5499073479,1,,Red,0,Jax,Talon,Nasus,Cassiopeia,Gragas,Renekton,Akshan,Lulu,Akali,Ambessa,Zaahen,Kha'Zix,Ekko,Ezreal,Alistar
3864,16.4,NA1_5501102930,1,,Blue,1,Jayce,Zaahen,Azir,Varus,Senna,Rengar,Draven,,Shaco,,Irelia,Ambessa,Rumble,Corki,Nami
3865,16.4,NA1_5501102930,0,,Red,0,Irelia,Ambessa,Rumble,Corki,Nami,Caitlyn,Draven,Kha'Zix,Zoe,Malphite,Jayce,Zaahen,Azir,Varus,Senna
3866,16.4,NA1_5498919308,1,,Blue,1,Yone,Ambessa,Akshan,Mel,Nami,Pyke,,Thresh,Lux,Yasuo,Jax,Vi,Taliyah,Lucian,Milio
3867,16.4,NA1_5498919308,0,,Red,0,Jax,Vi,Taliyah,Lucian,Milio,Rengar,Blitzcrank,Graves,Dr. Mundo,Olaf,Yone,Ambessa,Akshan,Mel,Nami
3868,16.3,NA1_5495038144,0,,Blue,1,Gnar,Taliyah,Xerath,Jinx,Blitzcrank,Draven,Karma,Katarina,Kha'Zix,Zaahen,Aurora,Jayce,Sylas,Varus,Zoe
3869,16.3,NA1_5495038144,1,,Red,0,Aurora,Jayce,Sylas,Varus,Zoe,Nunu & Willump,Nautilus,Naafiri,Yasuo,Riven,Gnar,Taliyah,Xerath,Jinx,Blitzcrank
3870,16.3,NA1_5493611938,0,,Blue,1,K'Sante,Ekko,Tryndamere,Twitch,Blitzcrank,Kha'Zix,Draven,Malphite,Rell,Rengar,Urgot,Lee Sin,Zoe,Jinx,Lulu
3871,16.3,NA1_5493611938,1,,Red,0,Urgot,Lee Sin,Zoe,Jinx,Lulu,Ambessa,Malphite,Akshan,Gwen,Jayce,K'Sante,Ekko,Tryndamere,Twitch,Blitzcrank
3872,16.3,NA1_5491679707,1,,Blue,1,Malzahar,Viego,Anivia,Aphelios,Yuumi,Draven,Zoe,Ambessa,Caitlyn,Bel'Veth,Jax,Kayn,Azir,Veigar,Karma
3873,16.3,NA1_5491679707,0,,Red,0,Jax,Kayn,Azir,Veigar,Karma,Ezreal,Bel'Veth,Jayce,Malphite,Yasuo,Malzahar,Viego,Anivia,Aphelios,Yuumi
3874,16.4,NA1_5500184817,1,,Blue,1,Sion,Udyr,Ekko,Ashe,Soraka,Graves,Blitzcrank,Jarvan IV,Ambessa,Akali,Dr. Mundo,Trundle,Yasuo,Heimerdinger,Nami
3875,16.4,NA1_5500184817,0,,Red,0,Dr. Mundo,Trundle,Yasuo,Heimerdinger,Nami,Talon,Akali,Mel,Senna,Ambessa,Sion,Udyr,Ekko,Ashe,Soraka
3876,16.4,NA1_5500224534,0,,Blue,1,Gwen,Qiyana,Ryze,Yunara,Leona,Rengar,Jayce,Akali,,Ambessa,Graves,Gragas,Talon,Yasuo,Thresh
3877,16.4,NA1_5500224534,1,,Red,0,Graves,Gragas,Talon,Yasuo,Thresh,Alistar,Nunu & Willump,Pyke,Poppy,Jayce,Gwen,Qiyana,Ryze,Yunara,Leona
3878,16.4,NA1_5501284870,0,,Blue,1,K'Sante,Zed,Zoe,Smolder,Sona,Kindred,Pyke,Vladimir,Akali,Jayce,Anivia,Briar,Viktor,Kog'Maw,Pantheon
3879,16.4,NA1_5501284870,1,,Red,0,Anivia,Briar,Viktor,Kog'Maw,Pantheon,Ambessa,Akali,Yasuo,Vayne,Gwen,K'Sante,Zed,Zoe,Smolder,Sona
3880,16.3,NA1_5492574283,0,,Blue,1,Yorick,Rumble,Yone,Tristana,Pyke,Smolder,Yasuo,Aurelion Sol,Akali,Braum,Jax,Volibear,Lissandra,Mel,Alistar
3881,16.3,NA1_5492574283,1,,Red,0,Jax,Volibear,Lissandra,Mel,Alistar,Ahri,Zed,Jayce,,Sylas,Yorick,Rumble,Yone,Tristana,Pyke
3882,16.4,NA1_5502255606,0,,Blue,1,Yone,Jarvan IV,Ryze,Yunara,Thresh,Akshan,Draven,Zed,Malphite,Rek'Sai,Jayce,Morgana,Malzahar,Corki,Skarner
3883,16.4,NA1_5502255606,1,,Red,0,Jayce,Morgana,Malzahar,Corki,Skarner,Zaahen,Ambessa,LeBlanc,Darius,Varus,Yone,Jarvan IV,Ryze,Yunara,Thresh
3884,16.4,NA1_5497496854,1,,Blue,1,Rek'Sai,Nunu & Willump,Yasuo,Kai'Sa,Blitzcrank,Bel'Veth,Vex,Zed,Urgot,Shaco,Cho'Gath,Kha'Zix,LeBlanc,Miss Fortune,Leona
3885,16.4,NA1_5497496854,0,,Red,0,Cho'Gath,Kha'Zix,LeBlanc,Miss Fortune,Leona,Ezreal,Zoe,Bel'Veth,Shaco,Aatrox,Rek'Sai,Nunu & Willump,Yasuo,Kai'Sa,Blitzcrank
3886,16.3,NA1_5492393775,0,,Blue,1,K'Sante,Jax,Twisted Fate,Corki,Anivia,Ezreal,Aurora,Kennen,Vayne,Caitlyn,Fiora,Shaco,Lux,Jhin,Nautilus
3887,16.3,NA1_5492393775,1,,Red,0,Fiora,Shaco,Lux,Jhin,Nautilus,Sivir,Jayce,Lee Sin,Blitzcrank,Ambessa,K'Sante,Jax,Twisted Fate,Corki,Anivia
3888,16.4,NA1_5497835395,0,,Blue,1,K'Sante,Vi,Ahri,Xayah,Leona,Vayne,Sona,Kha'Zix,Draven,Rengar,Graves,Maokai,Aurora,Kai'Sa,Braum
3889,16.4,NA1_5497835395,1,,Red,0,Graves,Maokai,Aurora,Kai'Sa,Braum,Draven,Darius,Akshan,Gwen,Qiyana,K'Sante,Vi,Ahri,Xayah,Leona
3890,16.4,NA1_5501042928,1,,Blue,1,Jayce,Aatrox,Ahri,Ezreal,Jarvan IV,Shaco,Rengar,Gwen,,Lucian,Yorick,Graves,Ryze,Jhin,Bard
3891,16.4,NA1_5501042928,0,,Red,0,Yorick,Graves,Ryze,Jhin,Bard,Rengar,Kha'Zix,Briar,Ambessa,Nautilus,Jayce,Aatrox,Ahri,Ezreal,Jarvan IV
3892,16.4,NA1_5499657075,0,,Blue,1,Aurora,Kha'Zix,Vex,Varus,Rell,Orianna,Irelia,Bel'Veth,Sona,,Ambessa,Xin Zhao,Ahri,Ezreal,Karma
3893,16.4,NA1_5499657075,1,,Red,0,Ambessa,Xin Zhao,Ahri,Ezreal,Karma,Graves,Nunu & Willump,Azir,,Akali,Aurora,Kha'Zix,Vex,Varus,Rell
3894,16.4,NA1_5498475852,1,,Blue,1,Poppy,Jayce,Galio,Twitch,Lulu,Akali,Bel'Veth,Vladimir,Yasuo,Pyke,Lucian,Gwen,Ambessa,Brand,Senna
3895,16.4,NA1_5498475852,0,,Red,0,Lucian,Gwen,Ambessa,Brand,Senna,,Varus,Rengar,Shaco,Riven,Poppy,Jayce,Galio,Twitch,Lulu
3896,16.3,NA1_5493636965,0,,Blue,1,Volibear,Graves,Aurora,Sona,Karma,Akali,,Rengar,Zoe,Jax,Urgot,Naafiri,Orianna,Mel,Thresh
3897,16.3,NA1_5493636965,1,,Red,0,Urgot,Naafiri,Orianna,Mel,Thresh,Alistar,Yunara,Viktor,Fiora,Riven,Volibear,Graves,Aurora,Sona,Karma
3898,16.4,NA1_5498280634,0,,Blue,1,Varus,Ambessa,Qiyana,Miss Fortune,Bard,Taliyah,Neeko,Gwen,Rumble,Jayce,Karma,Zaahen,Annie,Seraphine,Nami
3899,16.4,NA1_5498280634,1,,Red,0,Karma,Zaahen,Annie,Seraphine,Nami,Galio,Braum,Syndra,,,Varus,Ambessa,Qiyana,Miss Fortune,Bard
3900,16.4,NA1_5499136946,0,,Blue,1,Zaahen,Viego,Syndra,Kai'Sa,Karma,,Azir,Yasuo,Nami,Rek'Sai,Fiora,Wukong,Nasus,Corki,Janna
3901,16.4,NA1_5499136946,1,,Red,0,Fiora,Wukong,Nasus,Corki,Janna,Ambessa,Vladimir,Anivia,Malphite,,Zaahen,Viego,Syndra,Kai'Sa,Karma
3902,16.4,NA1_5500884993,1,,Blue,1,Zaahen,Vi,Ahri,Ezreal,Nami,Ambessa,,Draven,Kindred,Yasuo,Aatrox,Kha'Zix,Ekko,Ziggs,Blitzcrank
3903,16.4,NA1_5500884993,0,,Red,0,Aatrox,Kha'Zix,Ekko,Ziggs,Blitzcrank,Qiyana,Caitlyn,Sona,Lux,Rengar,Zaahen,Vi,Ahri,Ezreal,Nami
3904,16.4,NA1_5497663346,0,,Blue,1,Karma,Skarner,Yasuo,Yunara,Neeko,Akali,Bel'Veth,Rengar,Ambessa,Lux,Gangplank,Shaco,Vladimir,Corki,Nami
3905,16.4,NA1_5497663346,1,,Red,0,Gangplank,Shaco,Vladimir,Corki,Nami,Riven,Draven,Pyke,Nunu & Willump,Orianna,Karma,Skarner,Yasuo,Yunara,Neeko
3906,16.4,NA1_5499913095,1,,Blue,1,Tryndamere,Lee Sin,Kassadin,Corki,Nami,,Kha'Zix,Ambessa,Akshan,Akali,Aatrox,Karthus,Ivern,Ezreal,Rakan
3907,16.4,NA1_5499913095,0,,Red,0,Aatrox,Karthus,Ivern,Ezreal,Rakan,Renekton,Talon,Twitch,Bel'Veth,,Tryndamere,Lee Sin,Kassadin,Corki,Nami
3908,16.3,NA1_5492081655,1,,Blue,1,Aatrox,Rek'Sai,Vladimir,Aphelios,Lulu,Fiora,Tryndamere,Draven,Malzahar,Kindred,Zaahen,Dr. Mundo,Akali,Smolder,Milio
3909,16.3,NA1_5492081655,0,,Red,0,Zaahen,Dr. Mundo,Akali,Smolder,Milio,Yasuo,LeBlanc,Shaco,Neeko,Poppy,Aatrox,Rek'Sai,Vladimir,Aphelios,Lulu
3910,16.4,NA1_5500002427,1,,Blue,1,Heimerdinger,Viego,Taliyah,Ezreal,Alistar,Ambessa,Karma,Rengar,Irelia,,Orianna,Wukong,Sylas,Yunara,Lee Sin
3911,16.4,NA1_5500002427,0,,Red,0,Orianna,Wukong,Sylas,Yunara,Lee Sin,Draven,Mel,Kha'Zix,Zoe,Poppy,Heimerdinger,Viego,Taliyah,Ezreal,Alistar
3912,16.3,NA1_5492468661,0,,Blue,1,Cho'Gath,Vi,Swain,Caitlyn,Karma,Aatrox,Viego,Sylas,Ambessa,Pyke,Zaahen,Rek'Sai,Kassadin,Corki,Nami
3913,16.3,NA1_5492468661,1,,Red,0,Zaahen,Rek'Sai,Kassadin,Corki,Nami,Qiyana,Pyke,Fiora,Nautilus,Teemo,Cho'Gath,Vi,Swain,Caitlyn,Karma
3914,16.3,NA1_5493507300,0,,Blue,1,Tryndamere,Zaahen,Aurora,Draven,Pantheon,Nautilus,Braum,Mel,Viego,Malphite,Dr. Mundo,Gwen,Yone,Ezreal,Karma
3915,16.3,NA1_5493507300,1,,Red,0,Dr. Mundo,Gwen,Yone,Ezreal,Karma,Aphelios,,Ambessa,Pyke,Rengar,Tryndamere,Zaahen,Aurora,Draven,Pantheon
3916,16.4,NA1_5502204630,1,,Blue,1,Zilean,Sylas,Yone,Varus,Karma,Akali,Gwen,Zoe,Kha'Zix,LeBlanc,Azir,Jarvan IV,Ryze,Caitlyn,Lux
3917,16.4,NA1_5502204630,0,,Red,0,Azir,Jarvan IV,Ryze,Caitlyn,Lux,Nautilus,Rengar,Akshan,,Jayce,Zilean,Sylas,Yone,Varus,Karma
3918,16.4,NA1_5497637411,0,,Blue,1,Jax,Rek'Sai,Vladimir,Jhin,Nidalee,Fiddlesticks,Syndra,Riven,Karma,,Fiora,Taliyah,Renekton,Varus,Sona
3919,16.4,NA1_5497637411,1,,Red,0,Fiora,Taliyah,Renekton,Varus,Sona,Nautilus,Rengar,Jayce,Aurora,Sivir,Jax,Rek'Sai,Vladimir,Jhin,Nidalee
3920,16.3,NA1_5494644251,0,,Blue,1,Sion,Zac,Vladimir,Varus,Soraka,Yasuo,Fiddlesticks,Cassiopeia,Malphite,Jayce,Kayle,Xin Zhao,Anivia,Sivir,Sona
3921,16.3,NA1_5494644251,1,,Red,0,Kayle,Xin Zhao,Anivia,Sivir,Sona,Draven,Mel,Master Yi,Syndra,Ambessa,Sion,Zac,Vladimir,Varus,Soraka
3922,16.3,NA1_5492140255,1,,Blue,1,Kennen,Graves,Cho'Gath,Tristana,Bard,Jayce,,,Braum,Riven,Fiora,Kha'Zix,Sion,Lux,Zoe
3923,16.3,NA1_5492140255,0,,Red,0,Fiora,Kha'Zix,Sion,Lux,Zoe,Ambessa,Sivir,Jayce,Twitch,,Kennen,Graves,Cho'Gath,Tristana,Bard
3924,16.3,NA1_5493546154,1,,Blue,1,Zaahen,Hecarim,Xerath,Yunara,Janna,Qiyana,Rumble,Lux,,Sona,Kennen,Ambessa,Viktor,Smolder,Rell
3925,16.3,NA1_5493546154,0,,Red,0,Kennen,Ambessa,Viktor,Smolder,Rell,Akshan,Kha'Zix,Bard,Varus,Pyke,Zaahen,Hecarim,Xerath,Yunara,Janna
3926,16.3,NA1_5491723399,1,,Blue,1,Warwick,Kindred,Galio,Veigar,Karma,Shaco,Pyke,Ezreal,Zoe,Ambessa,Urgot,Ekko,Zilean,Yunara,Alistar
3927,16.3,NA1_5491723399,0,,Red,0,Urgot,Ekko,Zilean,Yunara,Alistar,Caitlyn,Rek'Sai,Sylas,Draven,Gwen,Warwick,Kindred,Galio,Veigar,Karma
3928,16.4,NA1_5502097566,0,,Blue,1,Malphite,Rumble,Zed,Draven,Neeko,Bel'Veth,Renekton,Braum,Pyke,LeBlanc,Aurora,Xin Zhao,Ahri,Seraphine,Jarvan IV
3929,16.4,NA1_5502097566,1,,Red,0,Aurora,Xin Zhao,Ahri,Seraphine,Jarvan IV,Pyke,Ambessa,Yasuo,Sona,Riven,Malphite,Rumble,Zed,Draven,Neeko
3930,16.4,NA1_5496788456,1,,Blue,1,Yone,Ambessa,Orianna,Kai'Sa,Alistar,Akali,Bard,Pyke,,Graves,Yasuo,Rek'Sai,Kassadin,Veigar,Nautilus
3931,16.4,NA1_5496788456,0,,Red,0,Yasuo,Rek'Sai,Kassadin,Veigar,Nautilus,Malphite,,Rengar,Sona,Sylas,Yone,Ambessa,Orianna,Kai'Sa,Alistar
3932,16.3,NA1_5495372113,0,,Blue,1,Sion,Zac,Cassiopeia,Twitch,Thresh,Taliyah,Poppy,Fiora,Draven,Braum,Vladimir,Jayce,Zed,Mel,Blitzcrank
3933,16.3,NA1_5495372113,1,,Red,0,Vladimir,Jayce,Zed,Mel,Blitzcrank,Varus,Sona,Yasuo,Nunu & Willump,Katarina,Sion,Zac,Cassiopeia,Twitch,Thresh
3934,16.3,NA1_5492981373,0,,Blue,1,Cho'Gath,Gragas,Pantheon,Corki,Nami,Varus,Rengar,Zilean,Gwen,Fiora,Riven,Nunu & Willump,Talon,Ezreal,Sona
3935,16.3,NA1_5492981373,1,,Red,0,Riven,Nunu & Willump,Talon,Ezreal,Sona,Azir,Zoe,Neeko,Ambessa,Orianna,Cho'Gath,Gragas,Pantheon,Corki,Nami
3936,16.3,NA1_5491673306,1,,Blue,1,Rengar,Zyra,Ahri,Aphelios,Soraka,Draven,Ambessa,Darius,LeBlanc,Viktor,Illaoi,Zac,Mel,Yunara,Poppy
3937,16.3,NA1_5491673306,0,,Red,0,Illaoi,Zac,Mel,Yunara,Poppy,Kindred,,Gwen,Fiora,Zed,Rengar,Zyra,Ahri,Aphelios,Soraka
3938,16.4,NA1_5499474586,1,,Blue,1,Trundle,Aatrox,Seraphine,Aurelion Sol,Nautilus,Renekton,Qiyana,Poppy,LeBlanc,Ambessa,Fiora,Nunu & Willump,Ziggs,Ezreal,Blitzcrank
3939,16.4,NA1_5499474586,0,,Red,0,Fiora,Nunu & Willump,Ziggs,Ezreal,Blitzcrank,Aphelios,Malphite,Akali,Ambessa,Varus,Trundle,Aatrox,Seraphine,Aurelion Sol,Nautilus
3940,16.4,NA1_5498353930,1,,Blue,1,Fiora,Talon,Yasuo,Mel,Rell,Darius,Ambessa,Vayne,Vladimir,Sivir,Jayce,Kindred,Syndra,Jinx,Nautilus
3941,16.4,NA1_5498353930,0,,Red,0,Jayce,Kindred,Syndra,Jinx,Nautilus,Riven,Thresh,Shaco,Katarina,Kha'Zix,Fiora,Talon,Yasuo,Mel,Rell
3942,16.3,NA1_5492001469,0,,Blue,1,Warwick,Kayn,Anivia,Qiyana,Graves,Jax,Kennen,Elise,Poppy,Sylas,Aurora,Kha'Zix,Akshan,Lux,Zoe
3943,16.3,NA1_5492001469,1,,Red,0,Aurora,Kha'Zix,Akshan,Lux,Zoe,Pyke,Riven,Akali,Yasuo,Rengar,Warwick,Kayn,Anivia,Qiyana,Graves
3944,16.4,NA1_5501282664,0,,Blue,1,Aatrox,Shen,Orianna,Aphelios,Milio,,Gwen,Kha'Zix,Yasuo,Malphite,Illaoi,Ekko,Pantheon,Jhin,Senna
3945,16.4,NA1_5501282664,1,,Red,0,Illaoi,Ekko,Pantheon,Jhin,Senna,Sivir,Twisted Fate,Rengar,Kennen,Draven,Aatrox,Shen,Orianna,Aphelios,Milio
3946,16.4,NA1_5497420128,0,,Blue,1,Gnar,Diana,Ahri,Ezreal,Sona,Mel,Draven,Kindred,Sylas,Riven,Renekton,Nunu & Willump,Aurora,Kai'Sa,Leona
3947,16.4,NA1_5497420128,1,,Red,0,Renekton,Nunu & Willump,Aurora,Kai'Sa,Leona,Kennen,Bel'Veth,Zed,Riven,Draven,Gnar,Diana,Ahri,Ezreal,Sona
3948,16.3,NA1_5493631991,1,,Blue,1,Jax,Jarvan IV,Sylas,Sivir,Yuumi,Ambessa,Fiora,,Yasuo,Riven,Kennen,Zaahen,Ahri,Zeri,Janna
3949,16.3,NA1_5493631991,0,,Red,0,Kennen,Zaahen,Ahri,Zeri,Janna,Rengar,Blitzcrank,Pyke,Gangplank,Lux,Jax,Jarvan IV,Sylas,Sivir,Yuumi
3950,16.4,NA1_5500719601,0,,Blue,1,Graves,Kindred,Kayle,Mel,Karma,Anivia,Ambessa,Malphite,Leona,Neeko,Singed,Xin Zhao,Viktor,Sivir,Milio
3951,16.4,NA1_5500719601,1,,Red,0,Singed,Xin Zhao,Viktor,Sivir,Milio,Nasus,,Pyke,Bel'Veth,Draven,Graves,Kindred,Kayle,Mel,Karma
3952,16.3,NA1_5494995537,0,,Blue,1,Renekton,Kha'Zix,Syndra,Caitlyn,LeBlanc,Bard,Jax,Anivia,Rengar,Riven,Yorick,Zyra,Aurelion Sol,Yunara,Nautilus
3953,16.3,NA1_5494995537,1,,Red,0,Yorick,Zyra,Aurelion Sol,Yunara,Nautilus,Yuumi,Zac,Anivia,Yone,Yasuo,Renekton,Kha'Zix,Syndra,Caitlyn,LeBlanc
3954,16.4,NA1_5502148083,1,,Blue,1,Varus,Jayce,Akali,Yunara,Rell,Zilean,Jax,Sivir,Rengar,Yasuo,Ambessa,Rumble,Yone,Seraphine,Rakan
3955,16.4,NA1_5502148083,0,,Red,0,Ambessa,Rumble,Yone,Seraphine,Rakan,Sivir,,Kindred,Aurora,Bel'Veth,Varus,Jayce,Akali,Yunara,Rell
3956,16.4,NA1_5498325133,0,,Blue,1,Irelia,Lee Sin,Katarina,Corki,Alistar,Bel'Veth,Ambessa,Vladimir,Jax,Viego,Illaoi,Lillia,Qiyana,Caitlyn,Thresh
3957,16.4,NA1_5498325133,1,,Red,0,Illaoi,Lillia,Qiyana,Caitlyn,Thresh,Anivia,Rakan,Kennen,Karma,Kindred,Irelia,Lee Sin,Katarina,Corki,Alistar
3958,16.3,NA1_5493626840,0,,Blue,1,Kayle,Dr. Mundo,Zilean,Nilah,Leona,Ziggs,Bard,Swain,Jax,Yasuo,Aatrox,Ambessa,Kassadin,Pyke,Alistar
3959,16.3,NA1_5493626840,1,,Red,0,Aatrox,Ambessa,Kassadin,Pyke,Alistar,Braum,Sylas,Briar,Zed,Akshan,Kayle,Dr. Mundo,Zilean,Nilah,Leona
3960,16.4,NA1_5499208962,0,,Blue,1,Volibear,Pantheon,Orianna,Corki,Sona,Viego,Blitzcrank,Jax,Zoe,Pyke,Yorick,Zac,Kassadin,Kai'Sa,Neeko
3961,16.4,NA1_5499208962,1,,Red,0,Yorick,Zac,Kassadin,Kai'Sa,Neeko,Akshan,Rengar,Poppy,Fiora,Zed,Volibear,Pantheon,Orianna,Corki,Sona
3962,16.4,NA1_5499820075,0,,Blue,1,Varus,Rek'Sai,Kayle,Cassiopeia,Nautilus,Orianna,Sona,Draven,Yasuo,Jax,Camille,Zac,Swain,Mel,Pyke
3963,16.4,NA1_5499820075,1,,Red,0,Camille,Zac,Swain,Mel,Pyke,Rell,Jayce,Zoe,Vladimir,,Varus,Rek'Sai,Kayle,Cassiopeia,Nautilus
3964,16.4,NA1_5499869284,0,,Blue,1,Vayne,Briar,Ekko,Karthus,Poppy,Shaco,Varus,Yasuo,Malphite,Nami,Urgot,Wukong,Anivia,Corki,Bard
3965,16.4,NA1_5499869284,1,,Red,0,Urgot,Wukong,Anivia,Corki,Bard,Draven,Talon,Leona,Fiora,Yasuo,Vayne,Briar,Ekko,Karthus,Poppy
3966,16.4,NA1_5497511154,1,,Blue,1,Heimerdinger,Ambessa,Mel,Smolder,Blitzcrank,Gangplank,Ahri,Draven,,Lux,Cho'Gath,Shen,Zoe,Vayne,Leona
3967,16.4,NA1_5497511154,0,,Red,0,Cho'Gath,Shen,Zoe,Vayne,Leona,Qiyana,Nautilus,Sivir,Jayce,Hecarim,Heimerdinger,Ambessa,Mel,Smolder,Blitzcrank
3968,16.4,NA1_5501231113,0,,Blue,1,Graves,Ekko,Nasus,Zyra,Nautilus,Fiddlesticks,Pyke,Rumble,Diana,Sylas,Jax,Viego,Ahri,Jhin,Karma
3969,16.4,NA1_5501231113,1,,Red,0,Jax,Viego,Ahri,Jhin,Karma,Yasuo,Fiddlesticks,Braum,Rengar,Jayce,Graves,Ekko,Nasus,Zyra,Nautilus
3970,16.3,NA1_5492814037,1,,Blue,1,Naafiri,Dr. Mundo,Viego,Kai'Sa,Blitzcrank,Irelia,Kindred,Gwen,Braum,Akali,Ambessa,Ekko,Zed,Jhin,Janna
3971,16.3,NA1_5492814037,0,,Red,0,Ambessa,Ekko,Zed,Jhin,Janna,Kha'Zix,Malphite,Kindred,Rengar,Jax,Naafiri,Dr. Mundo,Viego,Kai'Sa,Blitzcrank
3972,16.4,NA1_5501176455,1,,Blue,1,Anivia,Rek'Sai,Yasuo,Jinx,Blitzcrank,Kha'Zix,Aatrox,Mel,Braum,Akali,Syndra,Camille,Ambessa,Smolder,Nami
3973,16.4,NA1_5501176455,0,,Red,0,Syndra,Camille,Ambessa,Smolder,Nami,Nautilus,Draven,Shaco,,,Anivia,Rek'Sai,Yasuo,Jinx,Blitzcrank
3974,16.4,NA1_5496008375,0,,Blue,1,Aatrox,Vayne,Ahri,Varus,Alistar,Kayn,Zoe,Thresh,Rumble,Draven,Zaahen,Zyra,Ambessa,Jhin,Blitzcrank
3975,16.4,NA1_5496008375,1,,Red,0,Zaahen,Zyra,Ambessa,Jhin,Blitzcrank,Nunu & Willump,Lissandra,Rengar,Gwen,Fiora,Aatrox,Vayne,Ahri,Varus,Alistar
3976,16.4,NA1_5502122143,0,,Blue,1,Malphite,Rumble,Quinn,Smolder,Sona,Bel'Veth,Mel,Braum,Akshan,Renekton,Ornn,Ambessa,Jayce,Seraphine,Nami
3977,16.4,NA1_5502122143,1,,Red,0,Ornn,Ambessa,Jayce,Seraphine,Nami,Pyke,Draven,Gwen,Riven,Rengar,Malphite,Rumble,Quinn,Smolder,Sona
3978,16.4,NA1_5496918573,0,,Blue,1,Ambessa,Skarner,Morgana,Kog'Maw,Pantheon,Pyke,Rek'Sai,Zed,Bel'Veth,Graves,Renekton,Gwen,Syndra,Aphelios,Karma
3979,16.4,NA1_5496918573,1,,Red,0,Renekton,Gwen,Syndra,Aphelios,Karma,Nunu & Willump,Pyke,Zac,Zed,Riven,Ambessa,Skarner,Morgana,Kog'Maw,Pantheon
3980,16.3,NA1_5495048595,1,,Blue,1,Morgana,Lee Sin,Twisted Fate,Kai'Sa,Sona,Zoe,Pyke,Jarvan IV,Yasuo,Akshan,Gangplank,Vi,Ahri,Lucian,Taric
3981,16.3,NA1_5495048595,0,,Red,0,Gangplank,Vi,Ahri,Lucian,Taric,Zoe,Sion,Draven,Ekko,Pyke,Morgana,Lee Sin,Twisted Fate,Kai'Sa,Sona
3982,16.4,NA1_5498193986,1,,Blue,1,Ambessa,Zac,Yone,Vladimir,Senna,,Draven,Fiddlesticks,Jayce,Zed,Cho'Gath,Kindred,Orianna,Caitlyn,Nautilus
3983,16.4,NA1_5498193986,0,,Red,0,Cho'Gath,Kindred,Orianna,Caitlyn,Nautilus,Tryndamere,Jayce,Aatrox,Qiyana,Braum,Ambessa,Zac,Yone,Vladimir,Senna
3984,16.3,NA1_5492789824,0,,Blue,1,Renekton,Lillia,Viego,Samira,Nautilus,Gwen,Zed,Rumble,Rek'Sai,Varus,K'Sante,Zaahen,Syndra,Twisted Fate,Nami
3985,16.3,NA1_5492789824,1,,Red,0,K'Sante,Zaahen,Syndra,Twisted Fate,Nami,Pyke,Riven,Lulu,Warwick,Dr. Mundo,Renekton,Lillia,Viego,Samira,Nautilus
3986,16.3,NA1_5494074097,0,,Blue,1,Vayne,Zac,Jayce,Ezreal,Bard,Lux,Ambessa,Riven,Gwen,Syndra,Aurora,Kha'Zix,Zaahen,Ziggs,Pyke
3987,16.3,NA1_5494074097,1,,Red,0,Aurora,Kha'Zix,Zaahen,Ziggs,Pyke,Caitlyn,Cassiopeia,Hecarim,,Gwen,Vayne,Zac,Jayce,Ezreal,Bard
3988,16.3,NA1_5495176227,0,,Blue,1,Ahri,Ambessa,Yasuo,Kai'Sa,Rakan,Riven,Rengar,Caitlyn,Akali,Sona,Tryndamere,Volibear,Viego,Corki,Alistar
3989,16.3,NA1_5495176227,1,,Red,0,Tryndamere,Volibear,Viego,Corki,Alistar,Gwen,Draven,,Kha'Zix,Kennen,Ahri,Ambessa,Yasuo,Kai'Sa,Rakan
3990,16.3,NA1_5492550690,1,,Blue,1,Fiora,Gwen,Pantheon,Xerath,Janna,Akali,Vayne,Kai'Sa,Nami,Ahri,Zaahen,Kayn,Katarina,Senna,Pyke
3991,16.3,NA1_5492550690,0,,Red,0,Zaahen,Kayn,Katarina,Senna,Pyke,Thresh,Rengar,Riven,Galio,Ambessa,Fiora,Gwen,Pantheon,Xerath,Janna
3992,16.4,NA1_5499891492,1,,Blue,1,Gwen,Ivern,Morgana,Lucian,Nami,Corki,Talon,Braum,Aurora,Nasus,Zaahen,Shaco,Mordekaiser,Jhin,Rakan
3993,16.4,NA1_5499891492,0,,Red,0,Zaahen,Shaco,Mordekaiser,Jhin,Rakan,,Darius,Draven,,Kha'Zix,Gwen,Ivern,Morgana,Lucian,Nami
3994,16.3,NA1_5495111529,1,,Blue,1,Gangplank,Zaahen,Fizz,Lucian,Milio,Rengar,Zoe,Poppy,Draven,Azir,Urgot,Ambessa,Orianna,Varus,Rakan
3995,16.3,NA1_5495111529,0,,Red,0,Urgot,Ambessa,Orianna,Varus,Rakan,Anivia,Sona,Fiora,Bel'Veth,Nami,Gangplank,Zaahen,Fizz,Lucian,Milio
3996,16.4,NA1_5499288376,1,,Blue,1,Zaahen,Graves,Ahri,Ziggs,Bard,,Pyke,Gwen,Cassiopeia,Riven,Singed,Master Yi,Yone,Caitlyn,Karma
3997,16.4,NA1_5499288376,0,,Red,0,Singed,Master Yi,Yone,Caitlyn,Karma,Jayce,Ambessa,Gwen,Vayne,Akali,Zaahen,Graves,Ahri,Ziggs,Bard
3998,16.3,NA1_5493684048,1,,Blue,1,Nasus,Jayce,Akali,Ezreal,Bard,Galio,,Pyke,,Jax,Ambessa,Xin Zhao,Twisted Fate,Jhin,Neeko
3999,16.3,NA1_5493684048,0,,Red,0,Ambessa,Xin Zhao,Twisted Fate,Jhin,Neeko,Naafiri,Malphite,Ekko,Jax,Lulu,Nasus,Jayce,Akali,Ezreal,Bard
4000,16.4,NA1_5499788143,0,,Blue,1,Vladimir,Nunu & Willump,Kayle,Lucian,Sona,Pyke,LeBlanc,Master Yi,Jayce,,Neeko,Fizz,Ryze,Ashe,Nautilus
4001,16.4,NA1_5499788143,1,,Red,0,Neeko,Fizz,Ryze,Ashe,Nautilus,Pyke,Ambessa,,Twitch,Irelia,Vladimir,Nunu & Willump,Kayle,Lucian,Sona
4002,16.4,NA1_5501810077,1,,Blue,1,Aatrox,Talon,Ekko,Ziggs,Lux,Akali,Fiora,Bel'Veth,Riven,,Karma,Rek'Sai,Jayce,Caitlyn,Bard
4003,16.4,NA1_5501810077,0,,Red,0,Karma,Rek'Sai,Jayce,Caitlyn,Bard,Akali,Graves,Pyke,Ambessa,Naafiri,Aatrox,Talon,Ekko,Ziggs,Lux
4004,16.4,NA1_5501313303,0,,Blue,1,Ornn,Jarvan IV,Syndra,Ezreal,Bard,Vayne,Sona,Zilean,Ambessa,Zed,Rek'Sai,Wukong,Orianna,Xerath,Leona
4005,16.4,NA1_5501313303,1,,Red,0,Rek'Sai,Wukong,Orianna,Xerath,Leona,Fiddlesticks,Ahri,Kai'Sa,Bel'Veth,Kha'Zix,Ornn,Jarvan IV,Syndra,Ezreal,Bard
4006,16.4,NA1_5498449969,1,,Blue,1,Akali,Nunu & Willump,Yasuo,Ezreal,Pyke,Varus,Jarvan IV,Bel'Veth,Riven,Fiddlesticks,Gragas,Zyra,Yone,Sivir,Bard
4007,16.4,NA1_5498449969,0,,Red,0,Gragas,Zyra,Yone,Sivir,Bard,,Lux,Rengar,Katarina,Draven,Akali,Nunu & Willump,Yasuo,Ezreal,Pyke
4008,16.3,NA1_5494029484,1,,Blue,1,Sion,Graves,Ryze,Senna,Nautilus,,Rengar,Sylas,Riven,Gnar,Gwen,Kha'Zix,Zoe,Ashe,Karma
4009,16.3,NA1_5494029484,0,,Red,0,Gwen,Kha'Zix,Zoe,Ashe,Karma,Akshan,Diana,Riven,Pyke,Draven,Sion,Graves,Ryze,Senna,Nautilus
4010,16.3,NA1_5493589311,1,,Blue,1,Vladimir,Ivern,Tryndamere,Varus,Rell,Nasus,Zed,Ambessa,Pyke,Malphite,Jax,Viego,Kennen,Kai'Sa,Leona
4011,16.3,NA1_5493589311,0,,Red,0,Jax,Viego,Kennen,Kai'Sa,Leona,Syndra,Akshan,Rengar,Lux,Zac,Vladimir,Ivern,Tryndamere,Varus,Rell
4012,16.4,NA1_5499212988,1,,Blue,1,Vayne,Jarvan IV,Orianna,Aphelios,Lulu,Kha'Zix,Yasuo,Nautilus,Graves,Riven,Cassiopeia,Zaahen,Ahri,Corki,Nami
4013,16.4,NA1_5499212988,0,,Red,0,Cassiopeia,Zaahen,Ahri,Corki,Nami,Zilean,Yunara,Nunu & Willump,Rengar,Akali,Vayne,Jarvan IV,Orianna,Aphelios,Lulu
4014,16.4,NA1_5497329097,1,,Blue,1,Gangplank,Kai'Sa,Zed,Smolder,Senna,Aphelios,Ambessa,Aatrox,Pyke,Yasuo,Jayce,Sejuani,Yone,Jhin,Neeko
4015,16.4,NA1_5497329097,0,,Red,0,Jayce,Sejuani,Yone,Jhin,Neeko,Mel,Gwen,Shaco,Draven,Malphite,Gangplank,Kai'Sa,Zed,Smolder,Senna
4016,16.4,NA1_5502405433,0,,Blue,1,Sett,Kha'Zix,Ryze,Lucian,Sona,Yasuo,Gwen,Graves,Riven,Varus,Malphite,Jayce,Sylas,Corki,Nami
4017,16.4,NA1_5502405433,1,,Red,0,Malphite,Jayce,Sylas,Corki,Nami,Zoe,Jhin,Yasuo,Shen,Rengar,Sett,Kha'Zix,Ryze,Lucian,Sona
4018,16.3,NA1_5495505530,0,,Blue,1,Aatrox,Fiddlesticks,Yone,Lucian,Nami,Fiora,Ambessa,Galio,,Blitzcrank,Olaf,Jayce,Syndra,Kai'Sa,Zilean
4019,16.3,NA1_5495505530,1,,Red,0,Olaf,Jayce,Syndra,Kai'Sa,Zilean,Gwen,Neeko,Jax,LeBlanc,Pyke,Aatrox,Fiddlesticks,Yone,Lucian,Nami
4020,16.3,NA1_5495217489,1,,Blue,1,Ornn,Zed,Jayce,Lux,Sona,Graves,Qiyana,Sivir,Rengar,Ambessa,Gnar,Xin Zhao,Ahri,Corki,Leona
4021,16.3,NA1_5495217489,0,,Red,0,Gnar,Xin Zhao,Ahri,Corki,Leona,Twitch,Gwen,Shaco,Zoe,Riven,Ornn,Zed,Jayce,Lux,Sona
4022,16.3,NA1_5493665550,1,,Blue,1,Urgot,Jayce,Viktor,Jhin,Rell,,,Akali,Fiora,Gwen,Darius,Rumble,Irelia,Vel'Koz,Thresh
4023,16.3,NA1_5493665550,0,,Red,0,Darius,Rumble,Irelia,Vel'Koz,Thresh,Rengar,Pyke,Sivir,Yasuo,Kha'Zix,Urgot,Jayce,Viktor,Jhin,Rell
4024,16.4,NA1_5499901149,0,,Blue,1,Tryndamere,Aatrox,Swain,Karthus,Nautilus,Malphite,Katarina,Kha'Zix,Gwen,Ambessa,Akali,Lillia,Nasus,Yunara,Sona
4025,16.4,NA1_5499901149,1,,Red,0,Akali,Lillia,Nasus,Yunara,Sona,Ambessa,Malphite,Pyke,Rengar,Xerath,Tryndamere,Aatrox,Swain,Karthus,Nautilus
4026,16.4,NA1_5502066321,0,,Blue,1,Olaf,Aatrox,Syndra,Ezreal,Neeko,Zed,Master Yi,Sivir,Ambessa,Jax,Tryndamere,Jarvan IV,Xerath,Cassiopeia,Nautilus
4027,16.4,NA1_5502066321,1,,Red,0,Tryndamere,Jarvan IV,Xerath,Cassiopeia,Nautilus,Orianna,Lux,Rengar,Jayce,Jax,Olaf,Aatrox,Syndra,Ezreal,Neeko
4028,16.4,NA1_5498973859,1,,Blue,1,Singed,Zaahen,Akali,Ezreal,Karma,Riven,Yasuo,Rengar,Zed,Ambessa,Camille,Lee Sin,Yone,Zeri,Yuumi
4029,16.4,NA1_5498973859,0,,Red,0,Camille,Lee Sin,Yone,Zeri,Yuumi,,Naafiri,Sona,Varus,Kennen,Singed,Zaahen,Akali,Ezreal,Karma
4030,16.3,NA1_5494532146,0,,Blue,1,Aurora,Dr. Mundo,Ryze,Jhin,Janna,Varus,Pyke,Zed,Sivir,Riven,Jayce,Sylas,Akshan,Draven,Blitzcrank
4031,16.3,NA1_5494532146,1,,Red,0,Jayce,Sylas,Akshan,Draven,Blitzcrank,Braum,Yasuo,Lux,Rumble,,Aurora,Dr. Mundo,Ryze,Jhin,Janna
4032,16.4,NA1_5498604979,0,,Blue,1,Gangplank,Ambessa,Galio,Corki,Seraphine,Sivir,,Riven,Draven,,Kayle,Graves,Pyke,Miss Fortune,Karma
4033,16.4,NA1_5498604979,1,,Red,0,Kayle,Graves,Pyke,Miss Fortune,Karma,Yasuo,Jax,Ezreal,Draven,Akali,Gangplank,Ambessa,Galio,Corki,Seraphine
4034,16.4,NA1_5501387221,1,,Blue,1,Yone,Diana,Yasuo,Kai'Sa,Nautilus,Rengar,Bel'Veth,Jax,Jayce,Draven,Volibear,Wukong,Singed,Caitlyn,Morgana
4035,16.4,NA1_5501387221,0,,Red,0,Volibear,Wukong,Singed,Caitlyn,Morgana,Sona,Bel'Veth,Anivia,Jax,Nasus,Yone,Diana,Yasuo,Kai'Sa,Nautilus
4036,16.4,NA1_5500198654,0,,Blue,1,Riven,Fiddlesticks,Tristana,Mel,Nami,Sona,Galio,Corki,Zaahen,Hwei,Renekton,Diana,Taliyah,Jhin,Pantheon
4037,16.4,NA1_5500198654,1,,Red,0,Renekton,Diana,Taliyah,Jhin,Pantheon,,Akali,Jax,Zed,Pyke,Riven,Fiddlesticks,Tristana,Mel,Nami
4038,16.3,NA1_5495474007,1,,Blue,1,Jax,Hecarim,Kayle,Smolder,Alistar,Poppy,Jayce,Taliyah,Rumble,Orianna,Aurora,Ambessa,Sylas,Senna,Rakan
4039,16.3,NA1_5495474007,0,,Red,0,Aurora,Ambessa,Sylas,Senna,Rakan,Fiora,Qiyana,Nunu & Willump,Riven,Rengar,Jax,Hecarim,Kayle,Smolder,Alistar
4040,16.4,NA1_5499512503,0,,Blue,1,Kayle,Vi,Katarina,Caitlyn,Braum,Neeko,Gwen,Akali,Vladimir,Jax,Dr. Mundo,Jayce,Yasuo,Mel,LeBlanc
4041,16.4,NA1_5499512503,1,,Red,0,Dr. Mundo,Jayce,Yasuo,Mel,LeBlanc,,Kindred,Yuumi,Draven,Akali,Kayle,Vi,Katarina,Caitlyn,Braum
4042,16.4,NA1_5501800839,1,,Blue,1,Shen,Zaahen,Akali,Cassiopeia,Senna,Zed,Yasuo,Mel,Teemo,Rengar,Smolder,Dr. Mundo,Anivia,Aphelios,Nautilus
4043,16.4,NA1_5501800839,0,,Red,0,Smolder,Dr. Mundo,Anivia,Aphelios,Nautilus,Draven,Mel,Kha'Zix,Braum,Ahri,Shen,Zaahen,Akali,Cassiopeia,Senna
4044,16.4,NA1_5497374766,1,,Blue,1,Darius,Nunu & Willump,Naafiri,Twitch,Yuumi,Bel'Veth,Kha'Zix,Yone,Varus,Pyke,Kayle,Aatrox,Zed,Mel,Janna
4045,16.4,NA1_5497374766,0,,Red,0,Kayle,Aatrox,Zed,Mel,Janna,Yasuo,Garen,Rengar,Jax,Senna,Darius,Nunu & Willump,Naafiri,Twitch,Yuumi
4046,16.4,NA1_5501991400,0,,Blue,1,Ambessa,Lillia,Lux,Yunara,Lulu,Kha'Zix,Alistar,Akali,Varus,,Renekton,Ivern,Seraphine,Caitlyn,Braum
4047,16.4,NA1_5501991400,1,,Red,0,Renekton,Ivern,Seraphine,Caitlyn,Braum,Talon,Bard,Zed,Quinn,Ahri,Ambessa,Lillia,Lux,Yunara,Lulu
4048,16.4,NA1_5499298115,1,,Blue,1,Aurora,Jarvan IV,Qiyana,Ezreal,Mel,Zac,Akali,Lux,Draven,Rengar,Tryndamere,Ivern,Kassadin,Pyke,Alistar
4049,16.4,NA1_5499298115,0,,Red,0,Tryndamere,Ivern,Kassadin,Pyke,Alistar,Gwen,Lux,Poppy,Sona,Zed,Aurora,Jarvan IV,Qiyana,Ezreal,Mel
4050,16.3,NA1_5494636709,1,,Blue,1,Yone,Master Yi,Syndra,Ziggs,Soraka,Jax,Sona,Jayce,Udyr,Ambessa,Gnar,Kindred,Xerath,Jhin,Bard
4051,16.3,NA1_5494636709,0,,Red,0,Gnar,Kindred,Xerath,Jhin,Bard,Kha'Zix,Akali,Yasuo,Riven,Zilean,Yone,Master Yi,Syndra,Ziggs,Soraka
4052,16.4,NA1_5496069651,1,,Blue,1,Ambessa,Maokai,Vladimir,Miss Fortune,Nautilus,Sona,Caitlyn,Yasuo,Renekton,Syndra,Zaahen,Talon,Yunara,Seraphine,Senna
4053,16.4,NA1_5496069651,0,,Red,0,Zaahen,Talon,Yunara,Seraphine,Senna,Rengar,Darius,,Pyke,Draven,Ambessa,Maokai,Vladimir,Miss Fortune,Nautilus
4054,16.3,NA1_5494318685,0,,Blue,1,Sion,Maokai,Akshan,Jhin,Zyra,Akali,Ambessa,Riven,,Yasuo,Yone,Fiddlesticks,Ahri,Jinx,Alistar
4055,16.3,NA1_5494318685,1,,Red,0,Yone,Fiddlesticks,Ahri,Jinx,Alistar,Ambessa,Jayce,Akali,Sylas,Riven,Sion,Maokai,Akshan,Jhin,Zyra
4056,16.3,NA1_5491831920,1,,Blue,1,Yorick,Kayn,Yone,Twitch,Leona,Jax,Kha'Zix,,Irelia,Akali,Mordekaiser,Talon,Taliyah,Ezreal,Pyke
4057,16.3,NA1_5491831920,0,,Red,0,Mordekaiser,Talon,Taliyah,Ezreal,Pyke,Lucian,,Rengar,Bel'Veth,Riven,Yorick,Kayn,Yone,Twitch,Leona
4058,16.4,NA1_5501078026,0,,Blue,1,Aatrox,Sejuani,Yone,Hwei,Sona,Pyke,Qiyana,Rengar,Yasuo,Ambessa,Varus,Maokai,Azir,Ezreal,Bard
4059,16.4,NA1_5501078026,1,,Red,0,Varus,Maokai,Azir,Ezreal,Bard,Lux,Jayce,Riven,Pyke,Zed,Aatrox,Sejuani,Yone,Hwei,Sona
4060,16.4,NA1_5501038947,0,,Blue,1,Garen,Fizz,LeBlanc,Corki,Ashe,Akshan,Ambessa,Kindred,Pyke,Nasus,Graves,Qiyana,Akali,Yunara,Milio
4061,16.4,NA1_5501038947,1,,Red,0,Graves,Qiyana,Akali,Yunara,Milio,Zoe,Bel'Veth,Yasuo,Leona,Caitlyn,Garen,Fizz,LeBlanc,Corki,Ashe
4062,16.3,NA1_5494438695,0,,Blue,1,Ekko,Diana,Zac,Aphelios,Alistar,Sylas,Bel'Veth,Draven,Teemo,Poppy,Akali,Jayce,Nasus,Sivir,Syndra
4063,16.3,NA1_5494438695,1,,Red,0,Akali,Jayce,Nasus,Sivir,Syndra,Pyke,Gwen,Jax,Kha'Zix,Braum,Ekko,Diana,Zac,Aphelios,Alistar
4064,16.4,NA1_5501080994,1,,Blue,1,Naafiri,Hecarim,Zoe,Ashe,Seraphine,Nunu & Willump,Graves,Irelia,LeBlanc,,Aurora,Kha'Zix,Ryze,Lucian,Nami
4065,16.4,NA1_5501080994,0,,Red,0,Aurora,Kha'Zix,Ryze,Lucian,Nami,Draven,Rengar,Riven,Zed,Ambessa,Naafiri,Hecarim,Zoe,Ashe,Seraphine
4066,16.4,NA1_5501148274,0,,Blue,1,Malphite,Jax,Akshan,Mel,Karma,Nami,Lee Sin,Yasuo,Seraphine,Talon,Kennen,Xin Zhao,Anivia,Jhin,Bard
4067,16.4,NA1_5501148274,1,,Red,0,Kennen,Xin Zhao,Anivia,Jhin,Bard,Riven,Ambessa,Nunu & Willump,Dr. Mundo,Kha'Zix,Malphite,Jax,Akshan,Mel,Karma
4068,16.4,NA1_5499846061,0,,Blue,1,Mordekaiser,Zaahen,Aurelion Sol,Ezreal,Rammus,Vayne,,Milio,Bel'Veth,,Gnar,Zac,Yasuo,Ashe,Leona
4069,16.4,NA1_5499846061,1,,Red,0,Gnar,Zac,Yasuo,Ashe,Leona,Nami,Jayce,Tryndamere,Zoe,Swain,Mordekaiser,Zaahen,Aurelion Sol,Ezreal,Rammus
4070,16.4,NA1_5497827666,1,,Blue,1,Renekton,Zaahen,Azir,Lux,Pyke,Viktor,Lucian,Blitzcrank,Graves,Riven,Gnar,Fizz,Jayce,Sivir,Braum
4071,16.4,NA1_5497827666,0,,Red,0,Gnar,Fizz,Jayce,Sivir,Braum,,Rengar,Zed,Riven,Yasuo,Renekton,Zaahen,Azir,Lux,Pyke
4072,16.4,NA1_5502447752,0,,Blue,1,Tahm Kench,Talon,Ahri,Karthus,Aatrox,Akshan,Urgot,,Kassadin,Sivir,Rengar,Pantheon,Garen,Mel,Karma
4073,16.4,NA1_5502447752,1,,Red,0,Rengar,Pantheon,Garen,Mel,Karma,Sona,Yunara,Rumble,Darius,Graves,Tahm Kench,Talon,Ahri,Karthus,Aatrox
4074,16.4,NA1_5496041142,1,,Blue,1,Olaf,Kha'Zix,Zac,Senna,Janna,Pyke,Lee Sin,Poppy,Nautilus,Riven,Volibear,Nunu & Willump,Syndra,Smolder,Rell
4075,16.4,NA1_5496041142,0,,Red,0,Volibear,Nunu & Willump,Syndra,Smolder,Rell,Varus,Gwen,Ezreal,Sona,Diana,Olaf,Kha'Zix,Zac,Senna,Janna
4076,16.4,NA1_5500929844,1,,Blue,1,Varus,Rek'Sai,Zed,Karthus,Nami,Draven,Graves,Yasuo,Jax,Bel'Veth,Jayce,Jarvan IV,Mel,Yunara,Lulu
4077,16.4,NA1_5500929844,0,,Red,0,Jayce,Jarvan IV,Mel,Yunara,Lulu,Kha'Zix,Ashe,Rengar,Nunu & Willump,Blitzcrank,Varus,Rek'Sai,Zed,Karthus,Nami
4078,16.4,NA1_5501511930,0,,Blue,1,Olaf,Kindred,LeBlanc,Corki,Soraka,Nautilus,,Vex,Yuumi,Draven,Aatrox,Kayn,Zoe,Kog'Maw,Senna
4079,16.4,NA1_5501511930,1,,Red,0,Aatrox,Kayn,Zoe,Kog'Maw,Senna,Akshan,Ambessa,Riven,Lulu,Hecarim,Olaf,Kindred,LeBlanc,Corki,Soraka
4080,16.4,NA1_5496544629,0,,Blue,1,Aatrox,Zac,Sion,Aphelios,Senna,Syndra,Kindred,Malphite,Pyke,Varus,Kennen,Jarvan IV,Tristana,Ezreal,Karma
4081,16.4,NA1_5496544629,1,,Red,0,Kennen,Jarvan IV,Tristana,Ezreal,Karma,Sona,Draven,Zaahen,Akshan,Ambessa,Aatrox,Zac,Sion,Aphelios,Senna
4082,16.3,NA1_5495307087,0,,Blue,1,Yorick,Shyvana,Zoe,Jinx,Rakan,Talon,Syndra,Ambessa,Gwen,Naafiri,Yasuo,Lee Sin,Ryze,Sivir,Neeko
4083,16.3,NA1_5495307087,1,,Red,0,Yasuo,Lee Sin,Ryze,Sivir,Neeko,Janna,Rengar,Malphite,,Bel'Veth,Yorick,Shyvana,Zoe,Jinx,Rakan
4084,16.4,NA1_5498968785,1,,Blue,1,Vel'Koz,Naafiri,Thresh,Xayah,Soraka,Jayce,Draven,Blitzcrank,Talon,Gwen,K'Sante,Rengar,Rumble,Mel,Leona
4085,16.4,NA1_5498968785,0,,Red,0,K'Sante,Rengar,Rumble,Mel,Leona,Ezreal,Kindred,Akali,Karma,Irelia,Vel'Koz,Naafiri,Thresh,Xayah,Soraka
4086,16.4,NA1_5499413784,0,,Blue,1,Gnar,Ambessa,Ahri,Lux,Zilean,Sona,Ekko,Bel'Veth,Zoe,Kennen,Sylas,Jayce,Ezreal,Seraphine,Neeko
4087,16.4,NA1_5499413784,1,,Red,0,Sylas,Jayce,Ezreal,Seraphine,Neeko,Riven,,Pyke,Rengar,Mel,Gnar,Ambessa,Ahri,Lux,Zilean
4088,16.4,NA1_5501714188,0,,Blue,1,Rumble,Wukong,Mel,Zeri,Yuumi,Akali,Katarina,Ambessa,Draven,Fiora,Anivia,Lee Sin,Twisted Fate,Yunara,Nautilus
4089,16.4,NA1_5501714188,1,,Red,0,Anivia,Lee Sin,Twisted Fate,Yunara,Nautilus,Yasuo,Poppy,Varus,,Zaahen,Rumble,Wukong,Mel,Zeri,Yuumi
4090,16.4,NA1_5501542536,0,,Blue,1,Fizz,Taliyah,Yone,Yunara,Pyke,Yasuo,Nautilus,Fiddlesticks,Rengar,Akali,Kennen,Sylas,Zoe,Corki,Nidalee
4091,16.4,NA1_5501542536,1,,Red,0,Kennen,Sylas,Zoe,Corki,Nidalee,Rengar,Jayce,,Blitzcrank,Akali,Fizz,Taliyah,Yone,Yunara,Pyke
4092,16.4,NA1_5495849002,1,,Blue,1,Aatrox,Kha'Zix,Kassadin,Tristana,Senna,Draven,Zoe,Jax,Lee Sin,Vladimir,Rumble,Naafiri,Yone,Corki,Braum
4093,16.4,NA1_5495849002,0,,Red,0,Rumble,Naafiri,Yone,Corki,Braum,Mel,Master Yi,Tryndamere,Pyke,Riven,Aatrox,Kha'Zix,Kassadin,Tristana,Senna
4094,16.4,NA1_5497391228,1,,Blue,1,Gnar,Nunu & Willump,Corki,Mel,Bard,Rengar,Shaco,Bel'Veth,Riven,Neeko,Malzahar,Taliyah,Tristana,Sivir,Rell
4095,16.4,NA1_5497391228,0,,Red,0,Malzahar,Taliyah,Tristana,Sivir,Rell,Bel'Veth,Elise,Olaf,Yasuo,Hwei,Gnar,Nunu & Willump,Corki,Mel,Bard
4096,16.4,NA1_5501989454,1,,Blue,1,Briar,Ekko,Yone,Xerath,Rakan,,Akshan,Karma,Sylas,Jax,Vayne,Ambessa,Nunu & Willump,Seraphine,Sona
4097,16.4,NA1_5501989454,0,,Red,0,Vayne,Ambessa,Nunu & Willump,Seraphine,Sona,Pyke,Master Yi,Yasuo,Anivia,Sivir,Briar,Ekko,Yone,Xerath,Rakan
4098,16.4,NA1_5496076424,1,,Blue,1,Rumble,Jarvan IV,Yasuo,Brand,Nami,Ziggs,Azir,Sylas,,Kha'Zix,Nasus,Wukong,Ahri,Seraphine,Alistar
4099,16.4,NA1_5496076424,0,,Red,0,Nasus,Wukong,Ahri,Seraphine,Alistar,Zoe,Smolder,Kindred,Sylas,Ambessa,Rumble,Jarvan IV,Yasuo,Brand,Nami
4100,16.4,NA1_5501283815,0,,Blue,1,Vayne,Naafiri,Ambessa,Senna,Seraphine,Sona,Gangplank,Nautilus,,Anivia,Kayle,Viego,Zoe,Kai'Sa,Leona
4101,16.4,NA1_5501283815,1,,Red,0,Kayle,Viego,Zoe,Kai'Sa,Leona,Zaahen,Jax,Sylas,Yasuo,Draven,Vayne,Naafiri,Ambessa,Senna,Seraphine
4102,16.3,NA1_5491998828,0,,Blue,1,Zaahen,Ivern,Cassiopeia,Yunara,Lulu,Jax,Hecarim,Talon,Dr. Mundo,Zed,Aurora,Kayn,Mel,Jinx,Nami
4103,16.3,NA1_5491998828,1,,Red,0,Aurora,Kayn,Mel,Jinx,Nami,Nautilus,Jax,Gwen,Jayce,Bard,Zaahen,Ivern,Cassiopeia,Yunara,Lulu
4104,16.4,NA1_5496816683,1,,Blue,1,Wukong,Talon,Xerath,Jhin,Rakan,Jax,Akali,Ambessa,Shaco,Jarvan IV,Zaahen,Qiyana,Hwei,Lux,Zoe
4105,16.4,NA1_5496816683,0,,Red,0,Zaahen,Qiyana,Hwei,Lux,Zoe,Mel,,Rengar,Yorick,Sivir,Wukong,Talon,Xerath,Jhin,Rakan
4106,16.3,NA1_5494080955,1,,Blue,1,Camille,Zac,Orianna,Senna,Karma,Neeko,Rengar,Poppy,Zed,Jax,Fiora,Graves,Yone,Seraphine,Nami
4107,16.3,NA1_5494080955,0,,Red,0,Fiora,Graves,Yone,Seraphine,Nami,Sona,Nunu & Willump,Ambessa,Riven,,Camille,Zac,Orianna,Senna,Karma
4108,16.4,NA1_5502408237,1,,Blue,1,Garen,Talon,Urgot,Karthus,Senna,Sylas,Darius,Sivir,,Kled,Ambessa,Nidalee,Quinn,Jhin,Bard
4109,16.4,NA1_5502408237,0,,Red,0,Ambessa,Nidalee,Quinn,Jhin,Bard,Poppy,,Riven,Yasuo,Darius,Garen,Talon,Urgot,Karthus,Senna
4110,16.4,NA1_5499973050,0,,Blue,1,Aurora,Udyr,Yone,Kai'Sa,Taric,Riven,Jayce,Pyke,Ambessa,Zoe,Zaahen,Graves,Akali,Seraphine,Neeko
4111,16.4,NA1_5499973050,1,,Red,0,Zaahen,Graves,Akali,Seraphine,Neeko,Bel'Veth,Rengar,Pyke,Rumble,Mel,Aurora,Udyr,Yone,Kai'Sa,Taric
4112,16.4,NA1_5500381174,1,,Blue,1,Jayce,Vi,Ahri,Vladimir,Poppy,,Fiddlesticks,Ambessa,Graves,Karthus,Shen,Wukong,Sylas,Tristana,Bard
4113,16.4,NA1_5500381174,0,,Red,0,Shen,Wukong,Sylas,Tristana,Bard,Riven,Taliyah,Zed,Rengar,Tryndamere,Jayce,Vi,Ahri,Vladimir,Poppy
4114,16.4,NA1_5496166096,0,,Blue,1,Aatrox,Kha'Zix,Kassadin,Jinx,Thresh,Jax,Hwei,Caitlyn,Kennen,Pyke,LeBlanc,Jayce,Lucian,Aurelion Sol,Nautilus
4115,16.4,NA1_5496166096,1,,Red,0,LeBlanc,Jayce,Lucian,Aurelion Sol,Nautilus,Zoe,Bel'Veth,Ryze,Sion,Draven,Aatrox,Kha'Zix,Kassadin,Jinx,Thresh
4116,16.3,NA1_5492350248,1,,Blue,1,Aatrox,Gwen,Sion,Yunara,Yuumi,Jayce,Kha'Zix,Zac,Pyke,Yasuo,Shen,Zaahen,Orianna,Twitch,Lulu
4117,16.3,NA1_5492350248,0,,Red,0,Shen,Zaahen,Orianna,Twitch,Lulu,Sona,Poppy,Fiora,Mel,Braum,Aatrox,Gwen,Sion,Yunara,Yuumi
4118,16.4,NA1_5496441380,0,,Blue,1,Sion,Rek'Sai,Zoe,Corki,Zyra,Veigar,Ekko,Rengar,Gragas,Aatrox,Yone,Poppy,Seraphine,Draven,Sona
4119,16.4,NA1_5496441380,1,,Red,0,Yone,Poppy,Seraphine,Draven,Sona,Akali,Kha'Zix,Gwen,Samira,Bel'Veth,Sion,Rek'Sai,Zoe,Corki,Zyra
4120,16.4,NA1_5499935943,0,,Blue,1,Yorick,Udyr,Kassadin,Syndra,Leona,Zoe,Rengar,Zed,Kha'Zix,Yasuo,Vladimir,Master Yi,Lee Sin,Yunara,Rell
4121,16.4,NA1_5499935943,1,,Red,0,Vladimir,Master Yi,Lee Sin,Yunara,Rell,Draven,Nasus,Ambessa,Thresh,Shaco,Yorick,Udyr,Kassadin,Syndra,Leona
4122,16.4,NA1_5497873186,1,,Blue,1,Jayce,Elise,Ahri,Varus,Renata Glasc,Karthus,Zoe,Pyke,Malphite,Smolder,Irelia,Lee Sin,Taliyah,Caitlyn,Leona
4123,16.4,NA1_5497873186,0,,Red,0,Irelia,Lee Sin,Taliyah,Caitlyn,Leona,Jax,Talon,Mel,Bard,,Jayce,Elise,Ahri,Varus,Renata Glasc
4124,16.3,NA1_5494565925,0,,Blue,1,Zed,Ekko,Sylas,Senna,Pyke,Rengar,Ambessa,Fiddlesticks,Riven,Mel,Briar,Shaco,Malphite,Yunara,Lulu
4125,16.3,NA1_5494565925,1,,Red,0,Briar,Shaco,Malphite,Yunara,Lulu,Ambessa,Akali,Nidalee,Rengar,Jax,Zed,Ekko,Sylas,Senna,Pyke
4126,16.4,NA1_5496781969,1,,Blue,1,Aatrox,Darius,LeBlanc,Vladimir,Nidalee,,Bel'Veth,Kha'Zix,Rengar,Fiddlesticks,Tahm Kench,Ambessa,Ahri,Senna,Karma
4127,16.4,NA1_5496781969,0,,Red,0,Tahm Kench,Ambessa,Ahri,Senna,Karma,Ziggs,Rengar,Gwen,Yasuo,Riven,Aatrox,Darius,LeBlanc,Vladimir,Nidalee
4128,16.4,NA1_5501106613,1,,Blue,1,Singed,Lillia,Naafiri,Jhin,Neeko,Irelia,Rengar,Zoe,Riven,Thresh,K'Sante,Poppy,Ryze,Varus,Anivia
4129,16.4,NA1_5501106613,0,,Red,0,K'Sante,Poppy,Ryze,Varus,Anivia,Braum,Rengar,Ambessa,Zoe,Vayne,Singed,Lillia,Naafiri,Jhin,Neeko
4130,16.3,NA1_5494941590,1,,Blue,1,Gnar,Master Yi,Twisted Fate,Lucian,Braum,Senna,Shaco,Draven,Rengar,Riven,Jax,Bel'Veth,Zoe,Anivia,Bard
4131,16.3,NA1_5494941590,0,,Red,0,Jax,Bel'Veth,Zoe,Anivia,Bard,Ambessa,Ezreal,Kha'Zix,Syndra,Fiora,Gnar,Master Yi,Twisted Fate,Lucian,Braum
4132,16.4,NA1_5496202413,1,,Blue,1,Ornn,Graves,Katarina,Samira,Janna,Lux,Ambessa,Malzahar,Varus,Jax,Fiora,Nocturne,Ahri,Vel'Koz,Rakan
4133,16.4,NA1_5496202413,0,,Red,0,Fiora,Nocturne,Ahri,Vel'Koz,Rakan,Gwen,Sylas,Jarvan IV,Viego,Shaco,Ornn,Graves,Katarina,Samira,Janna
4134,16.3,NA1_5492383321,1,,Blue,1,Morgana,Shyvana,Twisted Fate,Varus,Alistar,Naafiri,Illaoi,Zoe,Bard,Gwen,Corki,Kha'Zix,Akali,Jhin,Tahm Kench
4135,16.3,NA1_5492383321,0,,Red,0,Corki,Kha'Zix,Akali,Jhin,Tahm Kench,Galio,Naafiri,Mel,Riven,Draven,Morgana,Shyvana,Twisted Fate,Varus,Alistar
4136,16.4,NA1_5501758894,1,,Blue,1,Ornn,Kha'Zix,Ryze,Caitlyn,Milio,Graves,Akali,Talon,Nasus,Pyke,Urgot,Pantheon,Mel,Lucian,Bard
4137,16.4,NA1_5501758894,0,,Red,0,Urgot,Pantheon,Mel,Lucian,Bard,Rumble,Lux,Zaahen,Naafiri,Zac,Ornn,Kha'Zix,Ryze,Caitlyn,Milio
4138,16.4,NA1_5496920484,1,,Blue,1,Gnar,Rek'Sai,Viktor,Corki,Nami,Yasuo,Rengar,Kindred,Jayce,Nunu & Willump,Kennen,Graves,Ryze,Yunara,Nautilus
4139,16.4,NA1_5496920484,0,,Red,0,Kennen,Graves,Ryze,Yunara,Nautilus,Ambessa,Draven,Vayne,,Riven,Gnar,Rek'Sai,Viktor,Corki,Nami
4140,16.4,NA1_5500235957,1,,Blue,1,Ornn,Trundle,Riven,Kai'Sa,Amumu,Shaco,Caitlyn,Draven,Ambessa,Aurora,Sion,Rek'Sai,Swain,Jinx,Milio
4141,16.4,NA1_5500235957,0,,Red,0,Sion,Rek'Sai,Swain,Jinx,Milio,Ambessa,Kayle,Ahri,Ekko,Zaahen,Ornn,Trundle,Riven,Kai'Sa,Amumu
4142,16.4,NA1_5502205707,1,,Blue,1,Jax,Gwen,Zed,Lucian,Nautilus,Ambessa,Fiora,Mel,Bel'Veth,Draven,Darius,Viego,Ryze,Yasuo,Sona
4143,16.4,NA1_5502205707,0,,Red,0,Darius,Viego,Ryze,Yasuo,Sona,Ivern,Ambessa,Akshan,Akali,Riven,Jax,Gwen,Zed,Lucian,Nautilus
4144,16.4,NA1_5497821489,0,,Blue,1,Rumble,Kha'Zix,Vladimir,Corki,Nami,Pyke,Riven,Orianna,Jayce,Bard,Galio,Pantheon,Aurora,Twitch,Zoe
4145,16.4,NA1_5497821489,1,,Red,0,Galio,Pantheon,Aurora,Twitch,Zoe,Jayce,,Blitzcrank,Rengar,Yasuo,Rumble,Kha'Zix,Vladimir,Corki,Nami
4146,16.4,NA1_5500788247,1,,Blue,1,Tryndamere,Xin Zhao,Ahri,Yunara,Sona,Kha'Zix,Rengar,Pyke,Malphite,Akali,Jax,Zac,Zed,Lucian,Nami
4147,16.4,NA1_5500788247,0,,Red,0,Jax,Zac,Zed,Lucian,Nami,,Sylas,Ambessa,Kindred,Draven,Tryndamere,Xin Zhao,Ahri,Yunara,Sona
4148,16.3,NA1_5494906768,0,,Blue,1,Singed,Viego,Briar,Brand,Nami,Jayce,Gangplank,Akali,Ambessa,Sivir,Nasus,Graves,Syndra,Lucian,Braum
4149,16.3,NA1_5494906768,1,,Red,0,Nasus,Graves,Syndra,Lucian,Braum,Draven,Vayne,Urgot,LeBlanc,Shaco,Singed,Viego,Briar,Brand,Nami
4150,16.4,NA1_5499215715,1,,Blue,1,Varus,Jarvan IV,Galio,Jhin,Bard,Ambessa,Jax,Taliyah,Akshan,Sona,Nasus,Fizz,Qiyana,Caitlyn,Karma
4151,16.4,NA1_5499215715,0,,Red,0,Nasus,Fizz,Qiyana,Caitlyn,Karma,Rengar,,Kindred,Vladimir,Udyr,Varus,Jarvan IV,Galio,Jhin,Bard
4152,16.4,NA1_5499832239,0,,Blue,1,Aurora,Graves,Zac,Aphelios,Blitzcrank,Cassiopeia,Nautilus,Talon,Shaco,Poppy,Jarvan IV,Darius,Ahri,Veigar,Sona
4153,16.4,NA1_5499832239,1,,Red,0,Jarvan IV,Darius,Ahri,Veigar,Sona,Rengar,Yasuo,Rell,Rek'Sai,Jayce,Aurora,Graves,Zac,Aphelios,Blitzcrank
4154,16.4,NA1_5500860337,0,,Blue,1,Renekton,Diana,Yasuo,Varus,Karma,Akali,Riven,Pyke,Ambessa,Darius,Nasus,Lee Sin,Anivia,Corki,Sona
4155,16.4,NA1_5500860337,1,,Red,0,Nasus,Lee Sin,Anivia,Corki,Sona,Jayce,Ambessa,Rengar,,Ezreal,Renekton,Diana,Yasuo,Varus,Karma
4156,16.4,NA1_5499239003,0,,Blue,1,Gnar,Zaahen,Xerath,Jinx,Senna,Nautilus,Akali,Seraphine,Bel'Veth,Jax,Singed,Jarvan IV,Ahri,Jhin,Leona
4157,16.4,NA1_5499239003,1,,Red,0,Singed,Jarvan IV,Ahri,Jhin,Leona,,Vladimir,Rengar,Akali,Fiora,Gnar,Zaahen,Xerath,Jinx,Senna
4158,16.4,NA1_5499533329,0,,Blue,1,Aatrox,Lee Sin,Viktor,Lux,Zoe,Naafiri,Irelia,Rengar,Sivir,Akali,Camille,Vi,Taliyah,Yasuo,Neeko
4159,16.4,NA1_5499533329,1,,Red,0,Camille,Vi,Taliyah,Yasuo,Neeko,Graves,Ambessa,Riven,Sona,,Aatrox,Lee Sin,Viktor,Lux,Zoe
4160,16.4,NA1_5501234115,0,,Blue,1,Azir,Graves,Riven,Aphelios,Milio,Pyke,Janna,Nami,Syndra,Renekton,Kled,Diana,Zed,Jinx,Blitzcrank
4161,16.4,NA1_5501234115,1,,Red,0,Kled,Diana,Zed,Jinx,Blitzcrank,,Zac,,Fiora,Zilean,Azir,Graves,Riven,Aphelios,Milio
4162,16.3,NA1_5495274885,0,,Blue,1,Garen,Hecarim,Yasuo,Lucian,Karma,Azir,Pyke,Talon,Darius,Malphite,Kayle,Ambessa,Vex,Mel,Janna
4163,16.3,NA1_5495274885,1,,Red,0,Kayle,Ambessa,Vex,Mel,Janna,Gwen,Nautilus,Rengar,Sona,LeBlanc,Garen,Hecarim,Yasuo,Lucian,Karma
4164,16.4,NA1_5498283714,1,,Blue,1,Rek'Sai,Jayce,Veigar,Ashe,Lulu,Yasuo,Ambessa,Urgot,Zoe,Malphite,Sion,Jarvan IV,Orianna,Caitlyn,Lux
4165,16.4,NA1_5498283714,0,,Red,0,Sion,Jarvan IV,Orianna,Caitlyn,Lux,Draven,Akali,Renekton,Ambessa,Pyke,Rek'Sai,Jayce,Veigar,Ashe,Lulu
4166,16.4,NA1_5497842117,1,,Blue,1,Riven,Kindred,Anivia,Seraphine,Sona,Jayce,,Miss Fortune,Bel'Veth,Nautilus,Fiora,Graves,Aurora,Yunara,Poppy
4167,16.4,NA1_5497842117,0,,Red,0,Fiora,Graves,Aurora,Yunara,Poppy,Ziggs,Syndra,,Gwen,Jayce,Riven,Kindred,Anivia,Seraphine,Sona
4168,16.3,NA1_5495207377,1,,Blue,1,Tryndamere,Talon,Galio,Sivir,Nami,Fiora,Zoe,Rengar,Gwen,Kennen,Gnar,Dr. Mundo,LeBlanc,Kog'Maw,Trundle
4169,16.3,NA1_5495207377,0,,Red,0,Gnar,Dr. Mundo,LeBlanc,Kog'Maw,Trundle,Akshan,,Lux,Riven,Kha'Zix,Tryndamere,Talon,Galio,Sivir,Nami
4170,16.4,NA1_5497473404,0,,Blue,1,Fiora,Kha'Zix,Kayle,Sivir,Soraka,Rengar,Akali,Volibear,Lux,Ambessa,Renekton,Nunu & Willump,Gragas,Vayne,Hwei
4171,16.4,NA1_5497473404,1,,Red,0,Renekton,Nunu & Willump,Gragas,Vayne,Hwei,Kennen,Sona,Zoe,Malphite,Rek'Sai,Fiora,Kha'Zix,Kayle,Sivir,Soraka
4172,16.4,NA1_5495750824,1,,Blue,1,Riven,Zaahen,Orianna,Kai'Sa,Nasus,Rengar,Twitch,Akshan,Anivia,Rell,Fiora,Udyr,Zoe,Kalista,Morgana
4173,16.4,NA1_5495750824,0,,Red,0,Fiora,Udyr,Zoe,Kalista,Morgana,Hecarim,Ambessa,Bel'Veth,,Tristana,Riven,Zaahen,Orianna,Kai'Sa,Nasus
4174,16.3,NA1_5494326427,1,,Blue,1,Sejuani,Sylas,Viego,Brand,Nami,Gwen,Rengar,Corki,Sivir,Aatrox,Olaf,Hecarim,Ryze,Ashe,Zilean
4175,16.3,NA1_5494326427,0,,Red,0,Olaf,Hecarim,Ryze,Ashe,Zilean,Qiyana,Rengar,Akali,Twitch,,Sejuani,Sylas,Viego,Brand,Nami
4176,16.4,NA1_5502430026,1,,Blue,1,Riven,Maokai,Yasuo,Sona,Rell,Azir,Janna,Nautilus,LeBlanc,Zyra,K'Sante,Lee Sin,Viktor,Sivir,Senna
4177,16.4,NA1_5502430026,0,,Red,0,K'Sante,Lee Sin,Viktor,Sivir,Senna,Pyke,Karma,Zoe,Poppy,Zed,Riven,Maokai,Yasuo,Sona,Rell
4178,16.3,NA1_5494959308,1,,Blue,1,Darius,Zac,Twisted Fate,Lucian,Nami,Janna,Urgot,Rengar,Mel,Varus,Dr. Mundo,Bel'Veth,Vex,Kai'Sa,Sylas
4179,16.3,NA1_5494959308,0,,Red,0,Dr. Mundo,Bel'Veth,Vex,Kai'Sa,Sylas,Zed,Rumble,Braum,Yasuo,Zyra,Darius,Zac,Twisted Fate,Lucian,Nami
4180,16.3,NA1_5494473409,0,,Blue,1,K'Sante,Amumu,Yone,Smolder,Alistar,Rengar,Ambessa,Sylas,Riven,LeBlanc,Fiora,Nunu & Willump,Zoe,Corki,Nami
4181,16.3,NA1_5494473409,1,,Red,0,Fiora,Nunu & Willump,Zoe,Corki,Nami,Mel,Gwen,Jayce,Rumble,Akshan,K'Sante,Amumu,Yone,Smolder,Alistar
4182,16.4,NA1_5499902576,0,,Blue,1,Rumble,Taliyah,Akshan,Ezreal,Karma,Rengar,Ambessa,Hecarim,Syndra,Pyke,Zaahen,Taric,Katarina,Jhin,Xerath
4183,16.4,NA1_5499902576,1,,Red,0,Zaahen,Taric,Katarina,Jhin,Xerath,Kindred,Tryndamere,Draven,Pyke,Galio,Rumble,Taliyah,Akshan,Ezreal,Karma
4184,16.3,NA1_5495458911,1,,Blue,1,Shen,Fiddlesticks,Orianna,Jhin,Zilean,Galio,Tryndamere,Sivir,Zoe,Pyke,Urgot,Hecarim,Veigar,Aphelios,Karma
4185,16.3,NA1_5495458911,0,,Red,0,Urgot,Hecarim,Veigar,Aphelios,Karma,Talon,Twitch,Fiora,LeBlanc,Draven,Shen,Fiddlesticks,Orianna,Jhin,Zilean
4186,16.4,NA1_5502180907,1,,Blue,1,Yorick,Nocturne,Yone,Taliyah,Karma,Draven,Rengar,Gwen,Kassadin,Sivir,Vex,Rek'Sai,Malphite,Yasuo,Neeko
4187,16.4,NA1_5502180907,0,,Red,0,Vex,Rek'Sai,Malphite,Yasuo,Neeko,Dr. Mundo,Pyke,,Ambessa,Naafiri,Yorick,Nocturne,Yone,Taliyah,Karma
4188,16.4,NA1_5499300282,0,,Blue,1,Tryndamere,Nunu & Willump,Naafiri,Xerath,Elise,Lulu,Rengar,Yasuo,Renekton,Pyke,Irelia,Ambessa,Orianna,Vladimir,Soraka
4189,16.4,NA1_5499300282,1,,Red,0,Irelia,Ambessa,Orianna,Vladimir,Soraka,,Malphite,Fiora,Poppy,Pyke,Tryndamere,Nunu & Willump,Naafiri,Xerath,Elise
4190,16.3,NA1_5494536104,1,,Blue,1,Nasus,Bel'Veth,LeBlanc,Senna,Poppy,Vex,Sona,Rengar,Ambessa,Gwen,Tryndamere,Talon,Kassadin,Tristana,Galio
4191,16.3,NA1_5494536104,0,,Red,0,Tryndamere,Talon,Kassadin,Tristana,Galio,Malphite,Draven,Zed,Braum,Rengar,Nasus,Bel'Veth,LeBlanc,Senna,Poppy
4192,16.3,NA1_5494452028,0,,Blue,1,Vayne,Singed,Vladimir,Varus,Leona,Jayce,Thresh,Akali,Rumble,Draven,Aurora,Dr. Mundo,Kog'Maw,Senna,Swain
4193,16.3,NA1_5494452028,1,,Red,0,Aurora,Dr. Mundo,Kog'Maw,Senna,Swain,Ambessa,Azir,Rengar,Akali,Sylas,Vayne,Singed,Vladimir,Varus,Leona
4194,16.4,NA1_5502039365,0,,Blue,1,Varus,Zed,Sylas,Aphelios,Thresh,Malzahar,Aurora,Zoe,Draven,Yasuo,Sion,Graves,Twisted Fate,Vladimir,Nami
4195,16.4,NA1_5502039365,1,,Red,0,Sion,Graves,Twisted Fate,Vladimir,Nami,Anivia,Jayce,Fiora,Draven,Fiddlesticks,Varus,Zed,Sylas,Aphelios,Thresh
4196,16.4,NA1_5500375639,0,,Blue,1,Volibear,Karthus,Poppy,Xayah,Milio,Mel,Karma,Sylas,Pyke,Urgot,Sett,Udyr,Viktor,Draven,Zac
4197,16.4,NA1_5500375639,1,,Red,0,Sett,Udyr,Viktor,Draven,Zac,Nautilus,Bel'Veth,,Rengar,Varus,Volibear,Karthus,Poppy,Xayah,Milio
4198,16.4,NA1_5501522234,1,,Blue,1,Volibear,Lee Sin,Galio,Varus,Nidalee,Poppy,Ambessa,Kha'Zix,Jax,Zed,Anivia,Ivern,Akshan,Mel,Zoe
4199,16.4,NA1_5501522234,0,,Red,0,Anivia,Ivern,Akshan,Mel,Zoe,Urgot,Ezreal,Pyke,Ambessa,Syndra,Volibear,Lee Sin,Galio,Varus,Nidalee
4200,16.4,NA1_5501258618,1,,Blue,1,Gnar,Sion,Taliyah,Lucian,Nami,Nautilus,Fiddlesticks,Ambessa,Gwen,Draven,Ornn,Talon,Akali,Aphelios,Rakan
4201,16.4,NA1_5501258618,0,,Red,0,Ornn,Talon,Akali,Aphelios,Rakan,Zoe,Zaahen,Aatrox,Katarina,Bel'Veth,Gnar,Sion,Taliyah,Lucian,Nami
4202,16.4,NA1_5500186078,1,,Blue,1,Akali,Graves,Teemo,Yunara,Lee Sin,Orianna,Jax,Poppy,Jayce,Ambessa,Yorick,Viego,Ahri,Swain,Annie
4203,16.4,NA1_5500186078,0,,Red,0,Yorick,Viego,Ahri,Swain,Annie,Riven,Rengar,Ambessa,Yasuo,Karma,Akali,Graves,Teemo,Yunara,Lee Sin
4204,16.4,NA1_5502153880,1,,Blue,1,Malphite,Kindred,Neeko,Draven,Nami,Akshan,,Lissandra,Sylas,Braum,Ornn,Ambessa,Syndra,Seraphine,Alistar
4205,16.4,NA1_5502153880,0,,Red,0,Ornn,Ambessa,Syndra,Seraphine,Alistar,Riven,Gwen,Pyke,Poppy,Jax,Malphite,Kindred,Neeko,Draven,Nami
4206,16.4,NA1_5500245570,1,,Blue,1,Akali,Udyr,Zeri,Corki,Nami,Graves,Ambessa,,Draven,Nunu & Willump,Kayle,Zaahen,Anivia,Aphelios,Neeko
4207,16.4,NA1_5500245570,0,,Red,0,Kayle,Zaahen,Anivia,Aphelios,Neeko,Jax,Ahri,Pyke,Graves,Ezreal,Akali,Udyr,Zeri,Corki,Nami
4208,16.4,NA1_5499861489,0,,Blue,1,Cho'Gath,Udyr,Yone,Ashe,Nautilus,Aatrox,Graves,Akali,Kha'Zix,Sona,Smolder,Ambessa,Heimerdinger,Ahri,Blitzcrank
4209,16.4,NA1_5499861489,1,,Red,0,Smolder,Ambessa,Heimerdinger,Ahri,Blitzcrank,Rengar,Poppy,Jayce,Akali,Mel,Cho'Gath,Udyr,Yone,Ashe,Nautilus
4210,16.4,NA1_5499562449,1,,Blue,1,Akali,Jax,LeBlanc,Ashe,Soraka,Zoe,Naafiri,Sona,Rengar,Yorick,Gragas,Kindred,Nasus,Caitlyn,Morgana
4211,16.4,NA1_5499562449,0,,Red,0,Gragas,Kindred,Nasus,Caitlyn,Morgana,Kha'Zix,Nautilus,Talon,Lux,,Akali,Jax,LeBlanc,Ashe,Soraka
4212,16.4,NA1_5497077937,1,,Blue,1,Jayce,Naafiri,Sylas,Caitlyn,Poppy,Ambessa,Bel'Veth,Heimerdinger,,Gwen,Mordekaiser,Graves,Ahri,Yunara,Nautilus
4213,16.4,NA1_5497077937,0,,Red,0,Mordekaiser,Graves,Ahri,Yunara,Nautilus,Nunu & Willump,Sona,Draven,Vladimir,Akali,Jayce,Naafiri,Sylas,Caitlyn,Poppy
4214,16.3,NA1_5491978564,1,,Blue,1,Sejuani,Talon,Anivia,Yunara,Lee Sin,Kassadin,Kennen,Syndra,Poppy,Pyke,Warwick,Nidalee,Morgana,Varus,Nautilus
4215,16.3,NA1_5491978564,0,,Red,0,Warwick,Nidalee,Morgana,Varus,Nautilus,Kennen,Viktor,Braum,Hecarim,Akali,Sejuani,Talon,Anivia,Yunara,Lee Sin
4216,16.4,NA1_5495825553,1,,Blue,1,Akali,Malphite,Yone,Sivir,Rengar,Udyr,Fizz,Ambessa,Twitch,Leona,Ornn,Zed,Sylas,Olaf,Nami
4217,16.4,NA1_5495825553,0,,Red,0,Ornn,Zed,Sylas,Olaf,Nami,Syndra,Vayne,Braum,Kha'Zix,Jax,Akali,Malphite,Yone,Sivir,Rengar
4218,16.4,NA1_5500707505,0,,Blue,1,Irelia,Ambessa,Mel,Corki,Rakan,LeBlanc,Sona,Riven,Shaco,Draven,Rengar,Jarvan IV,Aurelion Sol,Swain,Soraka
4219,16.4,NA1_5500707505,1,,Red,0,Rengar,Jarvan IV,Aurelion Sol,Swain,Soraka,Vladimir,Gwen,Pyke,Yunara,Darius,Irelia,Ambessa,Mel,Corki,Rakan
4220,16.4,NA1_5500606031,0,,Blue,1,Zac,Ambessa,Ryze,Ezreal,Nautilus,Zed,Jax,Bard,Riven,Poppy,Varus,Rek'Sai,Ahri,Kai'Sa,Alistar
4221,16.4,NA1_5500606031,1,,Red,0,Varus,Rek'Sai,Ahri,Kai'Sa,Alistar,Yasuo,Anivia,Bel'Veth,Jax,Xerath,Zac,Ambessa,Ryze,Ezreal,Nautilus
4222,16.4,NA1_5499646919,0,,Blue,1,Azir,Nocturne,Akshan,Lucian,Nami,Lee Sin,Sylas,Yasuo,Graves,Malphite,Maokai,Zac,Orianna,Ezreal,Karma
4223,16.4,NA1_5499646919,1,,Red,0,Maokai,Zac,Orianna,Ezreal,Karma,Jayce,Blitzcrank,Draven,Akali,Lillia,Azir,Nocturne,Akshan,Lucian,Nami
4224,16.4,NA1_5501737163,1,,Blue,1,Tryndamere,Fiddlesticks,Riven,Jinx,Pyke,Galio,Rengar,Kindred,Azir,Malphite,Irelia,Viego,Zoe,Yunara,Karma
4225,16.4,NA1_5501737163,0,,Red,0,Irelia,Viego,Zoe,Yunara,Karma,,Rengar,Neeko,,Jax,Tryndamere,Fiddlesticks,Riven,Jinx,Pyke
4226,16.4,NA1_5500620243,1,,Blue,1,Zac,Taliyah,Yone,Sivir,Milio,Poppy,Yasuo,Kha'Zix,Bel'Veth,Pyke,Graves,Ambessa,Talon,Veigar,Karma
4227,16.4,NA1_5500620243,0,,Red,0,Graves,Ambessa,Talon,Veigar,Karma,Zed,Thresh,Ezreal,Rengar,Rumble,Zac,Taliyah,Yone,Sivir,Milio
4228,16.4,NA1_5498829912,0,,Blue,1,Rengar,Bel'Veth,Taliyah,Lux,Sona,Mel,Pyke,Darius,Graves,Akshan,Tryndamere,Jarvan IV,LeBlanc,Swain,Rell
4229,16.4,NA1_5498829912,1,,Red,0,Tryndamere,Jarvan IV,LeBlanc,Swain,Rell,Naafiri,Draven,Kennen,Neeko,Yasuo,Rengar,Bel'Veth,Taliyah,Lux,Sona
4230,16.4,NA1_5502460303,1,,Blue,1,Irelia,Gwen,Orianna,Jhin,Fiddlesticks,Jax,Kha'Zix,Yasuo,Pyke,Ekko,Olaf,Graves,Xerath,Caitlyn,Karma
4231,16.4,NA1_5502460303,0,,Red,0,Olaf,Graves,Xerath,Caitlyn,Karma,Hecarim,Bard,Zac,Talon,Vayne,Irelia,Gwen,Orianna,Jhin,Fiddlesticks
4232,16.4,NA1_5501753611,0,,Blue,1,Sion,Master Yi,Aurora,Kai'Sa,Karma,Jayce,Nautilus,Yasuo,Caitlyn,Kha'Zix,Talon,Fiddlesticks,Tristana,Xayah,Bard
4233,16.4,NA1_5501753611,1,,Red,0,Talon,Fiddlesticks,Tristana,Xayah,Bard,Graves,Galio,Nilah,Rengar,Ambessa,Sion,Master Yi,Aurora,Kai'Sa,Karma
4234,16.4,NA1_5498066205,0,,Blue,1,Mordekaiser,Kha'Zix,Ryze,Draven,Nautilus,Braum,Vayne,Rengar,Elise,Akali,Jayce,Ambessa,Cassiopeia,Xayah,Maokai
4235,16.4,NA1_5498066205,1,,Red,0,Jayce,Ambessa,Cassiopeia,Xayah,Maokai,Bel'Veth,Malphite,Diana,Karthus,Samira,Mordekaiser,Kha'Zix,Ryze,Draven,Nautilus
4236,16.3,NA1_5492027410,0,,Blue,1,Renekton,Rengar,Viktor,Aphelios,Thresh,Mel,Urgot,Riven,Zilean,Akali,Gwen,Graves,Ryze,Miss Fortune,Senna
4237,16.3,NA1_5492027410,1,,Red,0,Gwen,Graves,Ryze,Miss Fortune,Senna,Syndra,Draven,Kha'Zix,Jayce,Pyke,Renekton,Rengar,Viktor,Aphelios,Thresh
4238,16.4,NA1_5500341688,0,,Blue,1,Graves,Vayne,Vladimir,Mel,Janna,Pyke,Akshan,Nunu & Willump,Twisted Fate,Blitzcrank,Gnar,Karthus,Corki,Yasuo,Ornn
4239,16.4,NA1_5500341688,1,,Red,0,Gnar,Karthus,Corki,Yasuo,Ornn,Kha'Zix,Riven,Alistar,Karma,Orianna,Graves,Vayne,Vladimir,Mel,Janna
4240,16.4,NA1_5501279168,0,,Blue,1,Yone,Jarvan IV,Ahri,Mel,Neeko,Anivia,Sivir,Yasuo,Riven,Kha'Zix,Jax,Lee Sin,Akali,Jhin,Sona
4241,16.4,NA1_5501279168,1,,Red,0,Jax,Lee Sin,Akali,Jhin,Sona,Seraphine,Udyr,Evelynn,Zoe,Ambessa,Yone,Jarvan IV,Ahri,Mel,Neeko
4242,16.3,NA1_5491971346,1,,Blue,1,Lissandra,Rengar,Quinn,Draven,Blitzcrank,Zac,Braum,Ahri,Bel'Veth,Mel,Malphite,Sylas,Yasuo,Lucian,Yuumi
4243,16.3,NA1_5491971346,0,,Red,0,Malphite,Sylas,Yasuo,Lucian,Yuumi,,Anivia,Swain,,Ambessa,Lissandra,Rengar,Quinn,Draven,Blitzcrank
4244,16.3,NA1_5493668278,1,,Blue,1,K'Sante,Jayce,Cassiopeia,Ziggs,Sona,Fiora,Riven,Sivir,Akali,Kindred,Volibear,Tryndamere,Sylas,Yunara,Yuumi
4245,16.3,NA1_5493668278,0,,Red,0,Volibear,Tryndamere,Sylas,Yunara,Yuumi,Gangplank,Lux,Gwen,Zoe,Jax,K'Sante,Jayce,Cassiopeia,Ziggs,Sona
4246,16.4,NA1_5500051246,0,,Blue,1,Karma,Volibear,Qiyana,Aphelios,Braum,Pyke,Poppy,Rengar,Ambessa,Akali,Riven,Zaahen,Zoe,Ashe,Thresh
4247,16.4,NA1_5500051246,1,,Red,0,Riven,Zaahen,Zoe,Ashe,Thresh,Draven,Yasuo,Renekton,Ekko,Rengar,Karma,Volibear,Qiyana,Aphelios,Braum
4248,16.4,NA1_5498424042,1,,Blue,1,Aatrox,Jayce,Neeko,Lux,Seraphine,Karma,Mel,Bel'Veth,Braum,Irelia,Jax,Graves,Sivir,Hwei,Alistar
4249,16.4,NA1_5498424042,0,,Red,0,Jax,Graves,Sivir,Hwei,Alistar,Draven,Ambessa,Riven,Shaco,Akali,Aatrox,Jayce,Neeko,Lux,Seraphine
4250,16.4,NA1_5501267667,1,,Blue,1,Malphite,Master Yi,Karma,Vladimir,Sona,Fiddlesticks,Zed,Azir,Irelia,Ambessa,Kayle,Briar,Viktor,Vayne,Soraka
4251,16.4,NA1_5501267667,0,,Red,0,Kayle,Briar,Viktor,Vayne,Soraka,Jax,Akali,Rengar,Gwen,Ambessa,Malphite,Master Yi,Karma,Vladimir,Sona
4252,16.4,NA1_5497113256,0,,Blue,1,Jayce,Kha'Zix,Zoe,Caitlyn,Poppy,Sylas,Zed,,Dr. Mundo,Ambessa,Renekton,Xin Zhao,Ahri,Vayne,Rell
4253,16.4,NA1_5497113256,1,,Red,0,Renekton,Xin Zhao,Ahri,Vayne,Rell,Jax,Irelia,Kennen,Bel'Veth,Riven,Jayce,Kha'Zix,Zoe,Caitlyn,Poppy
4254,16.3,NA1_5492136446,1,,Blue,1,Jayce,Aatrox,Kayle,Kai'Sa,Alistar,Fiora,Pyke,Ambessa,Ryze,Garen,Urgot,Qiyana,Syndra,Smolder,Bard
4255,16.3,NA1_5492136446,0,,Red,0,Urgot,Qiyana,Syndra,Smolder,Bard,Fiora,Shaco,Draven,Rengar,Katarina,Jayce,Aatrox,Kayle,Kai'Sa,Alistar
4256,16.4,NA1_5496350390,1,,Blue,1,Sion,Jarvan IV,Orianna,Xayah,Rakan,Qiyana,Akshan,,Zaahen,Caitlyn,Gangplank,Naafiri,Syndra,Senna,Thresh
4257,16.4,NA1_5496350390,0,,Red,0,Gangplank,Naafiri,Syndra,Senna,Thresh,Yasuo,Riven,Shaco,Ambessa,Gwen,Sion,Jarvan IV,Orianna,Xayah,Rakan
4258,16.3,NA1_5493347640,0,,Blue,1,Camille,Jarvan IV,Aurora,Yunara,Senna,Renekton,Riven,Rengar,Pyke,Draven,Ambessa,Master Yi,Twisted Fate,Corki,Lulu
4259,16.3,NA1_5493347640,1,,Red,0,Ambessa,Master Yi,Twisted Fate,Corki,Lulu,Gwen,Zilean,Blitzcrank,Jayce,Nunu & Willump,Camille,Jarvan IV,Aurora,Yunara,Senna
4260,16.4,NA1_5499867102,0,,Blue,1,Renekton,Rengar,Galio,Xerath,Nami,Kai'Sa,Riven,Graves,Nautilus,Akshan,Cho'Gath,Talon,Fizz,Corki,Bard
4261,16.4,NA1_5499867102,1,,Red,0,Cho'Gath,Talon,Fizz,Corki,Bard,Lee Sin,Ambessa,Rumble,Gwen,Ezreal,Renekton,Rengar,Galio,Xerath,Nami
4262,16.3,NA1_5495056029,1,,Blue,1,Briar,Zaahen,Cho'Gath,Lucian,Neeko,Tristana,Rengar,Ryze,Vayne,Fiora,Jax,Mordekaiser,Akshan,Pantheon,Maokai
4263,16.3,NA1_5495056029,0,,Red,0,Jax,Mordekaiser,Akshan,Pantheon,Maokai,Akali,Poppy,Riven,Gwen,Pyke,Briar,Zaahen,Cho'Gath,Lucian,Neeko
4264,16.4,NA1_5502354646,1,,Blue,1,Volibear,Graves,Zoe,Yunara,Thresh,Jayce,Neeko,Jax,Nami,Akshan,Rek'Sai,Ambessa,Veigar,Kai'Sa,Rell
4265,16.4,NA1_5502354646,0,,Red,0,Rek'Sai,Ambessa,Veigar,Kai'Sa,Rell,Mel,Rengar,Kassadin,Tryndamere,Janna,Volibear,Graves,Zoe,Yunara,Thresh
4266,16.4,NA1_5499246293,1,,Blue,1,Kayle,Briar,Ahri,Tristana,Nautilus,Talon,Jax,Sona,,Pyke,Volibear,Sylas,Yone,Varus,Bard
4267,16.4,NA1_5499246293,0,,Red,0,Volibear,Sylas,Yone,Varus,Bard,Sona,Hecarim,Fizz,Jax,Rengar,Kayle,Briar,Ahri,Tristana,Nautilus
4268,16.3,NA1_5494765863,1,,Blue,1,Shen,Zac,Orianna,Yunara,Lulu,Janna,Jinx,Corki,Tryndamere,Zoe,Ambessa,Zaahen,Annie,Ezreal,Bard
4269,16.3,NA1_5494765863,0,,Red,0,Ambessa,Zaahen,Annie,Ezreal,Bard,,,Vayne,,,Shen,Zac,Orianna,Yunara,Lulu
4270,16.4,NA1_5501378391,0,,Blue,1,Zed,Graves,Aurora,Aphelios,Pantheon,Lulu,Darius,Ambessa,Nunu & Willump,Rengar,Gangplank,Diana,Yone,Ezreal,Karma
4271,16.4,NA1_5501378391,1,,Red,0,Gangplank,Diana,Yone,Ezreal,Karma,Renekton,Akali,Sion,Mel,Rengar,Zed,Graves,Aurora,Aphelios,Pantheon
4272,16.4,NA1_5499723575,1,,Blue,1,Riven,Xin Zhao,Hwei,Mel,Neeko,Syndra,Pyke,Jayce,Ezreal,Lee Sin,Ambessa,Jarvan IV,Aurelion Sol,Yunara,Bard
4273,16.4,NA1_5499723575,0,,Red,0,Ambessa,Jarvan IV,Aurelion Sol,Yunara,Bard,Irelia,Zoe,Aurora,Naafiri,Twitch,Riven,Xin Zhao,Hwei,Mel,Neeko
4274,16.4,NA1_5499169654,1,,Blue,1,Ornn,Master Yi,Galio,Caitlyn,Sona,Kassadin,Fiora,Jayce,Janna,Sylas,Aatrox,Zaahen,Ahri,Corki,Neeko
4275,16.4,NA1_5499169654,0,,Red,0,Aatrox,Zaahen,Ahri,Corki,Neeko,Rengar,Rumble,Ambessa,Zac,Anivia,Ornn,Master Yi,Galio,Caitlyn,Sona
4276,16.4,NA1_5501610417,0,,Blue,1,Sylas,Xin Zhao,Taliyah,Xayah,Nautilus,Shaco,Sivir,Rengar,Sona,Karma,Zac,Fizz,Orianna,Yunara,Trundle
4277,16.4,NA1_5501610417,1,,Red,0,Zac,Fizz,Orianna,Yunara,Trundle,Zed,Karma,,Poppy,Caitlyn,Sylas,Xin Zhao,Taliyah,Xayah,Nautilus
4278,16.3,NA1_5495601641,0,,Blue,1,Zaahen,Graves,Aurora,Yunara,Nami,Corki,Blitzcrank,Akshan,Jayce,Kled,Viego,Dr. Mundo,Lissandra,Aphelios,Lulu
4279,16.3,NA1_5495601641,1,,Red,0,Viego,Dr. Mundo,Lissandra,Aphelios,Lulu,Gwen,,Riven,Varus,Kha'Zix,Zaahen,Graves,Aurora,Yunara,Nami
4280,16.3,NA1_5494464326,1,,Blue,1,Yasuo,Diana,LeBlanc,Nilah,Rell,Janna,Taliyah,Bard,Jayce,Jax,Yone,Shaco,Akali,Corki,Nami
4281,16.3,NA1_5494464326,0,,Red,0,Yone,Shaco,Akali,Corki,Nami,Caitlyn,Rengar,Nunu & Willump,Jax,Bard,Yasuo,Diana,LeBlanc,Nilah,Rell
4282,16.4,NA1_5502005098,0,,Blue,1,Ambessa,Xin Zhao,Cassiopeia,Varus,Bard,Ahri,Udyr,Gwen,Akali,Azir,Yorick,Pantheon,Sylas,Mel,Pyke
4283,16.4,NA1_5502005098,1,,Red,0,Yorick,Pantheon,Sylas,Mel,Pyke,Anivia,Swain,Yasuo,Master Yi,Irelia,Ambessa,Xin Zhao,Cassiopeia,Varus,Bard
4284,16.4,NA1_5498987705,0,,Blue,1,Gragas,Ivern,Yasuo,Ezreal,Nautilus,Mel,Gwen,LeBlanc,Nasus,Akali,Gangplank,Graves,Jax,Veigar,Poppy
4285,16.4,NA1_5498987705,1,,Red,0,Gangplank,Graves,Jax,Veigar,Poppy,Ambessa,,Rengar,,Kindred,Gragas,Ivern,Yasuo,Ezreal,Nautilus
4286,16.3,NA1_5491797043,1,,Blue,1,Nasus,Udyr,Aurelion Sol,Yunara,Nami,Ahri,Bard,Nunu & Willump,Yasuo,Ambessa,Yone,Hecarim,Orianna,Corki,Seraphine
4287,16.3,NA1_5491797043,0,,Red,0,Yone,Hecarim,Orianna,Corki,Seraphine,Braum,LeBlanc,Qiyana,Katarina,Kha'Zix,Nasus,Udyr,Aurelion Sol,Yunara,Nami
4288,16.4,NA1_5502053846,1,,Blue,1,Renekton,Zac,Anivia,Vladimir,Swain,Ambessa,Sylas,Fiddlesticks,Zoe,Gwen,Fiora,Graves,Ryze,Cassiopeia,Alistar
4289,16.4,NA1_5502053846,0,,Red,0,Fiora,Graves,Ryze,Cassiopeia,Alistar,Nunu & Willump,,Yasuo,Jax,Kha'Zix,Renekton,Zac,Anivia,Vladimir,Swain
4290,16.3,NA1_5494422962,0,,Blue,1,Volibear,Kindred,Xerath,Jinx,Braum,Mel,Shaco,Poppy,Ambessa,Jax,Yasuo,Ivern,Zac,Twitch,Swain
4291,16.3,NA1_5494422962,1,,Red,0,Yasuo,Ivern,Zac,Twitch,Swain,Poppy,Lillia,Jax,Pyke,Sylas,Volibear,Kindred,Xerath,Jinx,Braum
4292,16.4,NA1_5501734573,1,,Blue,1,K'Sante,Talon,Kassadin,Nilah,Soraka,Zac,Karma,Zed,Jayce,Pyke,Gnar,Kha'Zix,Ryze,Varus,Annie
4293,16.4,NA1_5501734573,0,,Red,0,Gnar,Kha'Zix,Ryze,Varus,Annie,Akali,Mel,Malphite,Lee Sin,Ekko,K'Sante,Talon,Kassadin,Nilah,Soraka
4294,16.4,NA1_5501714797,0,,Blue,1,Ornn,Pantheon,Rumble,Yunara,Nautilus,Qiyana,Rengar,Varus,Akali,Riven,K'Sante,Jarvan IV,Viktor,Corki,Nami
4295,16.4,NA1_5501714797,1,,Red,0,K'Sante,Jarvan IV,Viktor,Corki,Nami,Zoe,Draven,Sona,Riven,Rengar,Ornn,Pantheon,Rumble,Yunara,Nautilus
4296,16.3,NA1_5495514465,1,,Blue,1,Zeri,Ambessa,Akali,Jinx,Karma,Rengar,Yasuo,Qiyana,Draven,Pyke,Sion,Bel'Veth,Anivia,Ezreal,Janna
4297,16.3,NA1_5495514465,0,,Red,0,Sion,Bel'Veth,Anivia,Ezreal,Janna,Nautilus,Poppy,Yasuo,Draven,Jax,Zeri,Ambessa,Akali,Jinx,Karma
4298,16.4,NA1_5500704283,0,,Blue,1,Nocturne,Talon,Galio,Vayne,Poppy,Rengar,Seraphine,Zoe,Fiora,Ambessa,Volibear,Jayce,Zac,Swain,Alistar
4299,16.4,NA1_5500704283,1,,Red,0,Volibear,Jayce,Zac,Swain,Alistar,Kindred,Neeko,Jax,Karma,Bel'Veth,Nocturne,Talon,Galio,Vayne,Poppy
4300,16.4,NA1_5498261842,0,,Blue,1,Tryndamere,Jarvan IV,Cho'Gath,Jinx,Lulu,Hecarim,Riven,Braum,Jayce,Malphite,Sion,Briar,Aurelion Sol,Kalista,Renata Glasc
4301,16.4,NA1_5498261842,1,,Red,0,Sion,Briar,Aurelion Sol,Kalista,Renata Glasc,Zoe,,Shaco,Poppy,Viego,Tryndamere,Jarvan IV,Cho'Gath,Jinx,Lulu
4302,16.3,NA1_5494930709,0,,Blue,1,Viego,Corki,Taliyah,Kalista,Elise,Jax,Shaco,Braum,Bel'Veth,Yasuo,Galio,Talon,Akali,Ezreal,Poppy
4303,16.3,NA1_5494930709,1,,Red,0,Galio,Talon,Akali,Ezreal,Poppy,K'Sante,Rengar,LeBlanc,Sylas,Caitlyn,Viego,Corki,Taliyah,Kalista,Elise
4304,16.4,NA1_5501041447,1,,Blue,1,Renekton,Ambessa,LeBlanc,Aphelios,Milio,Zaahen,Rek'Sai,Pyke,Naafiri,Twitch,Quinn,Viego,Hwei,Corki,Rell
4305,16.4,NA1_5501041447,0,,Red,0,Quinn,Viego,Hwei,Corki,Rell,Graves,Seraphine,Janna,Malphite,Zed,Renekton,Ambessa,LeBlanc,Aphelios,Milio
4306,16.4,NA1_5496793273,1,,Blue,1,Jax,Rek'Sai,Akali,Senna,Rell,Ambessa,Jayce,Graves,Shaco,Nunu & Willump,Fiora,Cho'Gath,Tristana,Mel,Seraphine
4307,16.4,NA1_5496793273,0,,Red,0,Fiora,Cho'Gath,Tristana,Mel,Seraphine,Ambessa,Vayne,Talon,Rengar,Katarina,Jax,Rek'Sai,Akali,Senna,Rell
4308,16.4,NA1_5499602497,0,,Blue,1,Sion,Ambessa,Orianna,Yunara,Milio,Gwen,Malphite,Sona,,Graves,Aatrox,Elise,Akali,Kai'Sa,Nami
4309,16.4,NA1_5499602497,1,,Red,0,Aatrox,Elise,Akali,Kai'Sa,Nami,Azir,Zed,Mel,Neeko,Zac,Sion,Ambessa,Orianna,Yunara,Milio
4310,16.4,NA1_5502004935,1,,Blue,1,Darius,Xin Zhao,Viktor,Kai'Sa,Nautilus,Braum,Zaahen,,Ambessa,Akali,Fiora,Graves,Orianna,Yunara,Soraka
4311,16.4,NA1_5502004935,0,,Red,0,Fiora,Graves,Orianna,Yunara,Soraka,Draven,Malphite,Zac,Yasuo,Ivern,Darius,Xin Zhao,Viktor,Kai'Sa,Nautilus
4312,16.4,NA1_5496114970,1,,Blue,1,Aatrox,Graves,Malzahar,Veigar,Leona,Hwei,Ryze,Zoe,Sona,Jax,Yorick,Jayce,LeBlanc,Swain,Bard
4313,16.4,NA1_5496114970,0,,Red,0,Yorick,Jayce,LeBlanc,Swain,Bard,Vex,Kha'Zix,Sylas,,Sona,Aatrox,Graves,Malzahar,Veigar,Leona
4314,16.4,NA1_5499270347,0,,Blue,1,Aatrox,Lee Sin,Qiyana,Hwei,Nautilus,Sivir,Sona,Ambessa,Pyke,Riven,Jayce,Zac,Kassadin,Seraphine,Neeko
4315,16.4,NA1_5499270347,1,,Red,0,Jayce,Zac,Kassadin,Seraphine,Neeko,Malphite,Zed,Pyke,Poppy,Mel,Aatrox,Lee Sin,Qiyana,Hwei,Nautilus
4316,16.4,NA1_5500744186,1,,Blue,1,Graves,Brand,Galio,Ashe,Pyke,Braum,Riven,Zac,Vladimir,Zoe,Sion,Jayce,Aurora,Yunara,Heimerdinger
4317,16.4,NA1_5500744186,0,,Red,0,Sion,Jayce,Aurora,Yunara,Heimerdinger,Dr. Mundo,Ambessa,Swain,Kha'Zix,LeBlanc,Graves,Brand,Galio,Ashe,Pyke
4318,16.4,NA1_5501705903,0,,Blue,1,Fiora,Ambessa,Ryze,Zoe,Rakan,Jayce,Graves,Akali,Fiddlesticks,Rengar,Renekton,Nidalee,Anivia,Ezreal,Riven
4319,16.4,NA1_5501705903,1,,Red,0,Renekton,Nidalee,Anivia,Ezreal,Riven,Poppy,Fiddlesticks,Azir,Yasuo,Rengar,Fiora,Ambessa,Ryze,Zoe,Rakan
4320,16.4,NA1_5502567219,1,,Blue,1,Akali,Nocturne,Ambessa,Smolder,Senna,Pyke,LeBlanc,Samira,Riven,Kassadin,Jayce,Jarvan IV,Galio,Kai'Sa,Taliyah
4321,16.4,NA1_5502567219,0,,Red,0,Jayce,Jarvan IV,Galio,Kai'Sa,Taliyah,Hecarim,Malphite,LeBlanc,Draven,Caitlyn,Akali,Nocturne,Ambessa,Smolder,Senna
4322,16.3,NA1_5493709085,0,,Blue,1,Ryze,Volibear,Sylas,Sivir,Yuumi,Fiora,Yasuo,Viktor,Gwen,Shaco,Veigar,Lee Sin,Galio,Yunara,Lulu
4323,16.3,NA1_5493709085,1,,Red,0,Veigar,Lee Sin,Galio,Yunara,Lulu,Fiora,Gwen,Ziggs,Aphelios,Akali,Ryze,Volibear,Sylas,Sivir,Yuumi
4324,16.4,NA1_5501088701,1,,Blue,1,K'Sante,Gwen,Akshan,Zilean,Nautilus,Caitlyn,Pyke,Yasuo,Shaco,Jayce,Dr. Mundo,Ambessa,Yone,Mel,Karma
4325,16.4,NA1_5501088701,0,,Red,0,Dr. Mundo,Ambessa,Yone,Mel,Karma,Azir,Sona,Poppy,Aurora,,K'Sante,Gwen,Akshan,Zilean,Nautilus
4326,16.4,NA1_5495922779,0,,Blue,1,Yone,Lee Sin,Ahri,Xayah,Nautilus,Riven,,Akali,Ambessa,Rengar,Kayle,Qiyana,Aurora,Vladimir,Karma
4327,16.4,NA1_5495922779,1,,Red,0,Kayle,Qiyana,Aurora,Vladimir,Karma,Fiddlesticks,Yasuo,Riven,Zed,Kha'Zix,Yone,Lee Sin,Ahri,Xayah,Nautilus
4328,16.4,NA1_5500316624,0,,Blue,1,Varus,Rengar,Zoe,Kai'Sa,Nautilus,Lux,Poppy,Graves,Vladimir,Ambessa,Malphite,Maokai,Yone,Ezreal,Karma
4329,16.4,NA1_5500316624,1,,Red,0,Malphite,Maokai,Yone,Ezreal,Karma,,,,Riven,,Varus,Rengar,Zoe,Kai'Sa,Nautilus
4330,16.4,NA1_5501826548,1,,Blue,1,Ornn,Naafiri,Zoe,Miss Fortune,Nautilus,Yunara,Mel,Akali,Fiora,Sona,Vladimir,Jarvan IV,Camille,Veigar,Janna
4331,16.4,NA1_5501826548,0,,Red,0,Vladimir,Jarvan IV,Camille,Veigar,Janna,Jax,Fiddlesticks,Sona,Rengar,Ambessa,Ornn,Naafiri,Zoe,Miss Fortune,Nautilus
4332,16.4,NA1_5499524341,0,,Blue,1,Malphite,Kha'Zix,Azir,Miss Fortune,Lee Sin,Ambessa,Poppy,Yorick,Bel'Veth,Draven,Garen,Xin Zhao,Akali,Smolder,Karma
4333,16.4,NA1_5499524341,1,,Red,0,Garen,Xin Zhao,Akali,Smolder,Karma,LeBlanc,Gwen,Pyke,Shaco,Darius,Malphite,Kha'Zix,Azir,Miss Fortune,Lee Sin
4334,16.4,NA1_5498141966,0,,Blue,1,Renekton,Qiyana,Twisted Fate,Samira,Wukong,Rengar,,Karma,Kayle,Alistar,Malphite,Kindred,Vladimir,Draven,Pyke
4335,16.4,NA1_5498141966,1,,Red,0,Malphite,Kindred,Vladimir,Draven,Pyke,Mel,Aphelios,Naafiri,Jayce,Bel'Veth,Renekton,Qiyana,Twisted Fate,Samira,Wukong
4336,16.4,NA1_5499930330,0,,Blue,1,Renekton,Jayce,Syndra,Ashe,Seraphine,Rengar,Zoe,Mel,Gwen,Bel'Veth,Dr. Mundo,Ambessa,Zac,Jhin,Nami
4337,16.4,NA1_5499930330,1,,Red,0,Dr. Mundo,Ambessa,Zac,Jhin,Nami,Poppy,Azir,Rengar,Nautilus,Ahri,Renekton,Jayce,Syndra,Ashe,Seraphine
4338,16.3,NA1_5492155595,0,,Blue,1,Sion,Talon,Aurora,Yunara,Alistar,Kindred,,Yasuo,Riven,,Yone,Ambessa,Pyke,Lux,Nami
4339,16.3,NA1_5492155595,1,,Red,0,Yone,Ambessa,Pyke,Lux,Nami,Sylas,Rengar,Akali,Jayce,Riven,Sion,Talon,Aurora,Yunara,Alistar
4340,16.3,NA1_5492116804,1,,Blue,1,Anivia,Gwen,Corki,Zoe,Shen,Bel'Veth,Nunu & Willump,Jax,Zaahen,Katarina,Illaoi,Kha'Zix,Twisted Fate,Hwei,Pantheon
4341,16.3,NA1_5492116804,0,,Red,0,Illaoi,Kha'Zix,Twisted Fate,Hwei,Pantheon,Nunu & Willump,Fiora,,Kennen,Braum,Anivia,Gwen,Corki,Zoe,Shen
4342,16.4,NA1_5496041682,1,,Blue,1,Darius,Maokai,Akali,Ezreal,Sona,Yuumi,Pyke,Renekton,Zoe,Riven,Ornn,Jarvan IV,Vladimir,Fiora,Leona
4343,16.4,NA1_5496041682,0,,Red,0,Ornn,Jarvan IV,Vladimir,Fiora,Leona,Draven,Dr. Mundo,Zed,Caitlyn,Syndra,Darius,Maokai,Akali,Ezreal,Sona
4344,16.3,NA1_5494502808,0,,Blue,1,Dr. Mundo,Lee Sin,Aurora,Yunara,Lulu,Ambessa,Bel'Veth,Yasuo,Rengar,Pyke,Kayle,Kha'Zix,Zoe,Sivir,Poppy
4345,16.3,NA1_5494502808,1,,Red,0,Kayle,Kha'Zix,Zoe,Sivir,Poppy,Akshan,Ambessa,Sona,Talon,Rengar,Dr. Mundo,Lee Sin,Aurora,Yunara,Lulu
4346,16.4,NA1_5497145237,1,,Blue,1,Gwen,Graves,Renekton,Caitlyn,Bard,Jax,Kennen,Talon,Rengar,Ambessa,Dr. Mundo,Kha'Zix,Vel'Koz,Kai'Sa,Nautilus
4347,16.4,NA1_5497145237,0,,Red,0,Dr. Mundo,Kha'Zix,Vel'Koz,Kai'Sa,Nautilus,Aatrox,Shaco,Zoe,Ambessa,Mel,Gwen,Graves,Renekton,Caitlyn,Bard
4348,16.3,NA1_5494702530,0,,Blue,1,Pantheon,Ambessa,Syndra,Yasuo,Sejuani,Bel'Veth,Kha'Zix,,Gwen,Pyke,Azir,Graves,Jayce,Ziggs,Soraka
4349,16.3,NA1_5494702530,1,,Red,0,Azir,Graves,Jayce,Ziggs,Soraka,Sivir,Akali,Sona,Gwen,Irelia,Pantheon,Ambessa,Syndra,Yasuo,Sejuani
4350,16.4,NA1_5496628958,1,,Blue,1,Zaahen,Viego,Yasuo,Yunara,Lulu,Rumble,Kha'Zix,Brand,Draven,Taliyah,Riven,Jarvan IV,Orianna,Xayah,Nami
4351,16.4,NA1_5496628958,0,,Red,0,Riven,Jarvan IV,Orianna,Xayah,Nami,Jayce,Pyke,Kha'Zix,Rengar,Kassadin,Zaahen,Viego,Yasuo,Yunara,Lulu
4352,16.4,NA1_5496528861,0,,Blue,1,Gnar,Taliyah,Akali,Lucian,Sona,Poppy,Nautilus,Rengar,Vladimir,Kassadin,Irelia,Rumble,Riven,Kai'Sa,Leona
4353,16.4,NA1_5496528861,1,,Red,0,Irelia,Rumble,Riven,Kai'Sa,Leona,Yasuo,Bard,Draven,Zac,Rengar,Gnar,Taliyah,Akali,Lucian,Sona
4354,16.4,NA1_5502035407,1,,Blue,1,Sion,Shaco,Qiyana,Yunara,Mel,Talon,,Ambessa,Draven,Sivir,Yone,Briar,Ryze,Lux,Zoe
4355,16.4,NA1_5502035407,0,,Red,0,Yone,Briar,Ryze,Lux,Zoe,Dr. Mundo,Viktor,K'Sante,Syndra,Morgana,Sion,Shaco,Qiyana,Yunara,Mel
4356,16.4,NA1_5497678320,1,,Blue,1,Ambessa,Graves,Akali,Jinx,Poppy,Nunu & Willump,Sivir,Jayce,Twitch,,Aatrox,Maokai,Azir,Tristana,Alistar
4357,16.4,NA1_5497678320,0,,Red,0,Aatrox,Maokai,Azir,Tristana,Alistar,Twitch,Lulu,Varus,Shaco,Riven,Ambessa,Graves,Akali,Jinx,Poppy
4358,16.4,NA1_5496208562,1,,Blue,1,Dr. Mundo,Kindred,Zoe,Vayne,Lulu,Sona,Rengar,Nunu & Willump,Riven,Zed,Yone,Talon,Kassadin,Ezreal,Karma
4359,16.4,NA1_5496208562,0,,Red,0,Yone,Talon,Kassadin,Ezreal,Karma,Pyke,Zed,Jayce,Draven,,Dr. Mundo,Kindred,Zoe,Vayne,Lulu
4360,16.3,NA1_5495457527,0,,Blue,1,Aatrox,Zac,Ryze,Jinx,Neeko,Xerath,,Rengar,,Kha'Zix,Fiora,Ambessa,Orianna,Aphelios,Janna
4361,16.3,NA1_5495457527,1,,Red,0,Fiora,Ambessa,Orianna,Aphelios,Janna,Mel,Nunu & Willump,Draven,Urgot,Yasuo,Aatrox,Zac,Ryze,Jinx,Neeko
4362,16.4,NA1_5497223745,1,,Blue,1,Sion,Kindred,Gangplank,Ezreal,Rakan,Akali,Jayce,Zoe,Pyke,Twitch,Urgot,Cho'Gath,Riven,Mel,Blitzcrank
4363,16.4,NA1_5497223745,0,,Red,0,Urgot,Cho'Gath,Riven,Mel,Blitzcrank,Ivern,Fiora,Gwen,Ryze,Braum,Sion,Kindred,Gangplank,Ezreal,Rakan
4364,16.4,NA1_5500572769,1,,Blue,1,Aatrox,Wukong,Cassiopeia,Caitlyn,Alistar,Yasuo,Riven,Ambessa,Talon,Kha'Zix,Renekton,Sylas,Akshan,Syndra,Nautilus
4365,16.4,NA1_5500572769,0,,Red,0,Renekton,Sylas,Akshan,Syndra,Nautilus,Sona,Braum,Kled,Kassadin,Irelia,Aatrox,Wukong,Cassiopeia,Caitlyn,Alistar
4366,16.4,NA1_5499877231,1,,Blue,1,Ambessa,Taric,Viktor,Xerath,Rell,Kled,Pyke,Naafiri,Yasuo,,Renekton,Shaco,Twisted Fate,Lux,Nautilus
4367,16.4,NA1_5499877231,0,,Red,0,Renekton,Shaco,Twisted Fate,Lux,Nautilus,Syndra,Braum,Yasuo,Nasus,Kha'Zix,Ambessa,Taric,Viktor,Xerath,Rell
4368,16.4,NA1_5498785007,1,,Blue,1,Volibear,Kha'Zix,Vladimir,Lux,Zoe,Fiddlesticks,Sivir,,Jax,Rengar,K'Sante,Lee Sin,Karma,Vayne,Rakan
4369,16.4,NA1_5498785007,0,,Red,0,K'Sante,Lee Sin,Karma,Vayne,Rakan,Rengar,Azir,Sona,Riven,Nautilus,Volibear,Kha'Zix,Vladimir,Lux,Zoe
4370,16.4,NA1_5499294848,0,,Blue,1,Lee Sin,Jarvan IV,Taliyah,Ezreal,Rakan,Zoe,Riven,Neeko,Pyke,Zac,Malphite,Jayce,Akshan,Seraphine,Rell
4371,16.4,NA1_5499294848,1,,Red,0,Malphite,Jayce,Akshan,Seraphine,Rell,Ivern,Ambessa,Mel,Pyke,Rengar,Lee Sin,Jarvan IV,Taliyah,Ezreal,Rakan
4372,16.4,NA1_5499562128,1,,Blue,1,Shen,Graves,Viktor,Yunara,Gragas,Jayce,Hecarim,,Zoe,Poppy,Ambessa,Lee Sin,Neeko,Pantheon,Master Yi
4373,16.4,NA1_5499562128,0,,Red,0,Ambessa,Lee Sin,Neeko,Pantheon,Master Yi,Zed,Naafiri,Irelia,Poppy,Jax,Shen,Graves,Viktor,Yunara,Gragas
4374,16.4,NA1_5500518308,1,,Blue,1,Jayce,Udyr,Orianna,Jinx,Poppy,Yasuo,Nocturne,Soraka,Ambessa,Malphite,Singed,Viego,Naafiri,Veigar,Pantheon
4375,16.4,NA1_5500518308,0,,Red,0,Singed,Viego,Naafiri,Veigar,Pantheon,Graves,Mel,Malzahar,,Lulu,Jayce,Udyr,Orianna,Jinx,Poppy
4376,16.4,NA1_5500047790,0,,Blue,1,Jax,Wukong,Ryze,Seraphine,Neeko,Zed,Rumble,Pyke,Mel,Jayce,Akali,Graves,Twisted Fate,Miss Fortune,Nautilus
4377,16.4,NA1_5500047790,1,,Red,0,Akali,Graves,Twisted Fate,Miss Fortune,Nautilus,Jayce,Rengar,Ambessa,Yasuo,Riven,Jax,Wukong,Ryze,Seraphine,Neeko
4378,16.4,NA1_5499969794,0,,Blue,1,Gwen,Naafiri,Annie,Tristana,Nautilus,Akali,Rumble,Bard,Braum,Jayce,Garen,Kha'Zix,Vex,Yunara,Alistar
4379,16.4,NA1_5499969794,1,,Red,0,Garen,Kha'Zix,Vex,Yunara,Alistar,Katarina,Ambessa,,Varus,Rengar,Gwen,Naafiri,Annie,Tristana,Nautilus
4380,16.4,NA1_5499766851,0,,Blue,1,Jax,Jarvan IV,Ekko,Vex,Senna,Akali,Rengar,Zed,Sivir,Pantheon,Neeko,Kha'Zix,Ahri,Kai'Sa,Nautilus
4381,16.4,NA1_5499766851,1,,Red,0,Neeko,Kha'Zix,Ahri,Kai'Sa,Nautilus,Jayce,Qiyana,Pyke,Ambessa,Akali,Jax,Jarvan IV,Ekko,Vex,Senna
4382,16.4,NA1_5500091240,0,,Blue,1,Yasuo,Taliyah,Zyra,Caitlyn,Alistar,Vladimir,Aphelios,Ambessa,Malphite,Rek'Sai,Darius,Graves,Aurelion Sol,Vel'Koz,Leona
4383,16.4,NA1_5500091240,1,,Red,0,Darius,Graves,Aurelion Sol,Vel'Koz,Leona,Poppy,Jinx,Sylas,Fiddlesticks,,Yasuo,Taliyah,Zyra,Caitlyn,Alistar
4384,16.4,NA1_5502126281,1,,Blue,1,Zaahen,Kog'Maw,Zac,Kai'Sa,Thresh,Varus,Zed,Ezreal,Mel,Riven,Smolder,Taliyah,Twisted Fate,Corki,Rakan
4385,16.4,NA1_5502126281,0,,Red,0,Smolder,Taliyah,Twisted Fate,Corki,Rakan,Draven,Brand,Anivia,Riven,Kha'Zix,Zaahen,Kog'Maw,Zac,Kai'Sa,Thresh
4386,16.4,NA1_5501449850,0,,Blue,1,Aurora,Rengar,LeBlanc,Miss Fortune,Sona,Kha'Zix,Yasuo,Graves,Pyke,Ambessa,Irelia,Hecarim,Orianna,Corki,Nami
4387,16.4,NA1_5501449850,1,,Red,0,Irelia,Hecarim,Orianna,Corki,Nami,Zed,Talon,Varus,Jax,Poppy,Aurora,Rengar,LeBlanc,Miss Fortune,Sona
4388,16.3,NA1_5494416178,1,,Blue,1,Kennen,Aatrox,Zoe,Zeri,Braum,Rengar,Syndra,Ambessa,Mel,Volibear,Sion,Talon,Vex,Aphelios,Nautilus
4389,16.3,NA1_5494416178,0,,Red,0,Sion,Talon,Vex,Aphelios,Nautilus,Akali,Lee Sin,Mel,Bard,Jax,Kennen,Aatrox,Zoe,Zeri,Braum
4390,16.4,NA1_5502145225,1,,Blue,1,Sion,Shaco,Akali,Samira,Lulu,Talon,Aatrox,Caitlyn,Ambessa,Bel'Veth,Gnar,Jarvan IV,Jayce,Hwei,Leona
4391,16.4,NA1_5502145225,0,,Red,0,Gnar,Jarvan IV,Jayce,Hwei,Leona,Irelia,Lucian,Yasuo,Zed,Riven,Sion,Shaco,Akali,Samira,Lulu
4392,16.4,NA1_5496767758,1,,Blue,1,Jax,Rek'Sai,Teemo,Mel,Sona,Shaco,Ambessa,Rengar,Hecarim,Jayce,Fiora,Graves,Orianna,Varus,Nautilus
4393,16.4,NA1_5496767758,0,,Red,0,Fiora,Graves,Orianna,Varus,Nautilus,Rengar,Yunara,Ambessa,Vayne,Akali,Jax,Rek'Sai,Teemo,Mel,Sona
4394,16.4,NA1_5497089851,0,,Blue,1,Jax,Graves,Ahri,Jinx,Senna,Zoe,Kindred,Yasuo,Karthus,Rengar,Varus,Master Yi,Ambessa,Yunara,Lulu
4395,16.4,NA1_5497089851,1,,Red,0,Varus,Master Yi,Ambessa,Yunara,Lulu,Jayce,Riven,Pyke,LeBlanc,Twitch,Jax,Graves,Ahri,Jinx,Senna
4396,16.4,NA1_5500700884,1,,Blue,1,Jax,Master Yi,Zoe,Pyke,Alistar,Varus,Ambessa,Sylas,Braum,Akshan,Graves,Pantheon,Ahri,Corki,Rakan
4397,16.4,NA1_5500700884,0,,Red,0,Graves,Pantheon,Ahri,Corki,Rakan,Rengar,Zed,Ambessa,Malphite,Draven,Jax,Master Yi,Zoe,Pyke,Alistar
4398,16.4,NA1_5500992601,1,,Blue,1,Ambessa,Naafiri,Ryze,Jhin,Nidalee,Hecarim,Blitzcrank,,Rengar,Riven,Renekton,Graves,Ahri,Lucian,Rakan
4399,16.4,NA1_5500992601,0,,Red,0,Renekton,Graves,Ahri,Lucian,Rakan,Pyke,Poppy,Caitlyn,Riven,Orianna,Ambessa,Naafiri,Ryze,Jhin,Nidalee
4400,16.4,NA1_5498226549,0,,Blue,1,Kennen,Nunu & Willump,Corki,Caitlyn,Hwei,Elise,Nasus,Pyke,Akali,,Olaf,Master Yi,LeBlanc,Ashe,Nami
4401,16.4,NA1_5498226549,1,,Red,0,Olaf,Master Yi,LeBlanc,Ashe,Nami,Kha'Zix,Zed,Yasuo,Katarina,Riven,Kennen,Nunu & Willump,Corki,Caitlyn,Hwei
4402,16.3,NA1_5495117188,1,,Blue,1,Aatrox,Zac,Pantheon,Twitch,Nautilus,Yasuo,Poppy,,Jax,Ahri,Olaf,Jayce,Hwei,Kai'Sa,Pyke
4403,16.3,NA1_5495117188,0,,Red,0,Olaf,Jayce,Hwei,Kai'Sa,Pyke,Ambessa,Neeko,Braum,,Riven,Aatrox,Zac,Pantheon,Twitch,Nautilus
4404,16.3,NA1_5492311937,0,,Blue,1,Jax,Graves,Shen,Mel,Alistar,Sona,Corki,Jayce,Orianna,Draven,Fiora,Ambessa,Aurora,Yunara,Ekko
4405,16.3,NA1_5492311937,1,,Red,0,Fiora,Ambessa,Aurora,Yunara,Ekko,Kha'Zix,Bel'Veth,Jayce,Gwen,Viktor,Jax,Graves,Shen,Mel,Alistar
4406,16.4,NA1_5497911547,0,,Blue,1,Sylas,Jayce,Aurora,Lucian,Senna,Swain,Viktor,,Akali,Talon,Irelia,Lee Sin,Katarina,Tahm Kench,Karma
4407,16.4,NA1_5497911547,1,,Red,0,Irelia,Lee Sin,Katarina,Tahm Kench,Karma,Pyke,Vel'Koz,Jax,Zed,Xin Zhao,Sylas,Jayce,Aurora,Lucian,Senna
4408,16.4,NA1_5497747812,1,,Blue,1,Ambessa,Hecarim,Hwei,Lucian,Nami,Riven,Nunu & Willump,Fiddlesticks,Rengar,Lux,Darius,Fizz,Orianna,Aphelios,Sona
4409,16.4,NA1_5497747812,0,,Red,0,Darius,Fizz,Orianna,Aphelios,Sona,Rengar,Jayce,Rumble,Pyke,Bard,Ambessa,Hecarim,Hwei,Lucian,Nami
4410,16.4,NA1_5495826492,1,,Blue,1,Sion,Nidalee,Sylas,Aphelios,Lulu,Graves,Ezreal,Zoe,Varus,Fiora,Vayne,Udyr,Zed,Brand,Nami
4411,16.4,NA1_5495826492,0,,Red,0,Vayne,Udyr,Zed,Brand,Nami,Kindred,,Nautilus,Pyke,Draven,Sion,Nidalee,Sylas,Aphelios,Lulu
4412,16.4,NA1_5502098751,0,,Blue,1,Jayce,Jarvan IV,Galio,Senna,Nautilus,Yasuo,Akali,Shaco,Ambessa,Graves,Rumble,Zaahen,Irelia,Jhin,Karma
4413,16.4,NA1_5502098751,1,,Red,0,Rumble,Zaahen,Irelia,Jhin,Karma,Graves,,Kennen,Rengar,Pyke,Jayce,Jarvan IV,Galio,Senna,Nautilus
4414,16.4,NA1_5501372600,0,,Blue,1,Sion,Graves,Zoe,Jhin,Elise,Ambessa,Jax,Seraphine,LeBlanc,,Camille,Jarvan IV,Akali,Swain,Lee Sin
4415,16.4,NA1_5501372600,1,,Red,0,Camille,Jarvan IV,Akali,Swain,Lee Sin,Sylas,Ambessa,Rengar,,Poppy,Sion,Graves,Zoe,Jhin,Elise
4416,16.4,NA1_5495839248,0,,Blue,1,Aatrox,Ambessa,Tahm Kench,Caitlyn,Leona,Gnar,Kennen,Rengar,Draven,Braum,Renekton,Ekko,Zed,Ezreal,Brand
4417,16.4,NA1_5495839248,1,,Red,0,Renekton,Ekko,Zed,Ezreal,Brand,Malphite,Kha'Zix,Bel'Veth,,Kled,Aatrox,Ambessa,Tahm Kench,Caitlyn,Leona
4418,16.4,NA1_5496621332,1,,Blue,1,Yorick,Dr. Mundo,Irelia,Kai'Sa,Milio,Jayce,Rengar,Akali,Gwen,Nunu & Willump,Tryndamere,Xin Zhao,Anivia,Lux,Zoe
4419,16.4,NA1_5496621332,0,,Red,0,Tryndamere,Xin Zhao,Anivia,Lux,Zoe,Rengar,Braum,Renekton,Syndra,Sivir,Yorick,Dr. Mundo,Irelia,Kai'Sa,Milio
4420,16.3,NA1_5491937306,1,,Blue,1,Nasus,Ivern,Kennen,Pyke,Alistar,Rumble,Sylas,Jayce,Elise,Udyr,Garen,Rengar,Ahri,Jinx,Thresh
4421,16.3,NA1_5491937306,0,,Red,0,Garen,Rengar,Ahri,Jinx,Thresh,Bel'Veth,Twitch,Bard,Zed,Jax,Nasus,Ivern,Kennen,Pyke,Alistar
4422,16.4,NA1_5498004989,0,,Blue,1,Shen,Zyra,Tristana,Singed,Yuumi,Morgana,Kha'Zix,Draven,Lux,Rumble,Anivia,Brand,Vex,Twitch,Lulu
4423,16.4,NA1_5498004989,1,,Red,0,Anivia,Brand,Vex,Twitch,Lulu,Rengar,Pyke,Aatrox,Mel,Yasuo,Shen,Zyra,Tristana,Singed,Yuumi
4424,16.4,NA1_5501052719,0,,Blue,1,Zaahen,Maokai,Viktor,Corki,Blitzcrank,Akali,Pyke,Qiyana,Mel,Riven,Camille,Dr. Mundo,Aurora,Varus,Soraka
4425,16.4,NA1_5501052719,1,,Red,0,Camille,Dr. Mundo,Aurora,Varus,Soraka,Nautilus,Sona,Jayce,,Nunu & Willump,Zaahen,Maokai,Viktor,Corki,Blitzcrank
4426,16.4,NA1_5501293726,1,,Blue,1,Dr. Mundo,Ekko,Viktor,Ezreal,Elise,Pyke,Mel,Rengar,Seraphine,Ambessa,Aatrox,Kindred,Ahri,Ashe,Sona
4427,16.4,NA1_5501293726,0,,Red,0,Aatrox,Kindred,Ahri,Ashe,Sona,Nautilus,Caitlyn,Wukong,Yasuo,Vayne,Dr. Mundo,Ekko,Viktor,Ezreal,Elise
4428,16.4,NA1_5500918126,1,,Blue,1,Shen,Udyr,Sylas,Jhin,Nautilus,Ambessa,Kha'Zix,Bard,Taliyah,Tryndamere,Morgana,Jarvan IV,Ryze,Ezreal,Karma
4429,16.4,NA1_5500918126,0,,Red,0,Morgana,Jarvan IV,Ryze,Ezreal,Karma,Caitlyn,Pyke,Ambessa,Vayne,Zed,Shen,Udyr,Sylas,Jhin,Nautilus
4430,16.3,NA1_5494077219,1,,Blue,1,Fiora,Zac,Azir,Yasuo,Alistar,Poppy,Sona,LeBlanc,Jayce,Pyke,Vayne,Kindred,Swain,Miss Fortune,Rell
4431,16.3,NA1_5494077219,0,,Red,0,Vayne,Kindred,Swain,Miss Fortune,Rell,,Ambessa,,Shaco,Riven,Fiora,Zac,Azir,Yasuo,Alistar
4432,16.4,NA1_5501775516,1,,Blue,1,Malphite,Graves,Camille,Corki,Sona,Draven,Kha'Zix,Jax,Pyke,Poppy,Rek'Sai,Jayce,Zoe,Jhin,Senna
4433,16.4,NA1_5501775516,0,,Red,0,Rek'Sai,Jayce,Zoe,Jhin,Senna,Katarina,Ambessa,Karthus,Kha'Zix,Shaco,Malphite,Graves,Camille,Corki,Sona
4434,16.4,NA1_5501436014,1,,Blue,1,Ambessa,Jarvan IV,Azir,Yunara,Braum,Jayce,Vladimir,Varus,Rengar,Yasuo,Dr. Mundo,Maokai,Aurora,Aphelios,Lulu
4435,16.4,NA1_5501436014,0,,Red,0,Dr. Mundo,Maokai,Aurora,Aphelios,Lulu,Yasuo,Swain,Varus,Sona,Fiora,Ambessa,Jarvan IV,Azir,Yunara,Braum
4436,16.3,NA1_5491853180,0,,Blue,1,Urgot,Ivern,Anivia,Varus,Nami,Aphelios,Kha'Zix,Irelia,Katarina,Talon,Zed,Aatrox,Lux,Miss Fortune,Bard
4437,16.3,NA1_5491853180,1,,Red,0,Zed,Aatrox,Lux,Miss Fortune,Bard,Elise,Talon,Akshan,Ambessa,Pyke,Urgot,Ivern,Anivia,Varus,Nami
4438,16.4,NA1_5497527160,0,,Blue,1,Irelia,Rengar,Zed,Karthus,Neeko,Riven,Kindred,Jax,Draven,Karma,Darius,Graves,Galio,Twitch,Rakan
4439,16.4,NA1_5497527160,1,,Red,0,Darius,Graves,Galio,Twitch,Rakan,Bel'Veth,Yasuo,Riven,Pyke,Azir,Irelia,Rengar,Zed,Karthus,Neeko
4440,16.4,NA1_5500130262,1,,Blue,1,Sion,Udyr,Zoe,Jinx,Vel'Koz,Syndra,Talon,Master Yi,Ambessa,Pyke,Yone,Fizz,Orianna,Kai'Sa,Sona
4441,16.4,NA1_5500130262,0,,Red,0,Yone,Fizz,Orianna,Kai'Sa,Sona,Twitch,Akali,Kha'Zix,Blitzcrank,Ambessa,Sion,Udyr,Zoe,Jinx,Vel'Koz
4442,16.4,NA1_5495818756,1,,Blue,1,Rumble,Skarner,Zed,Ziggs,Alistar,Kled,Pyke,,Kha'Zix,Ambessa,Akali,Lee Sin,Malphite,Caitlyn,Zoe
4443,16.4,NA1_5495818756,0,,Red,0,Akali,Lee Sin,Malphite,Caitlyn,Zoe,Akshan,Draven,Naafiri,Samira,Bel'Veth,Rumble,Skarner,Zed,Ziggs,Alistar
4444,16.4,NA1_5497534837,0,,Blue,1,Rengar,Fiddlesticks,Naafiri,Ashe,Braum,Zac,Zaahen,Taric,Yone,Galio,Renekton,Poppy,Taliyah,Syndra,Nami
4445,16.4,NA1_5497534837,1,,Red,0,Renekton,Poppy,Taliyah,Syndra,Nami,Pyke,Yasuo,Bel'Veth,,Kennen,Rengar,Fiddlesticks,Naafiri,Ashe,Braum
4446,16.4,NA1_5499871441,1,,Blue,1,Cho'Gath,Udyr,Quinn,Jinx,Karma,Ambessa,Yasuo,Kha'Zix,Jayce,Aatrox,Jax,Jarvan IV,Varus,Caitlyn,Maokai
4447,16.4,NA1_5499871441,0,,Red,0,Jax,Jarvan IV,Varus,Caitlyn,Maokai,Dr. Mundo,Syndra,Azir,Ekko,Lucian,Cho'Gath,Udyr,Quinn,Jinx,Karma
4448,16.4,NA1_5499889720,0,,Blue,1,Ambessa,Talon,Lucian,Swain,Nami,Sylas,Master Yi,Kled,Jayce,Lee Sin,Irelia,Viego,Cho'Gath,Senna,Sona
4449,16.4,NA1_5499889720,1,,Red,0,Irelia,Viego,Cho'Gath,Senna,Sona,Tristana,Jayce,Kha'Zix,Aatrox,Janna,Ambessa,Talon,Lucian,Swain,Nami
4450,16.4,NA1_5497643949,1,,Blue,1,Akali,Viego,Sion,Vladimir,Poppy,Zoe,Bel'Veth,Riven,Graves,Fiddlesticks,Olaf,Camille,Mel,Samira,Nautilus
4451,16.4,NA1_5497643949,0,,Red,0,Olaf,Camille,Mel,Samira,Nautilus,Ambessa,Rengar,Nunu & Willump,Tristana,Jax,Akali,Viego,Sion,Vladimir,Poppy
4452,16.4,NA1_5501122652,0,,Blue,1,Riven,Viego,Yasuo,Swain,Nautilus,Gwen,Zaahen,Pyke,Jarvan IV,Vex,Pantheon,Camille,Aurora,Mel,Bard
4453,16.4,NA1_5501122652,1,,Red,0,Pantheon,Camille,Aurora,Mel,Bard,Ambessa,LeBlanc,Gragas,Shaco,Volibear,Riven,Viego,Yasuo,Swain,Nautilus
4454,16.4,NA1_5499951228,0,,Blue,1,Tryndamere,Aatrox,Aurora,Ashe,Seraphine,Zilean,Shaco,Pyke,Katarina,Kennen,Riven,Udyr,Azir,Ezreal,Karma
4455,16.4,NA1_5499951228,1,,Red,0,Riven,Udyr,Azir,Ezreal,Karma,Kha'Zix,Zoe,Yunara,Ambessa,Jayce,Tryndamere,Aatrox,Aurora,Ashe,Seraphine
4456,16.4,NA1_5502217728,0,,Blue,1,Malphite,Talon,Cho'Gath,Senna,Alistar,Fiora,Sylas,Gwen,Rengar,Draven,Riven,Brand,Zed,Ashe,Maokai
4457,16.4,NA1_5502217728,1,,Red,0,Riven,Brand,Zed,Ashe,Maokai,LeBlanc,Pyke,Rengar,Sivir,Zac,Malphite,Talon,Cho'Gath,Senna,Alistar
4458,16.4,NA1_5502483248,0,,Blue,1,Sett,Viego,Syndra,Kai'Sa,Rell,Ambessa,Jarvan IV,Zed,Kha'Zix,,Nasus,Pantheon,Taliyah,Ezreal,Lux
4459,16.4,NA1_5502483248,1,,Red,0,Nasus,Pantheon,Taliyah,Ezreal,Lux,Draven,Zed,Master Yi,Riven,Mel,Sett,Viego,Syndra,Kai'Sa,Rell
4460,16.4,NA1_5501977418,0,,Blue,1,Kayle,Graves,Hwei,Smolder,Nami,Jax,Viktor,Blitzcrank,Bel'Veth,Aphelios,Dr. Mundo,Kha'Zix,Twisted Fate,Jinx,Sona
4461,16.4,NA1_5501977418,1,,Red,0,Dr. Mundo,Kha'Zix,Twisted Fate,Jinx,Sona,Zaahen,Nunu & Willump,Fiora,Neeko,Rengar,Kayle,Graves,Hwei,Smolder,Nami
4462,16.4,NA1_5500574118,1,,Blue,1,Aurora,Zaahen,Kassadin,Lux,Janna,Sona,Seraphine,Zed,Rengar,Nunu & Willump,Vladimir,Graves,Yone,Jhin,Nami
4463,16.4,NA1_5500574118,0,,Red,0,Vladimir,Graves,Yone,Jhin,Nami,Ambessa,Rek'Sai,Nunu & Willump,Draven,Jayce,Aurora,Zaahen,Kassadin,Lux,Janna
4464,16.4,NA1_5498418613,0,,Blue,1,Gangplank,Aatrox,Ryze,Caitlyn,Karma,Gwen,,Ambessa,Riven,Rengar,Jayce,Nunu & Willump,Akali,Yunara,Nami
4465,16.4,NA1_5498418613,1,,Red,0,Jayce,Nunu & Willump,Akali,Yunara,Nami,Bel'Veth,Pyke,LeBlanc,Nautilus,Dr. Mundo,Gangplank,Aatrox,Ryze,Caitlyn,Karma
4466,16.3,NA1_5494798909,0,,Blue,1,Ryze,Jarvan IV,Corki,Sivir,Yuumi,Nasus,Varus,Pyke,Draven,Irelia,Gwen,Kha'Zix,Naafiri,Ziggs,Senna
4467,16.3,NA1_5494798909,1,,Red,0,Gwen,Kha'Zix,Naafiri,Ziggs,Senna,Draven,Irelia,Rengar,Braum,Jayce,Ryze,Jarvan IV,Corki,Sivir,Yuumi
4468,16.4,NA1_5498268391,1,,Blue,1,Sion,Xin Zhao,Sylas,Kog'Maw,Master Yi,Nautilus,Fiddlesticks,Riven,Zoe,Lux,Zaahen,Hecarim,Orianna,Kai'Sa,Sona
4469,16.4,NA1_5498268391,0,,Red,0,Zaahen,Hecarim,Orianna,Kai'Sa,Sona,Lux,Kindred,Nasus,Shaco,Akali,Sion,Xin Zhao,Sylas,Kog'Maw,Master Yi
4470,16.4,NA1_5499759399,1,,Blue,1,Sejuani,Jarvan IV,Orianna,Smolder,Sona,,Ambessa,Varus,Rengar,Anivia,Renekton,Viego,Ahri,Senna,Elise
4471,16.4,NA1_5499759399,0,,Red,0,Renekton,Viego,Ahri,Senna,Elise,Mel,Neeko,Gwen,Ambessa,Pyke,Sejuani,Jarvan IV,Orianna,Smolder,Sona
4472,16.4,NA1_5499480795,0,,Blue,1,Ekko,Diana,Yasuo,Jinx,Fiddlesticks,Pyke,Lissandra,Ambessa,Nunu & Willump,Akali,Zoe,Jayce,Rumble,Ashe,Soraka
4473,16.4,NA1_5499480795,1,,Red,0,Zoe,Jayce,Rumble,Ashe,Soraka,Syndra,,Sona,Aurora,Naafiri,Ekko,Diana,Yasuo,Jinx,Fiddlesticks
4474,16.4,NA1_5499243843,0,,Blue,1,Ambessa,Viego,Twisted Fate,Senna,Renata Glasc,,Zed,Zaahen,Kled,Tristana,Malphite,Jayce,Ahri,Kai'Sa,Nautilus
4475,16.4,NA1_5499243843,1,,Red,0,Malphite,Jayce,Ahri,Kai'Sa,Nautilus,Thresh,Akali,Draven,Zed,Jax,Ambessa,Viego,Twisted Fate,Senna,Renata Glasc
4476,16.4,NA1_5501331567,1,,Blue,1,Illaoi,Zyra,Akshan,Ezreal,Braum,Kennen,Gwen,Yasuo,Pyke,Nami,Jayce,Nunu & Willump,Zed,Caitlyn,Neeko
4477,16.4,NA1_5501331567,0,,Red,0,Jayce,Nunu & Willump,Zed,Caitlyn,Neeko,Draven,Malphite,Mel,Akali,Ambessa,Illaoi,Zyra,Akshan,Ezreal,Braum
4478,16.4,NA1_5497548098,1,,Blue,1,Renekton,Talon,Cassiopeia,Swain,Nami,Sylas,Draven,Rengar,Qiyana,Aurora,Darius,Fiddlesticks,Naafiri,Lucian,Taric
4479,16.4,NA1_5497548098,0,,Red,0,Darius,Fiddlesticks,Naafiri,Lucian,Taric,Yone,Pyke,Galio,Yasuo,Jayce,Renekton,Talon,Cassiopeia,Swain,Nami
4480,16.4,NA1_5499624271,0,,Blue,1,Riven,Kha'Zix,Orianna,Taliyah,Pyke,Jayce,,Kennen,Yasuo,Rengar,Sion,Ambessa,LeBlanc,Ahri,Blitzcrank
4481,16.4,NA1_5499624271,1,,Red,0,Sion,Ambessa,LeBlanc,Ahri,Blitzcrank,Braum,Zoe,Bel'Veth,Akali,Fiora,Riven,Kha'Zix,Orianna,Taliyah,Pyke
4482,16.4,NA1_5497856282,0,,Blue,1,Camille,Darius,Naafiri,Lux,Bard,Shaco,Irelia,,Ambessa,Kassadin,Jayce,Nunu & Willump,Pantheon,Heimerdinger,Nautilus
4483,16.4,NA1_5497856282,1,,Red,0,Jayce,Nunu & Willump,Pantheon,Heimerdinger,Nautilus,Neeko,Bel'Veth,Hwei,Malphite,Ziggs,Camille,Darius,Naafiri,Lux,Bard
4484,16.3,NA1_5491931600,1,,Blue,1,Rumble,Rek'Sai,Viktor,Caitlyn,Anivia,Zaahen,Karma,Bel'Veth,Gwen,Qiyana,Ryze,Ambessa,Taliyah,Yunara,Thresh
4485,16.3,NA1_5491931600,0,,Red,0,Ryze,Ambessa,Taliyah,Yunara,Thresh,Bel'Veth,Azir,Corki,Zoe,Mel,Rumble,Rek'Sai,Viktor,Caitlyn,Anivia
4486,16.4,NA1_5500290240,0,,Blue,1,Aatrox,Lee Sin,Akali,Zeri,Janna,Blitzcrank,Pyke,Irelia,Bel'Veth,Jayce,Aurora,Graves,Morgana,Yasuo,Poppy
4487,16.4,NA1_5500290240,1,,Red,0,Aurora,Graves,Morgana,Yasuo,Poppy,Alistar,Riven,Naafiri,Pyke,Ambessa,Aatrox,Lee Sin,Akali,Zeri,Janna
4488,16.4,NA1_5501496874,0,,Blue,1,Urgot,Vayne,Anivia,Senna,Swain,Twisted Fate,Aurora,Jayce,Yunara,Ahri,Gnar,Ambessa,Sylas,Corki,Pyke
4489,16.4,NA1_5501496874,1,,Red,0,Gnar,Ambessa,Sylas,Corki,Pyke,Kha'Zix,,,Rengar,Nunu & Willump,Urgot,Vayne,Anivia,Senna,Swain
4490,16.4,NA1_5500284690,1,,Blue,1,Aatrox,Jax,Karma,Yunara,Pyke,,,Draven,Irelia,Gwen,K'Sante,Zaahen,Anivia,Ashe,Blitzcrank
4491,16.4,NA1_5500284690,0,,Red,0,K'Sante,Zaahen,Anivia,Ashe,Blitzcrank,Ahri,Draven,Lux,Vayne,Ambessa,Aatrox,Jax,Karma,Yunara,Pyke
4492,16.4,NA1_5497241129,1,,Blue,1,Teemo,Karthus,Akshan,Draven,Nidalee,Bard,Karma,Yasuo,Sivir,Viktor,Yone,Graves,Anivia,Ziggs,Mel
4493,16.4,NA1_5497241129,0,,Red,0,Yone,Graves,Anivia,Ziggs,Mel,Tristana,Jax,Gangplank,Syndra,Sona,Teemo,Karthus,Akshan,Draven,Nidalee
4494,16.3,NA1_5494346832,1,,Blue,1,Rumble,Viego,Jayce,Jinx,Neeko,Yasuo,Twitch,Gwen,Poppy,Sona,Irelia,Lee Sin,Akali,Caitlyn,Karma
4495,16.3,NA1_5494346832,0,,Red,0,Irelia,Lee Sin,Akali,Caitlyn,Karma,Pyke,,Kha'Zix,Zaahen,Rengar,Rumble,Viego,Jayce,Jinx,Neeko
4496,16.4,NA1_5501815519,1,,Blue,1,Renekton,Graves,Kassadin,Brand,Janna,Sivir,Sona,Zed,Jax,Shaco,Ornn,Ambessa,Yone,Ezreal,Bard
4497,16.4,NA1_5501815519,0,,Red,0,Ornn,Ambessa,Yone,Ezreal,Bard,Bel'Veth,Vladimir,Jax,Xin Zhao,Sona,Renekton,Graves,Kassadin,Brand,Janna
4498,16.4,NA1_5502567044,0,,Blue,1,Galio,Kindred,Malphite,Zeri,Lulu,Ambessa,Akali,Talon,Ekko,Akshan,Aurora,Vi,Sylas,Aphelios,Karma
4499,16.4,NA1_5502567044,1,,Red,0,Aurora,Vi,Sylas,Aphelios,Karma,Azir,Ambessa,Zoe,Qiyana,Sona,Galio,Kindred,Malphite,Zeri,Lulu
4500,16.3,NA1_5493854317,0,,Blue,1,Mordekaiser,Qiyana,Taliyah,Senna,Nami,Darius,Shaco,Master Yi,Ambessa,,Camille,Gwen,Zoe,Yunara,Nautilus
4501,16.3,NA1_5493854317,1,,Red,0,Camille,Gwen,Zoe,Yunara,Nautilus,Zed,Sona,Pyke,Dr. Mundo,Rengar,Mordekaiser,Qiyana,Taliyah,Senna,Nami
4502,16.4,NA1_5499644259,1,,Blue,1,Sett,Zac,Lissandra,Jhin,Bard,Sona,Braum,Riven,Galio,Kindred,Yasuo,Fiddlesticks,Yone,Smolder,Maokai
4503,16.4,NA1_5499644259,0,,Red,0,Yasuo,Fiddlesticks,Yone,Smolder,Maokai,Jax,Jayce,Twitch,Renekton,Akali,Sett,Zac,Lissandra,Jhin,Bard
4504,16.4,NA1_5499187887,0,,Blue,1,Jax,Zaahen,Lissandra,Smolder,Sona,Nautilus,Poppy,Ambessa,,Zed,Varus,Kha'Zix,Kassadin,Twitch,Rakan
4505,16.4,NA1_5499187887,1,,Red,0,Varus,Kha'Zix,Kassadin,Twitch,Rakan,Malphite,Seraphine,Yasuo,Rengar,Zed,Jax,Zaahen,Lissandra,Smolder,Sona
4506,16.4,NA1_5501597615,1,,Blue,1,Akali,Sylas,Talon,Yunara,Braum,Ambessa,Udyr,Zoe,Sona,,Yasuo,Morgana,Nasus,Kai'Sa,Nautilus
4507,16.4,NA1_5501597615,0,,Red,0,Yasuo,Morgana,Nasus,Kai'Sa,Nautilus,Jayce,Draven,Rengar,Ambessa,Gwen,Akali,Sylas,Talon,Yunara,Braum
4508,16.4,NA1_5499552390,0,,Blue,1,Jayce,Xin Zhao,Ahri,Brand,Bard,Sona,Seraphine,Lux,Anivia,Rumble,Wukong,Zaahen,Twisted Fate,Yunara,Milio
4509,16.4,NA1_5499552390,1,,Red,0,Wukong,Zaahen,Twisted Fate,Yunara,Milio,Varus,Anivia,Rumble,Zoe,Pyke,Jayce,Xin Zhao,Ahri,Brand,Bard
4510,16.4,NA1_5500667297,1,,Blue,1,Rek'Sai,Fizz,Azir,Jinx,Pyke,LeBlanc,Shaco,Graves,Tryndamere,,Rumble,Lee Sin,Nasus,Corki,Nami
4511,16.4,NA1_5500667297,0,,Red,0,Rumble,Lee Sin,Nasus,Corki,Nami,Riven,Ambessa,Zac,Naafiri,Graves,Rek'Sai,Fizz,Azir,Jinx,Pyke
4512,16.3,NA1_5492509929,0,,Blue,1,Rengar,Kayn,Qiyana,Zyra,Maokai,Darius,Anivia,Ambessa,Kha'Zix,LeBlanc,Garen,Zac,Malzahar,Yunara,Senna
4513,16.3,NA1_5492509929,1,,Red,0,Garen,Zac,Malzahar,Yunara,Senna,Anivia,Kindred,Olaf,Riven,Jarvan IV,Rengar,Kayn,Qiyana,Zyra,Maokai
4514,16.3,NA1_5495575281,1,,Blue,1,Sett,Jarvan IV,Azir,Yunara,Sona,Draven,Pyke,Riven,,Akali,Tryndamere,Brand,Sylas,Tristana,Rakan
4515,16.3,NA1_5495575281,0,,Red,0,Tryndamere,Brand,Sylas,Tristana,Rakan,Sivir,Ambessa,Gwen,Yasuo,Jax,Sett,Jarvan IV,Azir,Yunara,Sona
4516,16.4,NA1_5501837551,0,,Blue,1,Urgot,Ivern,Syndra,Xayah,Blitzcrank,Fiora,Braum,Ambessa,,Akali,Vayne,Wukong,LeBlanc,Aphelios,Lulu
4517,16.4,NA1_5501837551,1,,Red,0,Vayne,Wukong,LeBlanc,Aphelios,Lulu,Fiddlesticks,Rengar,Zed,Anivia,Kha'Zix,Urgot,Ivern,Syndra,Xayah,Blitzcrank
4518,16.4,NA1_5501991928,0,,Blue,1,Ambessa,Malphite,Yone,Mel,Sona,Nami,Master Yi,Renekton,Akali,Rengar,Viktor,Talon,Camille,Draven,Blitzcrank
4519,16.4,NA1_5501991928,1,,Red,0,Viktor,Talon,Camille,Draven,Blitzcrank,Yasuo,Pyke,Jax,Graves,Renekton,Ambessa,Malphite,Yone,Mel,Sona
4520,16.3,NA1_5494699903,0,,Blue,1,Nasus,Pantheon,Ryze,Corki,Lulu,Zoe,Draven,Ambessa,Pyke,Talon,Rumble,Zaahen,Cassiopeia,Senna,Mel
4521,16.3,NA1_5494699903,1,,Red,0,Rumble,Zaahen,Cassiopeia,Senna,Mel,Rengar,Braum,,Riven,Darius,Nasus,Pantheon,Ryze,Corki,Lulu
4522,16.4,NA1_5496834672,1,,Blue,1,Kayle,Skarner,Ahri,Jinx,Thresh,Bel'Veth,Lucian,Draven,Riven,,Fiora,Rek'Sai,Zoe,Aphelios,Lulu
4523,16.4,NA1_5496834672,0,,Red,0,Fiora,Rek'Sai,Zoe,Aphelios,Lulu,Draven,Graves,Bard,Jayce,Nunu & Willump,Kayle,Skarner,Ahri,Jinx,Thresh
4524,16.4,NA1_5501241908,0,,Blue,1,K'Sante,Udyr,Ahri,Yunara,Thresh,Draven,Ambessa,Malphite,Talon,Yasuo,Jax,Jarvan IV,Azir,Kog'Maw,Karma
4525,16.4,NA1_5501241908,1,,Red,0,Jax,Jarvan IV,Azir,Kog'Maw,Karma,Jayce,Fiddlesticks,Gwen,Ekko,Akshan,K'Sante,Udyr,Ahri,Yunara,Thresh
4526,16.4,NA1_5502414591,1,,Blue,1,Gnar,Naafiri,Syndra,Jhin,Sona,Shaco,Akali,Ambessa,Darius,Nautilus,Irelia,Nunu & Willump,Orianna,Jinx,Senna
4527,16.4,NA1_5502414591,0,,Red,0,Irelia,Nunu & Willump,Orianna,Jinx,Senna,Katarina,Zoe,Ambessa,Gwen,Jax,Gnar,Naafiri,Syndra,Jhin,Sona
4528,16.3,NA1_5495234388,0,,Blue,1,Rumble,Rengar,Ahri,Caitlyn,Thresh,Irelia,Pyke,Zoe,Diana,Riven,Sion,Ambessa,Ryze,Jinx,Lulu
4529,16.3,NA1_5495234388,1,,Red,0,Sion,Ambessa,Ryze,Jinx,Lulu,,Sona,Sett,Zed,Pyke,Rumble,Rengar,Ahri,Caitlyn,Thresh
4530,16.4,NA1_5499737037,1,,Blue,1,Ornn,Qiyana,Vex,Ashe,Neeko,Twitch,Riven,Sylas,Rengar,Zoe,Jax,Bel'Veth,Akali,Kai'Sa,Nautilus
4531,16.4,NA1_5499737037,0,,Red,0,Jax,Bel'Veth,Akali,Kai'Sa,Nautilus,Graves,Zaahen,Alistar,Mel,Zoe,Ornn,Qiyana,Vex,Ashe,Neeko
4532,16.4,NA1_5499500699,0,,Blue,1,Yone,Fizz,LeBlanc,Jinx,Poppy,Riven,Ambessa,Sona,Rengar,Jax,Irelia,Wukong,Ahri,Zeri,Janna
4533,16.4,NA1_5499500699,1,,Red,0,Irelia,Wukong,Ahri,Zeri,Janna,Ambessa,Lulu,Jax,Yasuo,Mel,Yone,Fizz,LeBlanc,Jinx,Poppy
4534,16.3,NA1_5491667758,0,,Blue,1,Ambessa,Warwick,Varus,Kai'Sa,Pyke,Draven,Shaco,Riven,Mel,Rumble,Renekton,Jayce,Neeko,Aphelios,Blitzcrank
4535,16.3,NA1_5491667758,1,,Red,0,Renekton,Jayce,Neeko,Aphelios,Blitzcrank,Draven,Kassadin,Kayn,Yone,Anivia,Ambessa,Warwick,Varus,Kai'Sa,Pyke
4536,16.3,NA1_5494914383,0,,Blue,1,Ambessa,Lee Sin,Hwei,Lucian,Nami,Draven,Pyke,Gwen,Zaahen,Renekton,Singed,Nidalee,Twitch,Aphelios,Sona
4537,16.3,NA1_5494914383,1,,Red,0,Singed,Nidalee,Twitch,Aphelios,Sona,Ashe,,Akali,Gangplank,Yuumi,Ambessa,Lee Sin,Hwei,Lucian,Nami
4538,16.4,NA1_5501396886,0,,Blue,1,Rumble,Ambessa,Ahri,Jhin,Swain,Rengar,,Poppy,,Azir,Gangplank,Lee Sin,Sylas,Caitlyn,Zoe
4539,16.4,NA1_5501396886,1,,Red,0,Gangplank,Lee Sin,Sylas,Caitlyn,Zoe,Sion,Nautilus,Bel'Veth,Jayce,Aurora,Rumble,Ambessa,Ahri,Jhin,Swain
4540,16.4,NA1_5499567088,1,,Blue,1,Aurora,Jayce,Ahri,Varus,Rakan,Bard,Gwen,Akali,Ambessa,Riven,Garen,Xin Zhao,Taliyah,Aphelios,Thresh
4541,16.4,NA1_5499567088,0,,Red,0,Garen,Xin Zhao,Taliyah,Aphelios,Thresh,Darius,Pyke,Karma,,,Aurora,Jayce,Ahri,Varus,Rakan
4542,16.4,NA1_5501478325,1,,Blue,1,Ambessa,Sylas,Akshan,Azir,Lee Sin,Lux,Bel'Veth,Jayce,Yasuo,Poppy,Gwen,Viego,Taliyah,Yunara,Rell
4543,16.4,NA1_5501478325,0,,Red,0,Gwen,Viego,Taliyah,Yunara,Rell,Riven,Pyke,Zed,Draven,Rengar,Ambessa,Sylas,Akshan,Azir,Lee Sin
4544,16.3,NA1_5491766621,1,,Blue,1,Aurelion Sol,Kha'Zix,Cassiopeia,Varus,Alistar,Zed,Aphelios,Lee Sin,Taliyah,Irelia,Anivia,Nidalee,Sylas,Corki,Nami
4545,16.3,NA1_5491766621,0,,Red,0,Anivia,Nidalee,Sylas,Corki,Nami,Jax,Katarina,Braum,Rengar,Ambessa,Aurelion Sol,Kha'Zix,Cassiopeia,Varus,Alistar
4546,16.4,NA1_5499550861,0,,Blue,1,Graves,Aatrox,Katarina,Smolder,LeBlanc,Draven,Qiyana,Alistar,Kha'Zix,Vladimir,Darius,Evelynn,Tristana,Ashe,Skarner
4547,16.4,NA1_5499550861,1,,Red,0,Darius,Evelynn,Tristana,Ashe,Skarner,Sona,Ambessa,,Jayce,Zac,Graves,Aatrox,Katarina,Smolder,LeBlanc
4548,16.4,NA1_5498505204,1,,Blue,1,Akali,Lee Sin,Orianna,Twitch,Rakan,Ambessa,Bel'Veth,Yasuo,Graves,Rengar,Zaahen,Brand,Pantheon,Lucian,Nami
4549,16.4,NA1_5498505204,0,,Red,0,Zaahen,Brand,Pantheon,Lucian,Nami,Darius,Akshan,Zoe,Sona,Ambessa,Akali,Lee Sin,Orianna,Twitch,Rakan
4550,16.4,NA1_5496305192,1,,Blue,1,Renekton,Ivern,Twisted Fate,Jinx,Tahm Kench,Aphelios,Qiyana,Seraphine,Singed,Kha'Zix,Sett,Sylas,Zed,Draven,Senna
4551,16.4,NA1_5496305192,0,,Red,0,Sett,Sylas,Zed,Draven,Senna,Riven,Ezreal,Aurora,,Braum,Renekton,Ivern,Twisted Fate,Jinx,Tahm Kench
4552,16.4,NA1_5497230258,1,,Blue,1,Zaahen,Vayne,Malzahar,Samira,Blitzcrank,Jayce,Twitch,Yasuo,Fiora,Braum,Gangplank,Hecarim,Smolder,Brand,Nami
4553,16.4,NA1_5497230258,0,,Red,0,Gangplank,Hecarim,Smolder,Brand,Nami,Nautilus,Sivir,Kindred,,Urgot,Zaahen,Vayne,Malzahar,Samira,Blitzcrank
4554,16.3,NA1_5494486917,0,,Blue,1,Rumble,Zed,Taliyah,Yunara,Lulu,Kha'Zix,Ziggs,Akali,Gwen,Riven,Aurora,Talon,Akshan,Corki,Rakan
4555,16.3,NA1_5494486917,1,,Red,0,Aurora,Talon,Akshan,Corki,Rakan,Sona,Ambessa,Viktor,Kha'Zix,Riven,Rumble,Zed,Taliyah,Yunara,Lulu
4556,16.3,NA1_5494935385,0,,Blue,1,Irelia,Graves,Kayle,Draven,Nautilus,Jayce,,Jax,Braum,,Urgot,Nidalee,Azir,Varus,Anivia
4557,16.3,NA1_5494935385,1,,Red,0,Urgot,Nidalee,Azir,Varus,Anivia,Twitch,Camille,Yasuo,Bard,Jayce,Irelia,Graves,Kayle,Draven,Nautilus
4558,16.4,NA1_5498484323,0,,Blue,1,Rumble,Kha'Zix,Ahri,Sivir,Nami,Lee Sin,Diana,Yasuo,Akshan,Master Yi,Garen,Lillia,Zac,Caitlyn,Senna
4559,16.4,NA1_5498484323,1,,Red,0,Garen,Lillia,Zac,Caitlyn,Senna,Smolder,Nasus,Zoe,Kindred,Draven,Rumble,Kha'Zix,Ahri,Sivir,Nami
4560,16.4,NA1_5499376733,1,,Blue,1,Camille,Kha'Zix,Vladimir,Seraphine,Neeko,Pyke,Aurora,Mel,Jax,Fiddlesticks,Fiora,Ambessa,Ahri,Ezreal,Senna
4561,16.4,NA1_5499376733,0,,Red,0,Fiora,Ambessa,Ahri,Ezreal,Senna,,Jax,,,Draven,Camille,Kha'Zix,Vladimir,Seraphine,Neeko
4562,16.4,NA1_5499186916,0,,Blue,1,Anivia,Kha'Zix,LeBlanc,Ashe,Milio,Gwen,Ambessa,Blitzcrank,Katarina,Fiora,Ahri,Graves,K'Sante,Jhin,Zyra
4563,16.4,NA1_5499186916,1,,Red,0,Ahri,Graves,K'Sante,Jhin,Zyra,Zed,Syndra,Akshan,Jayce,Jax,Anivia,Kha'Zix,LeBlanc,Ashe,Milio
4564,16.4,NA1_5502438950,0,,Blue,1,Azir,Elise,Cassiopeia,Corki,Senna,Draven,Ambessa,Akshan,Rengar,Jayce,Irelia,Graves,Sylas,Lucian,Nautilus
4565,16.4,NA1_5502438950,1,,Red,0,Irelia,Graves,Sylas,Lucian,Nautilus,Yasuo,Jayce,Zaahen,Jax,Zoe,Azir,Elise,Cassiopeia,Corki,Senna
4566,16.4,NA1_5501958964,1,,Blue,1,K'Sante,Rengar,Hwei,Corki,Bard,Aphelios,Ambessa,Zed,Yasuo,Riven,Anivia,Rumble,Syndra,Caitlyn,Nautilus
4567,16.4,NA1_5501958964,0,,Red,0,Anivia,Rumble,Syndra,Caitlyn,Nautilus,Ahri,Bel'Veth,Jayce,Riven,Sona,K'Sante,Rengar,Hwei,Corki,Bard
4568,16.4,NA1_5502583197,0,,Blue,1,Malzahar,Vayne,Nasus,Lucian,Nami,Kassadin,Karma,,Bard,Draven,Malphite,Graves,Vex,Smolder,Sona
4569,16.4,NA1_5502583197,1,,Red,0,Malphite,Graves,Vex,Smolder,Sona,Akshan,Lissandra,Fiora,Pyke,Mel,Malzahar,Vayne,Nasus,Lucian,Nami
4570,16.4,NA1_5501696806,1,,Blue,1,Aatrox,Udyr,Ryze,Varus,Karma,Jayce,Zoe,Nautilus,Sona,Rengar,Yone,Teemo,Anivia,Sivir,Pantheon
4571,16.4,NA1_5501696806,0,,Red,0,Yone,Teemo,Anivia,Sivir,Pantheon,Riven,Fiora,Ambessa,Ahri,Sona,Aatrox,Udyr,Ryze,Varus,Karma
4572,16.4,NA1_5501849778,1,,Blue,1,Aatrox,Ekko,Camille,Vayne,Blitzcrank,Malphite,Sona,Kha'Zix,Draven,Briar,Nasus,Viego,Aurora,Yunara,Milio
4573,16.4,NA1_5501849778,0,,Red,0,Nasus,Viego,Aurora,Yunara,Milio,Pyke,Riven,Jax,Anivia,Yasuo,Aatrox,Ekko,Camille,Vayne,Blitzcrank
4574,16.4,NA1_5500334527,0,,Blue,1,Jax,Viego,Ahri,Ezreal,Lux,Shaco,Mel,Karma,Fiddlesticks,Vladimir,Jayce,Kindred,Malzahar,Kog'Maw,Nami
4575,16.4,NA1_5500334527,1,,Red,0,Jayce,Kindred,Malzahar,Kog'Maw,Nami,Ekko,Blitzcrank,Rengar,LeBlanc,Malphite,Jax,Viego,Ahri,Ezreal,Lux
4576,16.3,NA1_5494312908,0,,Blue,1,Fiora,Zaahen,Aurora,Corki,Zyra,Gangplank,Poppy,Rengar,Seraphine,Jayce,Vayne,Bel'Veth,Ryze,Aphelios,Thresh
4577,16.3,NA1_5494312908,1,,Red,0,Vayne,Bel'Veth,Ryze,Aphelios,Thresh,Rengar,Jax,Mel,Rell,Fiddlesticks,Fiora,Zaahen,Aurora,Corki,Zyra
4578,16.4,NA1_5499492498,0,,Blue,1,Vladimir,Graves,Irelia,Seraphine,Neeko,Kennen,Bel'Veth,Mel,Pyke,Gwen,Jax,Cho'Gath,Aurora,Varus,Bard
4579,16.4,NA1_5499492498,1,,Red,0,Jax,Cho'Gath,Aurora,Varus,Bard,Jayce,Zed,Rengar,Ambessa,Riven,Vladimir,Graves,Irelia,Seraphine,Neeko
4580,16.3,NA1_5492546417,0,,Blue,1,Jax,Qiyana,Anivia,Aphelios,Alistar,Kha'Zix,Braum,Yasuo,Zyra,Jayce,Singed,Shaco,Vladimir,Caitlyn,Bard
4581,16.3,NA1_5492546417,1,,Red,0,Singed,Shaco,Vladimir,Caitlyn,Bard,Bel'Veth,Gwen,Nunu & Willump,Mel,Urgot,Jax,Qiyana,Anivia,Aphelios,Alistar
4582,16.4,NA1_5498663444,0,,Blue,1,Malphite,Jayce,Anivia,Twitch,Alistar,Aatrox,Yasuo,Braum,Pyke,,Vladimir,Rengar,Ekko,Samira,Nautilus
4583,16.4,NA1_5498663444,1,,Red,0,Vladimir,Rengar,Ekko,Samira,Nautilus,Aurora,Sylas,Varus,Ambessa,Poppy,Malphite,Jayce,Anivia,Twitch,Alistar
4584,16.4,NA1_5502164669,0,,Blue,1,Renekton,Kha'Zix,Ryze,Sivir,Yuumi,Ambessa,Sylas,Shaco,Sona,Nasus,Zac,Hecarim,Aurelion Sol,Jinx,Thresh
4585,16.4,NA1_5502164669,1,,Red,0,Zac,Hecarim,Aurelion Sol,Jinx,Thresh,Yasuo,Poppy,Ambessa,Gwen,Caitlyn,Renekton,Kha'Zix,Ryze,Sivir,Yuumi
4586,16.4,NA1_5500525786,1,,Blue,1,Yone,Ambessa,Ryze,Draven,Morgana,Mel,Jax,Kha'Zix,Elise,Akali,Jayce,Gwen,Zac,Varus,Tahm Kench
4587,16.4,NA1_5500525786,0,,Red,0,Jayce,Gwen,Zac,Varus,Tahm Kench,Qiyana,Hwei,Rengar,Neeko,Malphite,Yone,Ambessa,Ryze,Draven,Morgana
4588,16.4,NA1_5497969065,1,,Blue,1,Kennen,Xin Zhao,Mordekaiser,Caitlyn,Bard,Talon,Ryze,Anivia,Ambessa,Aurora,Vladimir,Kindred,Galio,Jinx,Nautilus
4589,16.4,NA1_5497969065,0,,Red,0,Vladimir,Kindred,Galio,Jinx,Nautilus,Kha'Zix,Sion,Akshan,Draven,Neeko,Kennen,Xin Zhao,Mordekaiser,Caitlyn,Bard
4590,16.4,NA1_5501460685,1,,Blue,1,Gwen,Graves,Aurelion Sol,Yunara,Poppy,Draven,Naafiri,Jarvan IV,Jayce,,Jax,Ambessa,Ryze,Kai'Sa,Nautilus
4591,16.4,NA1_5501460685,0,,Red,0,Jax,Ambessa,Ryze,Kai'Sa,Nautilus,Yasuo,Twitch,Fiora,Draven,Rengar,Gwen,Graves,Aurelion Sol,Yunara,Poppy
4592,16.4,NA1_5500997287,0,,Blue,1,Rumble,Jayce,Orianna,Jhin,Nautilus,,Lux,Kha'Zix,,Riven,Ryze,Graves,Akali,Corki,Jarvan IV
4593,16.4,NA1_5500997287,1,,Red,0,Ryze,Graves,Akali,Corki,Jarvan IV,Yasuo,Ambessa,,,Rengar,Rumble,Jayce,Orianna,Jhin,Nautilus
4594,16.3,NA1_5494758411,0,,Blue,1,Rumble,Lee Sin,Lux,Seraphine,Swain,Naafiri,Fiora,Sivir,Sylas,Yasuo,Ambessa,Karthus,Anivia,Senna,Amumu
4595,16.3,NA1_5494758411,1,,Red,0,Ambessa,Karthus,Anivia,Senna,Amumu,Karma,Kindred,Rengar,Syndra,Riven,Rumble,Lee Sin,Lux,Seraphine,Swain
4596,16.3,NA1_5492562008,0,,Blue,1,Ambessa,Rek'Sai,Hwei,Draven,Anivia,Yasuo,Malphite,Rengar,,Caitlyn,Renekton,Graves,Taliyah,Ashe,Thresh
4597,16.3,NA1_5492562008,1,,Red,0,Renekton,Graves,Taliyah,Ashe,Thresh,Pyke,Malphite,Nunu & Willump,Mel,Yasuo,Ambessa,Rek'Sai,Hwei,Draven,Anivia
4598,16.3,NA1_5491781458,1,,Blue,1,Ambessa,Bel'Veth,Xerath,Corki,Nami,Jayce,Braum,Karma,Katarina,Renekton,Garen,Lee Sin,Twisted Fate,Aphelios,Alistar
4599,16.3,NA1_5491781458,0,,Red,0,Garen,Lee Sin,Twisted Fate,Aphelios,Alistar,,Zed,Talon,Darius,Sona,Ambessa,Bel'Veth,Xerath,Corki,Nami
4600,16.4,NA1_5501762483,1,,Blue,1,Irelia,Jarvan IV,Orianna,Aurelion Sol,Seraphine,,Sivir,Riven,,,Akali,Jayce,Yone,Zeri,Nautilus
4601,16.4,NA1_5501762483,0,,Red,0,Akali,Jayce,Yone,Zeri,Nautilus,Camille,Jax,Pyke,Riven,Rengar,Irelia,Jarvan IV,Orianna,Aurelion Sol,Seraphine
4602,16.4,NA1_5501360963,0,,Blue,1,Smolder,Udyr,Xerath,Jhin,Braum,Ambessa,Kayle,Akali,Talon,Karma,Irelia,Kha'Zix,Orianna,Corki,Sona
4603,16.4,NA1_5501360963,1,,Red,0,Irelia,Kha'Zix,Orianna,Corki,Sona,Jax,Viktor,Blitzcrank,Lee Sin,Pyke,Smolder,Udyr,Xerath,Jhin,Braum
4604,16.4,NA1_5497606549,1,,Blue,1,Akali,Vi,Twisted Fate,Twitch,Jarvan IV,Ryze,Rengar,Yasuo,Draven,Riven,Rek'Sai,Nunu & Willump,Neeko,Aphelios,Thresh
4605,16.4,NA1_5497606549,0,,Red,0,Rek'Sai,Nunu & Willump,Neeko,Aphelios,Thresh,Syndra,Bel'Veth,Rengar,Yasuo,Ambessa,Akali,Vi,Twisted Fate,Twitch,Jarvan IV
4606,16.4,NA1_5501802337,0,,Blue,1,Camille,Fiddlesticks,Jayce,Yunara,Leona,Master Yi,Galio,Caitlyn,Jax,Rengar,Renekton,Sylas,Nasus,Jhin,Morgana
4607,16.4,NA1_5501802337,1,,Red,0,Renekton,Sylas,Nasus,Jhin,Morgana,Ambessa,Yasuo,Anivia,Sona,Rengar,Camille,Fiddlesticks,Jayce,Yunara,Leona
4608,16.4,NA1_5497540142,0,,Blue,1,Varus,Zed,Orianna,Lux,Neeko,Riven,Mel,Kha'Zix,Pyke,Ambessa,Malzahar,Aatrox,Nasus,Ezreal,Brand
4609,16.4,NA1_5497540142,1,,Red,0,Malzahar,Aatrox,Nasus,Ezreal,Brand,Draven,Olaf,Hecarim,Shaco,Sylas,Varus,Zed,Orianna,Lux,Neeko
4610,16.4,NA1_5499772047,0,,Blue,1,Sett,Master Yi,Neeko,Kai'Sa,Seraphine,,Ahri,Riven,Pyke,Qiyana,Jax,Skarner,Aurora,Jhin,Sona
4611,16.4,NA1_5499772047,1,,Red,0,Jax,Skarner,Aurora,Jhin,Sona,Yone,Gwen,Ivern,Ambessa,Pyke,Sett,Master Yi,Neeko,Kai'Sa,Seraphine
4612,16.4,NA1_5501127401,1,,Blue,1,Heimerdinger,Kha'Zix,Naafiri,Kai'Sa,Braum,Sona,Caitlyn,Swain,Mel,Irelia,Aurora,Ambessa,Akshan,Seraphine,Nami
4613,16.4,NA1_5501127401,0,,Red,0,Aurora,Ambessa,Akshan,Seraphine,Nami,Rengar,,Draven,Mel,Yasuo,Heimerdinger,Kha'Zix,Naafiri,Kai'Sa,Braum
4614,16.4,NA1_5498472457,0,,Blue,1,Jayce,Nunu & Willump,Azir,Sivir,Rell,Draven,Rengar,Riven,Yasuo,Pyke,Gnar,Ivern,Kassadin,Seraphine,Alistar
4615,16.4,NA1_5498472457,1,,Red,0,Gnar,Ivern,Kassadin,Seraphine,Alistar,Poppy,Gwen,Zac,Zoe,Zed,Jayce,Nunu & Willump,Azir,Sivir,Rell
4616,16.3,NA1_5494958904,1,,Blue,1,Yone,Kha'Zix,Ahri,Aphelios,Soraka,Malphite,Akali,Thresh,Riven,Twitch,Warwick,Hecarim,Cho'Gath,Yunara,Milio
4617,16.3,NA1_5494958904,0,,Red,0,Warwick,Hecarim,Cho'Gath,Yunara,Milio,Fiddlesticks,,Blitzcrank,Jax,Aatrox,Yone,Kha'Zix,Ahri,Aphelios,Soraka
4618,16.4,NA1_5501605752,0,,Blue,1,Camille,Viego,Twisted Fate,Aphelios,Sona,Jayce,Rengar,Yasuo,Rell,Braum,Jax,Graves,Sylas,Jinx,Lulu
4619,16.4,NA1_5501605752,1,,Red,0,Jax,Graves,Sylas,Jinx,Lulu,Jayce,,Kha'Zix,Ambessa,,Camille,Viego,Twisted Fate,Aphelios,Sona
4620,16.3,NA1_5494508514,1,,Blue,1,Teemo,Zed,Ryze,Kai'Sa,Nautilus,Rengar,Kha'Zix,Riven,Sona,Poppy,Sion,Talon,Orianna,Yunara,Pyke
4621,16.3,NA1_5494508514,0,,Red,0,Sion,Talon,Orianna,Yunara,Pyke,Poppy,Gwen,Riven,Ambessa,Akshan,Teemo,Zed,Ryze,Kai'Sa,Nautilus
4622,16.3,NA1_5492951510,0,,Blue,1,Kayle,Jayce,Ryze,Zeri,Leona,Azir,Nunu & Willump,Gwen,Lux,Zed,Camille,Skarner,Orianna,Lucian,Nami
4623,16.3,NA1_5492951510,1,,Red,0,Camille,Skarner,Orianna,Lucian,Nami,Neeko,,Riven,Ambessa,Fiddlesticks,Kayle,Jayce,Ryze,Zeri,Leona
4624,16.4,NA1_5499847463,1,,Blue,1,Vladimir,Ambessa,Sion,Aphelios,Yuumi,Nasus,Gwen,Sona,Riven,Poppy,Cho'Gath,Udyr,Ahri,Kalista,Blitzcrank
4625,16.4,NA1_5499847463,0,,Red,0,Cho'Gath,Udyr,Ahri,Kalista,Blitzcrank,Jayce,Kha'Zix,Akali,Zac,Aatrox,Vladimir,Ambessa,Sion,Aphelios,Yuumi
4626,16.3,NA1_5493777217,1,,Blue,1,Sejuani,Qiyana,Viego,Ziggs,Rell,Jayce,Anivia,Kennen,Yasuo,Gwen,Volibear,Kindred,Morgana,Twitch,Bard
4627,16.3,NA1_5493777217,0,,Red,0,Volibear,Kindred,Morgana,Twitch,Bard,Shaco,Ezreal,Ivern,Yasuo,Jax,Sejuani,Qiyana,Viego,Ziggs,Rell
4628,16.4,NA1_5501203381,0,,Blue,1,Riven,Dr. Mundo,Anivia,Aurelion Sol,Seraphine,Draven,Pyke,Shaco,,Aurora,Pantheon,Fizz,Qiyana,Aphelios,Blitzcrank
4629,16.4,NA1_5501203381,1,,Red,0,Pantheon,Fizz,Qiyana,Aphelios,Blitzcrank,Pyke,Vladimir,Shaco,Yasuo,Ambessa,Riven,Dr. Mundo,Anivia,Aurelion Sol,Seraphine
4630,16.4,NA1_5499955260,0,,Blue,1,Zaahen,Ambessa,Kassadin,Mel,Janna,Xerath,Akshan,Rengar,Rumble,Akali,Malphite,Taric,Syndra,Caitlyn,Lux
4631,16.4,NA1_5499955260,1,,Red,0,Malphite,Taric,Syndra,Caitlyn,Lux,Rek'Sai,Tristana,Pyke,Bel'Veth,Rumble,Zaahen,Ambessa,Kassadin,Mel,Janna
4632,16.4,NA1_5502358359,0,,Blue,1,Fiora,Wukong,Orianna,Caitlyn,Thresh,Gwen,Zoe,Bel'Veth,Bard,Akali,Tryndamere,Ambessa,Taliyah,Varus,Karma
4633,16.4,NA1_5502358359,1,,Red,0,Tryndamere,Ambessa,Taliyah,Varus,Karma,Kha'Zix,Braum,Graves,Zed,Master Yi,Fiora,Wukong,Orianna,Caitlyn,Thresh
4634,16.4,NA1_5498365257,0,,Blue,1,Zaahen,Graves,Volibear,Ezreal,Elise,Draven,Riven,Jax,Braum,Bel'Veth,Yone,Ekko,Zoe,Aphelios,Thresh
4635,16.4,NA1_5498365257,1,,Red,0,Yone,Ekko,Zoe,Aphelios,Thresh,Kha'Zix,Jax,Shaco,Pyke,Akali,Zaahen,Graves,Volibear,Ezreal,Elise
4636,16.4,NA1_5499586443,1,,Blue,1,Graves,Jarvan IV,Aurelion Sol,Aphelios,Lee Sin,Poppy,Ezreal,Nunu & Willump,Rengar,Anivia,Renekton,Aatrox,Orianna,Yunara,Lulu
4637,16.4,NA1_5499586443,0,,Red,0,Renekton,Aatrox,Orianna,Yunara,Lulu,Rengar,Ambessa,Jax,Yasuo,,Graves,Jarvan IV,Aurelion Sol,Aphelios,Lee Sin
4638,16.4,NA1_5500725429,0,,Blue,1,Gragas,Nocturne,Sona,Aphelios,Thresh,Gangplank,Zoe,Neeko,Riven,Ambessa,Vladimir,Dr. Mundo,Morgana,Akshan,Nami
4639,16.4,NA1_5500725429,1,,Red,0,Vladimir,Dr. Mundo,Morgana,Akshan,Nami,Naafiri,Pyke,Shaco,Mel,Nasus,Gragas,Nocturne,Sona,Aphelios,Thresh
4640,16.4,NA1_5499222409,0,,Blue,1,Zaahen,Rek'Sai,Azir,Brand,Nami,Graves,Blitzcrank,Rengar,Zed,Pyke,Teemo,Volibear,Jayce,Ezreal,Bard
4641,16.4,NA1_5499222409,1,,Red,0,Teemo,Volibear,Jayce,Ezreal,Bard,Zed,Riven,Jax,Vladimir,Graves,Zaahen,Rek'Sai,Azir,Brand,Nami
4642,16.3,NA1_5492552226,0,,Blue,1,Darius,Rengar,Twisted Fate,Hwei,Soraka,Riven,Pyke,Kassadin,Kindred,Sona,Azir,Jarvan IV,Karma,Jhin,Nautilus
4643,16.3,NA1_5492552226,1,,Red,0,Azir,Jarvan IV,Karma,Jhin,Nautilus,Nunu & Willump,Gwen,Braum,Zaahen,Kha'Zix,Darius,Rengar,Twisted Fate,Hwei,Soraka
4644,16.3,NA1_5494502748,0,,Blue,1,Singed,Ambessa,Neeko,Senna,Alistar,LeBlanc,Master Yi,Kayle,Sylas,Rengar,Yone,Nunu & Willump,Galio,Lux,Soraka
4645,16.3,NA1_5494502748,1,,Red,0,Yone,Nunu & Willump,Galio,Lux,Soraka,Bel'Veth,Zoe,Twitch,Fiora,Pyke,Singed,Ambessa,Neeko,Senna,Alistar
4646,16.4,NA1_5500588677,1,,Blue,1,Aatrox,Bel'Veth,Swain,Xerath,Pyke,Sona,Kai'Sa,Vladimir,Zed,Kassadin,Tryndamere,Talon,Aurelion Sol,Varus,Leona
4647,16.4,NA1_5500588677,0,,Red,0,Tryndamere,Talon,Aurelion Sol,Varus,Leona,LeBlanc,Draven,Ambessa,Renekton,Graves,Aatrox,Bel'Veth,Swain,Xerath,Pyke
4648,16.3,NA1_5492464683,0,,Blue,1,Gnar,Zaahen,Zoe,Aphelios,Pyke,Irelia,Varus,Fiddlesticks,Syndra,Kha'Zix,Yorick,Rek'Sai,Lissandra,Senna,Soraka
4649,16.3,NA1_5492464683,1,,Red,0,Yorick,Rek'Sai,Lissandra,Senna,Soraka,Ambessa,Fiora,Kindred,Akali,Gwen,Gnar,Zaahen,Zoe,Aphelios,Pyke
4650,16.4,NA1_5499533060,1,,Blue,1,Aatrox,Zaahen,Sion,Hwei,Senna,Rengar,Bel'Veth,Rumble,Riven,Anivia,K'Sante,Xin Zhao,Yasuo,Mel,Zilean
4651,16.4,NA1_5499533060,0,,Red,0,K'Sante,Xin Zhao,Yasuo,Mel,Zilean,Pyke,Akali,Syndra,Vladimir,Ambessa,Aatrox,Zaahen,Sion,Hwei,Senna
4652,16.4,NA1_5498051731,0,,Blue,1,Pantheon,Vayne,Akali,Aphelios,Sona,Nasus,Azir,Pyke,Gragas,,Malphite,Jarvan IV,Syndra,Xin Zhao,Yuumi
4653,16.4,NA1_5498051731,1,,Red,0,Malphite,Jarvan IV,Syndra,Xin Zhao,Yuumi,Ambessa,Pyke,Nautilus,Bel'Veth,Jax,Pantheon,Vayne,Akali,Aphelios,Sona
4654,16.4,NA1_5501328045,0,,Blue,1,Volibear,Ambessa,Taliyah,Varus,Braum,Milio,,Jax,Fiddlesticks,Rengar,Camille,Shen,Tristana,Ziggs,Rumble
4655,16.4,NA1_5501328045,1,,Red,0,Camille,Shen,Tristana,Ziggs,Rumble,Sona,Rengar,Zac,Kindred,,Volibear,Ambessa,Taliyah,Varus,Braum
4656,16.4,NA1_5498114733,0,,Blue,1,Ornn,Lillia,Naafiri,Tristana,Yuumi,Kindred,Alistar,,Shen,LeBlanc,Dr. Mundo,Qiyana,Yasuo,Lux,Zoe
4657,16.4,NA1_5498114733,1,,Red,0,Dr. Mundo,Qiyana,Yasuo,Lux,Zoe,,Sivir,Camille,Morgana,Rengar,Ornn,Lillia,Naafiri,Tristana,Yuumi
4658,16.4,NA1_5498534312,0,,Blue,1,Rumble,Graves,Twisted Fate,Tristana,Milio,Riven,Draven,Fiora,Nunu & Willump,Rengar,Sion,Jayce,Mel,Twitch,Braum
4659,16.4,NA1_5498534312,1,,Red,0,Sion,Jayce,Mel,Twitch,Braum,,Bel'Veth,Riven,Yasuo,Ambessa,Rumble,Graves,Twisted Fate,Tristana,Milio
4660,16.4,NA1_5497905422,1,,Blue,1,Sion,Graves,Zac,Samira,Senna,Nautilus,Gwen,,Syndra,Draven,Shen,Elise,Ahri,Xayah,Taric
4661,16.4,NA1_5497905422,0,,Red,0,Shen,Elise,Ahri,Xayah,Taric,Zed,Riven,Varus,Karthus,Bard,Sion,Graves,Zac,Samira,Senna
4662,16.4,NA1_5498094480,1,,Blue,1,Kled,Vayne,Zed,Veigar,Poppy,,Fiora,Kindred,,Jayce,Camille,Graves,Katarina,Nilah,Yuumi
4663,16.4,NA1_5498094480,0,,Red,0,Camille,Graves,Katarina,Nilah,Yuumi,Rengar,Pyke,Jax,Galio,Kindred,Kled,Vayne,Zed,Veigar,Poppy
4664,16.4,NA1_5496115083,1,,Blue,1,Gnar,Jayce,Akali,Brand,Rell,Zed,Caitlyn,Nunu & Willump,,Sona,Zaahen,Diana,Akshan,Kai'Sa,Alistar
4665,16.4,NA1_5496115083,0,,Red,0,Zaahen,Diana,Akshan,Kai'Sa,Alistar,Draven,Fiora,Yasuo,Udyr,Mel,Gnar,Jayce,Akali,Brand,Rell
4666,16.4,NA1_5499320923,1,,Blue,1,Ambessa,Shaco,Orianna,Kai'Sa,Lulu,,Jayce,Pyke,Talon,Renekton,Singed,Rengar,Yone,Veigar,Nautilus
4667,16.4,NA1_5499320923,0,,Red,0,Singed,Rengar,Yone,Veigar,Nautilus,Zac,Kha'Zix,Yasuo,Nunu & Willump,Fiora,Ambessa,Shaco,Orianna,Kai'Sa,Lulu
4668,16.3,NA1_5494274500,0,,Blue,1,Ambessa,Graves,Taliyah,Vel'Koz,Anivia,Nautilus,Akshan,Malphite,Mel,Fiora,Ahri,Bel'Veth,Yasuo,Senna,Braum
4669,16.3,NA1_5494274500,1,,Red,0,Ahri,Bel'Veth,Yasuo,Senna,Braum,Jax,Akali,Jayce,Sona,Riven,Ambessa,Graves,Taliyah,Vel'Koz,Anivia
4670,16.4,NA1_5502456556,1,,Blue,1,Gnar,Zaahen,Aurelion Sol,Corki,Braum,Dr. Mundo,Zac,Blitzcrank,Zed,Poppy,Yasuo,Hecarim,Nasus,Lucian,Nami
4671,16.4,NA1_5502456556,0,,Red,0,Yasuo,Hecarim,Nasus,Lucian,Nami,Anivia,Aphelios,Talon,Blitzcrank,Ambessa,Gnar,Zaahen,Aurelion Sol,Corki,Braum
4672,16.3,NA1_5495317132,0,,Blue,1,Rek'Sai,Talon,LeBlanc,Jhin,Zilean,Vex,Riven,Gwen,Fiora,Rengar,Zaahen,Xin Zhao,Ekko,Mel,Pantheon
4673,16.3,NA1_5495317132,1,,Red,0,Zaahen,Xin Zhao,Ekko,Mel,Pantheon,Lux,Vayne,Riven,Ambessa,Rengar,Rek'Sai,Talon,LeBlanc,Jhin,Zilean
4674,16.3,NA1_5494360453,0,,Blue,1,Aatrox,Brand,Zed,Varus,Karma,Lux,Nautilus,Qiyana,Ambessa,Irelia,Yasuo,Rammus,Ahri,Yunara,Leona
4675,16.3,NA1_5494360453,1,,Red,0,Yasuo,Rammus,Ahri,Yunara,Leona,Jayce,Akali,Poppy,,Riven,Aatrox,Brand,Zed,Varus,Karma
4676,16.4,NA1_5501830965,0,,Blue,1,Aatrox,Volibear,Katarina,Caitlyn,Thresh,Zed,Kennen,Vladimir,Mel,Ambessa,Camille,Brand,Qiyana,Yunara,Bard
4677,16.4,NA1_5501830965,1,,Red,0,Camille,Brand,Qiyana,Yunara,Bard,Lucian,Mel,Malphite,Master Yi,Kha'Zix,Aatrox,Volibear,Katarina,Caitlyn,Thresh
4678,16.4,NA1_5502175914,1,,Blue,1,Aurora,Ambessa,Yasuo,Smolder,Rakan,Orianna,Nunu & Willump,Kindred,Draven,,Jayce,Master Yi,Swain,Seraphine,Sona
4679,16.4,NA1_5502175914,0,,Red,0,Jayce,Master Yi,Swain,Seraphine,Sona,Mel,Riven,Pyke,Gwen,Sylas,Aurora,Ambessa,Yasuo,Smolder,Rakan
4680,16.4,NA1_5501341507,0,,Blue,1,Ornn,Udyr,Zed,Aphelios,Seraphine,Ambessa,Sona,Akali,Mel,Fiora,Rumble,Trundle,Irelia,Hwei,Karma
4681,16.4,NA1_5501341507,1,,Red,0,Rumble,Trundle,Irelia,Hwei,Karma,Graves,Zilean,Ambessa,Kled,Sivir,Ornn,Udyr,Zed,Aphelios,Seraphine
4682,16.3,NA1_5495430740,1,,Blue,1,Ambessa,Briar,Ryze,Yunara,Karma,Varus,Pyke,Gwen,Rengar,,Camille,Kha'Zix,Fiddlesticks,Lucian,Milio
4683,16.3,NA1_5495430740,0,,Red,0,Camille,Kha'Zix,Fiddlesticks,Lucian,Milio,Aphelios,Galio,Pyke,Urgot,Zed,Ambessa,Briar,Ryze,Yunara,Karma
4684,16.4,NA1_5496965506,1,,Blue,1,Malphite,Shaco,Lissandra,Sivir,Thresh,Syndra,Hecarim,Ambessa,Nami,Gwen,Sylas,Lee Sin,Tryndamere,Mel,Sona
4685,16.4,NA1_5496965506,0,,Red,0,Sylas,Lee Sin,Tryndamere,Mel,Sona,Ambessa,Fiddlesticks,Gwen,LeBlanc,Talon,Malphite,Shaco,Lissandra,Sivir,Thresh
4686,16.4,NA1_5501817112,0,,Blue,1,Tryndamere,Pantheon,Aurelion Sol,Varus,Alistar,Karthus,Yasuo,Kennen,Fiddlesticks,Jax,Urgot,Vi,Ahri,Caitlyn,Nautilus
4687,16.4,NA1_5501817112,1,,Red,0,Urgot,Vi,Ahri,Caitlyn,Nautilus,Braum,Fiora,Nami,Rengar,Yasuo,Tryndamere,Pantheon,Aurelion Sol,Varus,Alistar
4688,16.3,NA1_5492265520,1,,Blue,1,Ambessa,Rengar,Taliyah,Ashe,Braum,Zoe,Mel,Sona,Poppy,Riven,Camille,Naafiri,Xerath,Miss Fortune,Nautilus
4689,16.3,NA1_5492265520,0,,Red,0,Camille,Naafiri,Xerath,Miss Fortune,Nautilus,Bel'Veth,Jax,Nunu & Willump,Mel,Zoe,Ambessa,Rengar,Taliyah,Ashe,Braum
4690,16.4,NA1_5496255490,1,,Blue,1,Singed,Darius,Sion,Senna,Seraphine,Gwen,Bard,Shaco,Kayle,,Yone,Rengar,Yasuo,Zeri,LeBlanc
4691,16.4,NA1_5496255490,0,,Red,0,Yone,Rengar,Yasuo,Zeri,LeBlanc,Nasus,Corki,Malphite,Naafiri,Ambessa,Singed,Darius,Sion,Senna,Seraphine
4692,16.3,NA1_5494109131,0,,Blue,1,Urgot,Nidalee,Syndra,Miss Fortune,Rell,Fiora,Rengar,Yasuo,Gwen,Zed,Cho'Gath,Graves,Aurora,Tristana,Senna
4693,16.3,NA1_5494109131,1,,Red,0,Cho'Gath,Graves,Aurora,Tristana,Senna,Akshan,Aatrox,Jayce,Rengar,Pyke,Urgot,Nidalee,Syndra,Miss Fortune,Rell
4694,16.4,NA1_5501013342,1,,Blue,1,Nasus,Graves,Galio,Ashe,Karma,Ambessa,Twitch,Soraka,Katarina,Udyr,Wukong,Zyra,Taliyah,Ezreal,Neeko
4695,16.4,NA1_5501013342,0,,Red,0,Wukong,Zyra,Taliyah,Ezreal,Neeko,Alistar,Zed,Draven,Jax,Zaahen,Nasus,Graves,Galio,Ashe,Karma
4696,16.4,NA1_5496016499,1,,Blue,1,Teemo,Kindred,Taliyah,Seraphine,Mel,Jayce,Katarina,Yasuo,Sion,Sivir,Ryze,Ambessa,Kassadin,Corki,Neeko
4697,16.4,NA1_5496016499,0,,Red,0,Ryze,Ambessa,Kassadin,Corki,Neeko,Gwen,Riven,Pyke,Lux,Jayce,Teemo,Kindred,Taliyah,Seraphine,Mel
4698,16.4,NA1_5501719501,0,,Blue,1,Gangplank,Kindred,Taliyah,Zilean,Anivia,Ambessa,Master Yi,Fiora,Ezreal,Zed,Camille,Graves,Nasus,Yasuo,Senna
4699,16.4,NA1_5501719501,1,,Red,0,Camille,Graves,Nasus,Yasuo,Senna,Jax,Ambessa,Akali,Rengar,Talon,Gangplank,Kindred,Taliyah,Zilean,Anivia
4700,16.4,NA1_5499112292,1,,Blue,1,Nasus,Evelynn,Yasuo,Ezreal,Karma,Akali,Zilean,Zoe,Aatrox,Sona,Jax,Zed,Yone,Yunara,Lulu
4701,16.4,NA1_5499112292,0,,Red,0,Jax,Zed,Yone,Yunara,Lulu,Ambessa,Draven,Akali,Renekton,Malphite,Nasus,Evelynn,Yasuo,Ezreal,Karma
4702,16.4,NA1_5500265740,1,,Blue,1,Graves,Vayne,LeBlanc,Twitch,Rell,Jax,,Poppy,Kha'Zix,Nunu & Willump,Jayce,Jarvan IV,Ekko,Yasuo,Maokai
4703,16.4,NA1_5500265740,0,,Red,0,Jayce,Jarvan IV,Ekko,Yasuo,Maokai,,Rengar,Akali,Riven,,Graves,Vayne,LeBlanc,Twitch,Rell
4704,16.4,NA1_5500889748,0,,Blue,1,Jax,Zed,Fizz,Lux,Sona,Twitch,Riven,LeBlanc,Bel'Veth,Ambessa,Urgot,Jayce,Katarina,Sivir,Zilean
4705,16.4,NA1_5500889748,1,,Red,0,Urgot,Jayce,Katarina,Sivir,Zilean,Pyke,Zac,Rengar,Vladimir,Kennen,Jax,Zed,Fizz,Lux,Sona
4706,16.4,NA1_5500976015,0,,Blue,1,Jayce,Zyra,Ambessa,Yunara,Karma,Draven,Zed,Riven,Gwen,Zoe,Aatrox,Rek'Sai,Syndra,Varus,Pyke
4707,16.4,NA1_5500976015,1,,Red,0,Aatrox,Rek'Sai,Syndra,Varus,Pyke,Ezreal,Yasuo,Akshan,Master Yi,Jax,Jayce,Zyra,Ambessa,Yunara,Karma
4708,16.4,NA1_5501753473,0,,Blue,1,Irelia,Gwen,Tristana,Aurelion Sol,Alistar,Draven,Ambessa,Tryndamere,Neeko,Akali,Aurora,Jayce,Twisted Fate,Sivir,Rakan
4709,16.4,NA1_5501753473,1,,Red,0,Aurora,Jayce,Twisted Fate,Sivir,Rakan,Talon,Kha'Zix,Blitzcrank,Master Yi,Akshan,Irelia,Gwen,Tristana,Aurelion Sol,Alistar
4710,16.3,NA1_5495206728,0,,Blue,1,Yasuo,Graves,Hwei,Senna,Lee Sin,,Kindred,Draven,Poppy,Akshan,Urgot,Ambessa,Nasus,Mel,Leona
4711,16.3,NA1_5495206728,1,,Red,0,Urgot,Ambessa,Nasus,Mel,Leona,Talon,Fiora,Neeko,Rengar,Sivir,Yasuo,Graves,Hwei,Senna,Lee Sin
4712,16.3,NA1_5491815230,0,,Blue,1,Renekton,Aatrox,Viktor,Sivir,Lulu,Darius,Bard,Pyke,Kha'Zix,,Corki,Ambessa,Galio,Swain,Sona
4713,16.3,NA1_5491815230,1,,Red,0,Corki,Ambessa,Galio,Swain,Sona,Neeko,Jayce,Zaahen,Zoe,Rengar,Renekton,Aatrox,Viktor,Sivir,Lulu
4714,16.4,NA1_5496822062,0,,Blue,1,Fiora,Nocturne,Ahri,Lux,Karma,Twitch,Vayne,Pyke,Talon,Katarina,Rumble,Zaahen,Azir,Sivir,Nami
4715,16.4,NA1_5496822062,1,,Red,0,Rumble,Zaahen,Azir,Sivir,Nami,Zac,Pyke,Darius,Draven,Riven,Fiora,Nocturne,Ahri,Lux,Karma
4716,16.4,NA1_5495980562,1,,Blue,1,Zaahen,Kindred,Galio,Swain,Alistar,Vladimir,Riven,Kha'Zix,Gangplank,Sylas,Aatrox,Zac,Viktor,Seraphine,Rell
4717,16.4,NA1_5495980562,0,,Red,0,Aatrox,Zac,Viktor,Seraphine,Rell,Akali,Jax,Yasuo,Sivir,Jayce,Zaahen,Kindred,Galio,Swain,Alistar
4718,16.3,NA1_5491916820,1,,Blue,1,Rengar,Jarvan IV,Twisted Fate,Mel,Sona,Pyke,Talon,Nautilus,Darius,Ambessa,Shen,Udyr,Karma,Draven,Thresh
4719,16.3,NA1_5491916820,0,,Red,0,Shen,Udyr,Karma,Draven,Thresh,Caitlyn,Ivern,Riven,Katarina,Zoe,Rengar,Jarvan IV,Twisted Fate,Mel,Sona
4720,16.3,NA1_5491809641,0,,Blue,1,Singed,Xin Zhao,Lux,Ziggs,Alistar,Miss Fortune,Twisted Fate,Sylas,Graves,Urgot,Fiora,Dr. Mundo,Azir,Jhin,Neeko
4721,16.3,NA1_5491809641,1,,Red,0,Fiora,Dr. Mundo,Azir,Jhin,Neeko,,Pyke,Jax,Tristana,Akali,Singed,Xin Zhao,Lux,Ziggs,Alistar
4722,16.4,NA1_5497200786,1,,Blue,1,Jax,Ekko,Zed,Caitlyn,Nasus,Soraka,Draven,Anivia,Pyke,Kindred,Malphite,Vayne,Annie,Yunara,Nautilus
4723,16.4,NA1_5497200786,0,,Red,0,Malphite,Vayne,Annie,Yunara,Nautilus,Ambessa,Jayce,Twitch,Graves,Akali,Jax,Ekko,Zed,Caitlyn,Nasus
